[1,0]<stdout>:# nccl-tests version 2.19.7 nccl-headers=23007 nccl-library=23007
[1,0]<stdout>:# Collective test starting: all_reduce_perf
[1,0]<stdout>:# nThread 1 nGpus 1 minBytes 8 maxBytes 268435456 step: 2(factor) warmup iters: 1 iters: 20 agg iters: 1 validation: 1 graph: 0 unalign: 0
[1,0]<stdout>:#
[1,0]<stdout>:# Using devices
[1,0]<stdout>:#  Rank  0 Group  0 Pid  57771 on appmana-023 device  0 [0000:01:00] NVIDIA GeForce RTX 3090
[1,0]<stdout>:#  Rank  1 Group  0 Pid  60403 on appmana-025 device  0 [0000:01:00] NVIDIA GeForce RTX 3090
[1,0]<stdout>:appmana-023:57771:57771 [0] NCCL INFO ncclOsDlopen(libnccl-env.so) failed: libnccl-env.so: cannot open shared object file: No such file or directory
[1,0]<stdout>:appmana-023:57771:57771 [0] NCCL INFO ENV/Plugin: Could not find: libnccl-env.so
[1,0]<stdout>:appmana-023:57771:57771 [0] NCCL INFO NCCL_SOCKET_IFNAME set by environment to enp110s0
[1,0]<stdout>:appmana-023:57771:57771 [0] NCCL INFO NCCL_SOCKET_IFNAME set to enp110s0
[1,0]<stdout>:appmana-023:57771:57820 [0] NCCL INFO Socket handshake magic 0x564ab9f2fc4b9d6c (built-in default)
[1,0]<stdout>:appmana-023:57771:57771 [0] NCCL INFO cudaDriverVersion 13030
[1,0]<stdout>:appmana-023:57771:57771 [0] NCCL INFO NCCL version 2.30.7+cuda13.1
[1,0]<stdout>:appmana-023:57771:57771 [0] NCCL INFO NCCL git version appmana/rdma-routing nccl4py-v0.2.0-562-g25f37fd-dirty
[1,1]<stdout>:appmana-025:60403:60403 [0] NCCL INFO ncclOsDlopen(libnccl-env.so) failed: libnccl-env.so: cannot open shared object file: No such file or directory
[1,1]<stdout>:appmana-025:60403:60403 [0] NCCL INFO ENV/Plugin: Could not find: libnccl-env.so
[1,1]<stdout>:appmana-025:60403:60403 [0] NCCL INFO cudaDriverVersion 13030
[1,1]<stdout>:appmana-025:60403:60403 [0] NCCL INFO NCCL_SOCKET_IFNAME set by environment to enp110s0
[1,1]<stdout>:appmana-025:60403:60403 [0] NCCL INFO NCCL_SOCKET_IFNAME set to enp110s0
[1,1]<stdout>:appmana-025:60403:60403 [0] NCCL INFO NCCL version 2.30.7+cuda13.1
[1,1]<stdout>:appmana-025:60403:60403 [0] NCCL INFO NCCL git version appmana/rdma-routing nccl4py-v0.2.0-562-g25f37fd-dirty
[1,0]<stdout>:appmana-023:57771:57771 [0] NCCL INFO Comm config nvlinkCentricSched set to 1
[1,1]<stdout>:appmana-025:60403:60403 [0] NCCL INFO Comm config nvlinkCentricSched set to 1
[1,1]<stdout>:appmana-025:60403:60403 [0] NCCL INFO ncclOsDlopen(libnccl-net.so) failed: libnccl-net.so: cannot open shared object file: No such file or directory
[1,1]<stdout>:appmana-025:60403:60403 [0] NCCL INFO NET/Plugin: Could not find: libnccl-net.so
[1,1]<stdout>:appmana-025:60403:60403 [0] NCCL INFO NCCL_IB_DISABLE set by environment to 0.
[1,1]<stdout>:appmana-025:60403:60403 [0] NCCL INFO dlvsym failed on mlx5dv_get_data_direct_sysfs_path - /lib/x86_64-linux-gnu/libmlx5.so: undefined symbol: mlx5dv_get_data_direct_sysfs_path, version MLX5_1.25 version MLX5_1.25
[1,1]<stdout>:appmana-025:60403:60403 [0] NCCL INFO dlvsym failed on mlx5dv_reg_dmabuf_mr - /lib/x86_64-linux-gnu/libmlx5.so: undefined symbol: mlx5dv_reg_dmabuf_mr, version MLX5_1.25 version MLX5_1.25
[1,1]<stdout>:appmana-025:60403:60403 [0] NCCL INFO NCCL_SOCKET_IFNAME set by environment to enp110s0
[1,1]<stdout>:appmana-025:60403:60403 [0] NCCL INFO NCCL_IB_HCA set to =usb4_rdma0
[1,1]<stdout>:
[1,1]<stdout>:[2026-08-18 21:31:21] appmana-025:60403:60403 [0] transport/net_ib/init.cc:67 (ncclIbGetPciPath) NCCL WARN Could not find real path of usb4_rdma0 (/sys/class/infiniband/usb4_rdma0/device)
[1,1]<stdout>:appmana-025:60403:60403 [0] NCCL INFO NET/IB: [1] usb4_rdma0:uverbs1:1/RoCE provider=None speed=2500 context=0x59446991c4c0 pciPath=(null) ar=0 oooRqSize=0
[1,1]<stdout>:appmana-025:60403:60403 [0] NCCL INFO NCCL_IB_MERGE_NICS set by environment to 0.
[1,1]<stdout>:appmana-025:60403:60403 [0] NCCL INFO NET/IB : Made virtual device [0] name=usb4_rdma0 speed=2500 ndevs=1 rail=-1 plane=-1
[1,1]<stdout>:appmana-025:60403:60403 [0] NCCL INFO NET/IB : Using [0]usb4_rdma0:1/RoCE [RO]; OOB enp110s0:10.2.0.67<0>
[1,1]<stdout>:appmana-025:60403:60403 [0] NCCL INFO Initialized NET plugin IB
[1,1]<stdout>:appmana-025:60403:60403 [0] NCCL INFO Assigned NET plugin IB to comm
[1,1]<stdout>:appmana-025:60403:60403 [0] NCCL INFO ncclOsDlopen(libnccl-rma.so) failed: libnccl-rma.so: cannot open shared object file: No such file or directory
[1,1]<stdout>:appmana-025:60403:60403 [0] NCCL INFO RMA/Plugin: Could not find: libnccl-rma.so
[1,1]<stdout>:appmana-025:60403:60403 [0] NCCL INFO RMA/Plugin: Failed to load external plugin libnccl-rma.so, dlHandle: (nil), ncclRma: (nil)
[1,1]<stdout>:appmana-025:60403:60403 [0] NCCL INFO Unable to use GIN: Peermem is not supported, nor DMA-BUF.
[1,1]<stdout>:appmana-025:60403:60403 [0] NCCL INFO RMA/Plugin: Failed to initialize any plugin
[1,1]<stdout>:appmana-025:60403:60403 [0] NCCL INFO ncclOsDlopen(libnccl-gin.so) failed: libnccl-gin.so: cannot open shared object file: No such file or directory
[1,1]<stdout>:appmana-025:60403:60403 [0] NCCL INFO GIN/Plugin: Could not find: libnccl-gin.so
[1,1]<stdout>:appmana-025:60403:60403 [0] NCCL INFO GIN/Plugin: Failed to load external plugin libnccl-gin.so, dlHandle: (nil), ncclGin: (nil)
[1,1]<stdout>:appmana-025:60403:60403 [0] NCCL INFO GIN/Plugin: Failed to initialize any GIN plugin
[1,1]<stdout>:appmana-025:60403:60403 [0] NCCL INFO Using network IB
[1,1]<stdout>:appmana-025:60403:60403 [0] NCCL INFO Loaded NVML from libnvidia-ml.so.1
[1,1]<stdout>:appmana-025:60403:60403 [0] NCCL INFO [Rank 1] ncclCommInitRankConfig comm 0x59446526fc40 rank 1 nranks 2 cudaDev 0 nvmlDev 0 busId 1000 commId 0x13b4ed2fce6f8366 - Init START
[1,1]<stdout>:appmana-025:60403:60403 [0] NCCL INFO Socket handshake magic 0x564ab9f2fc4b9d6c (built-in default)
[1,0]<stdout>:appmana-023:57771:57771 [0] NCCL INFO ncclOsDlopen(libnccl-net.so) failed: libnccl-net.so: cannot open shared object file: No such file or directory
[1,0]<stdout>:appmana-023:57771:57771 [0] NCCL INFO NET/Plugin: Could not find: libnccl-net.so
[1,0]<stdout>:appmana-023:57771:57771 [0] NCCL INFO NCCL_IB_DISABLE set by environment to 0.
[1,0]<stdout>:appmana-023:57771:57771 [0] NCCL INFO dlvsym failed on mlx5dv_get_data_direct_sysfs_path - /lib/x86_64-linux-gnu/libmlx5.so: undefined symbol: mlx5dv_get_data_direct_sysfs_path, version MLX5_1.25 version MLX5_1.25
[1,0]<stdout>:appmana-023:57771:57771 [0] NCCL INFO dlvsym failed on mlx5dv_reg_dmabuf_mr - /lib/x86_64-linux-gnu/libmlx5.so: undefined symbol: mlx5dv_reg_dmabuf_mr, version MLX5_1.25 version MLX5_1.25
[1,0]<stdout>:appmana-023:57771:57771 [0] NCCL INFO NCCL_SOCKET_IFNAME set by environment to enp110s0
[1,0]<stdout>:appmana-023:57771:57771 [0] NCCL INFO NCCL_IB_HCA set to =usb4_rdma0
[1,0]<stdout>:
[1,0]<stdout>:[2026-08-18 21:31:21] appmana-023:57771:57771 [0] transport/net_ib/init.cc:67 (ncclIbGetPciPath) NCCL WARN Could not find real path of usb4_rdma0 (/sys/class/infiniband/usb4_rdma0/device)
[1,0]<stdout>:appmana-023:57771:57771 [0] NCCL INFO NET/IB: [1] usb4_rdma0:uverbs1:1/RoCE provider=None speed=2500 context=0x5e15869a8550 pciPath=(null) ar=0 oooRqSize=0
[1,0]<stdout>:appmana-023:57771:57771 [0] NCCL INFO NCCL_IB_MERGE_NICS set by environment to 0.
[1,0]<stdout>:appmana-023:57771:57771 [0] NCCL INFO NET/IB : Made virtual device [0] name=usb4_rdma0 speed=2500 ndevs=1 rail=-1 plane=-1
[1,0]<stdout>:appmana-023:57771:57771 [0] NCCL INFO NET/IB : Using [0]usb4_rdma0:1/RoCE [RO]; OOB enp110s0:10.2.0.61<0>
[1,0]<stdout>:appmana-023:57771:57771 [0] NCCL INFO Initialized NET plugin IB
[1,0]<stdout>:appmana-023:57771:57771 [0] NCCL INFO Assigned NET plugin IB to comm
[1,0]<stdout>:appmana-023:57771:57771 [0] NCCL INFO ncclOsDlopen(libnccl-rma.so) failed: libnccl-rma.so: cannot open shared object file: No such file or directory
[1,0]<stdout>:appmana-023:57771:57771 [0] NCCL INFO RMA/Plugin: Could not find: libnccl-rma.so
[1,0]<stdout>:appmana-023:57771:57771 [0] NCCL INFO RMA/Plugin: Failed to load external plugin libnccl-rma.so, dlHandle: (nil), ncclRma: (nil)
[1,0]<stdout>:appmana-023:57771:57771 [0] NCCL INFO Unable to use GIN: Peermem is not supported, nor DMA-BUF.
[1,0]<stdout>:appmana-023:57771:57771 [0] NCCL INFO RMA/Plugin: Failed to initialize any plugin
[1,0]<stdout>:appmana-023:57771:57771 [0] NCCL INFO ncclOsDlopen(libnccl-gin.so) failed: libnccl-gin.so: cannot open shared object file: No such file or directory
[1,0]<stdout>:appmana-023:57771:57771 [0] NCCL INFO GIN/Plugin: Could not find: libnccl-gin.so
[1,0]<stdout>:appmana-023:57771:57771 [0] NCCL INFO GIN/Plugin: Failed to load external plugin libnccl-gin.so, dlHandle: (nil), ncclGin: (nil)
[1,0]<stdout>:appmana-023:57771:57771 [0] NCCL INFO GIN/Plugin: Failed to initialize any GIN plugin
[1,0]<stdout>:appmana-023:57771:57771 [0] NCCL INFO Using network IB
[1,0]<stdout>:appmana-023:57771:57771 [0] NCCL INFO Loaded NVML from libnvidia-ml.so.1
[1,0]<stdout>:appmana-023:57771:57771 [0] NCCL INFO [Rank 0] ncclCommInitRankConfig comm 0x5e1582304630 rank 0 nranks 2 cudaDev 0 nvmlDev 0 busId 1000 commId 0x13b4ed2fce6f8366 - Init START
[1,0]<stdout>:appmana-023:57771:57771 [0] NCCL INFO RAS client listening socket at 127.0.0.1<28028>
[1,1]<stdout>:appmana-025:60403:60403 [0] NCCL INFO RAS client listening socket at 127.0.0.1<28028>
[1,0]<stdout>:appmana-023:57771:57771 [0] NCCL INFO Topology detection: could not read /sys/devices/system/node/node4294967295/cpumap, using empty affinity
[1,1]<stdout>:appmana-025:60403:60403 [0] NCCL INFO Topology detection: could not read /sys/devices/system/node/node4294967295/cpumap, using empty affinity
[1,0]<stdout>:appmana-023:57771:57771 [0] NCCL INFO TOPO/NET : Importing network plugins to topology
[1,0]<stdout>:appmana-023:57771:57771 [0] NCCL INFO NET/IB : GPU Direct RDMA Disabled for HCA 0 'usb4_rdma0'
[1,0]<stdout>:appmana-023:57771:57771 [0] NCCL INFO ncclTopoPopulateNics : Filled usb4_rdma0 in topo with pciPath=(null) net=1 gin=(null) rma=(null) keep=1 coll=(null) rail=-1 plane=-1
[1,1]<stdout>:appmana-025:60403:60403 [0] NCCL INFO TOPO/NET : Importing network plugins to topology
[1,1]<stdout>:appmana-025:60403:60403 [0] NCCL INFO NET/IB : GPU Direct RDMA Disabled for HCA 0 'usb4_rdma0'
[1,1]<stdout>:appmana-025:60403:60403 [0] NCCL INFO ncclTopoPopulateNics : Filled usb4_rdma0 in topo with pciPath=(null) net=1 gin=(null) rma=(null) keep=1 coll=(null) rail=-1 plane=-1
[1,1]<stdout>:appmana-025:60403:60403 [0] NCCL INFO === System : maxBw 0.3 totalBw 3.0 ===
[1,1]<stdout>:appmana-025:60403:60403 [0] NCCL INFO CPU/0-ffffffffffffff (1/2/-1)
[1,1]<stdout>:appmana-025:60403:60403 [0] NCCL INFO + PCI[5000.0] - NIC/0-0
[1,1]<stdout>:appmana-025:60403:60403 [0] NCCL INFO                 + NET[0.3] - NET/0-0 (0/e96043feffdc5c00/1/0.312500)
[1,1]<stdout>:appmana-025:60403:60403 [0] NCCL INFO + PCI[3.0] - DEV/0-1000 (10de220410283880)
[1,1]<stdout>:appmana-025:60403:60403 [0] NCCL INFO              + LOC[5000.0] - GPU/0-1000
[1,1]<stdout>:appmana-025:60403:60403 [0] NCCL INFO ==========================================
[1,1]<stdout>:appmana-025:60403:60403 [0] NCCL INFO GPU/0-1000 :GPU/0-1000 (0/5000.0/LOC) CPU/0-ffffffffffffff (2/3.0/PHB) NET/0-0 (4/0.3/PHB) DEV/0-1000 (1/5000.0/LOC) 
[1,1]<stdout>:appmana-025:60403:60403 [0] NCCL INFO NET/0-0 :GPU/0-1000 (4/0.3/PHB) CPU/0-ffffffffffffff (2/0.3/PHB) NET/0-0 (0/5000.0/LOC) DEV/0-1000 (3/0.3/PHB) 
[1,1]<stdout>:appmana-025:60403:60403 [0] NCCL INFO ncclTopoGetCpuAffinity: Affinity for GPU 0 is empty, ignoring. (GPU affinity =  ; CPU affinity = 0,16).
[1,1]<stdout>:appmana-025:60403:60403 [0] NCCL INFO Pattern 4, crossNic 0, nChannels 1, bw 0.240000/0.240000, type LOC/PHB, sameChannels 1
[1,1]<stdout>:appmana-025:60403:60403 [0] NCCL INFO  0 : NET/0-0 GPU/0-1000 NET/0-0
[1,1]<stdout>:appmana-025:60403:60403 [0] NCCL INFO Pattern 3, crossNic 0, nChannels 1, bw 1.200000/0.240000, type LOC/PHB, sameChannels 1
[1,1]<stdout>:appmana-025:60403:60403 [0] NCCL INFO  0 : NET/0-0 GPU/0-1000 NET/0-0
[1,1]<stdout>:appmana-025:60403:60403 [0] NCCL INFO Rank 1: 1 Net devices
[1,1]<stdout>:appmana-025:60403:60403 [0] NCCL INFO Rank 1: 0 CollNet devices
[1,0]<stdout>:appmana-023:57771:57771 [0] NCCL INFO === System : maxBw 0.3 totalBw 24.0 ===
[1,0]<stdout>:appmana-023:57771:57771 [0] NCCL INFO CPU/0-ffffffffffffff (1/2/-1)
[1,0]<stdout>:appmana-023:57771:57771 [0] NCCL INFO + PCI[5000.0] - NIC/0-0
[1,0]<stdout>:appmana-023:57771:57771 [0] NCCL INFO                 + NET[0.3] - NET/0-0 (0/f5aa13fefff9e400/1/0.312500)
[1,0]<stdout>:appmana-023:57771:57771 [0] NCCL INFO + PCI[24.0] - DEV/0-1000 (10de220410283880)
[1,0]<stdout>:appmana-023:57771:57771 [0] NCCL INFO               + LOC[5000.0] - GPU/0-1000
[1,0]<stdout>:appmana-023:57771:57771 [0] NCCL INFO ==========================================
[1,0]<stdout>:appmana-023:57771:57771 [0] NCCL INFO GPU/0-1000 :GPU/0-1000 (0/5000.0/LOC) CPU/0-ffffffffffffff (2/24.0/PHB) NET/0-0 (4/0.3/PHB) DEV/0-1000 (1/5000.0/LOC) 
[1,0]<stdout>:appmana-023:57771:57771 [0] NCCL INFO NET/0-0 :GPU/0-1000 (4/0.3/PHB) CPU/0-ffffffffffffff (2/0.3/PHB) NET/0-0 (0/5000.0/LOC) DEV/0-1000 (3/0.3/PHB) 
[1,0]<stdout>:appmana-023:57771:57771 [0] NCCL INFO ncclTopoGetCpuAffinity: Affinity for GPU 0 is empty, ignoring. (GPU affinity =  ; CPU affinity = 0,16).
[1,0]<stdout>:appmana-023:57771:57771 [0] NCCL INFO Pattern 4, crossNic 0, nChannels 1, bw 0.240000/0.240000, type LOC/PHB, sameChannels 1
[1,0]<stdout>:appmana-023:57771:57771 [0] NCCL INFO  0 : NET/0-0 GPU/0-1000 NET/0-0
[1,0]<stdout>:appmana-023:57771:57771 [0] NCCL INFO Pattern 3, crossNic 0, nChannels 1, bw 1.200000/0.240000, type LOC/PHB, sameChannels 1
[1,0]<stdout>:appmana-023:57771:57771 [0] NCCL INFO  0 : NET/0-0 GPU/0-1000 NET/0-0
[1,0]<stdout>:appmana-023:57771:57771 [0] NCCL INFO Rank 0: 1 Net devices
[1,0]<stdout>:appmana-023:57771:57771 [0] NCCL INFO Rank 0: 0 CollNet devices
[1,0]<stdout>:appmana-023:57771:57771 [0] NCCL INFO Local Net device counts across ranks: min 1 max 1
[1,0]<stdout>:appmana-023:57771:57771 [0] NCCL INFO Local CollNet device counts across ranks: min 0 max 0
[1,0]<stdout>:appmana-023:57771:57771 [0] NCCL INFO comm 0x5e1582304630 rank 0 nRanks 2 nNodes 2 localRanks 1 localRank 0 MNNVL 0
[1,0]<stdout>:appmana-023:57771:57771 [0] NCCL INFO Tree 0 : -1 -> 0 -> 1/-1/-1
[1,0]<stdout>:appmana-023:57771:57771 [0] NCCL INFO Tree 1 : 1 -> 0 -> -1/-1/-1
[1,0]<stdout>:appmana-023:57771:57771 [0] NCCL INFO Channel 00/02 : 0 1
[1,0]<stdout>:appmana-023:57771:57771 [0] NCCL INFO Channel 01/02 : 0 1
[1,0]<stdout>:appmana-023:57771:57771 [0] NCCL INFO Ring 00 : 1 -> 0 -> 1
[1,0]<stdout>:appmana-023:57771:57771 [0] NCCL INFO Ring 01 : 1 -> 0 -> 1
[1,0]<stdout>:appmana-023:57771:57771 [0] NCCL INFO Trees [0] 1/-1/-1->0->-1 [1] -1/-1/-1->0->1
[1,1]<stdout>:appmana-025:60403:60403 [0] NCCL INFO comm 0x59446526fc40 rank 1 nRanks 2 nNodes 2 localRanks 1 localRank 0 MNNVL 0
[1,1]<stdout>:appmana-025:60403:60403 [0] NCCL INFO Tree 0 : 0 -> 1 -> -1/-1/-1
[1,1]<stdout>:appmana-025:60403:60403 [0] NCCL INFO Tree 1 : -1 -> 1 -> 0/-1/-1
[1,1]<stdout>:appmana-025:60403:60403 [0] NCCL INFO Ring 00 : 0 -> 1 -> 0
[1,1]<stdout>:appmana-025:60403:60403 [0] NCCL INFO Ring 01 : 0 -> 1 -> 0
[1,1]<stdout>:appmana-025:60403:60403 [0] NCCL INFO Trees [0] -1/-1/-1->1->0 [1] 0/-1/-1->1->-1
[1,1]<stdout>:appmana-025:60403:60403 [0] NCCL INFO P2P Chunksize set to 131072
[1,1]<stdout>:appmana-025:60403:60403 [0] NCCL INFO Tuning P2P operations with maxP2pPeers = 2
[1,0]<stdout>:appmana-023:57771:57771 [0] NCCL INFO P2P Chunksize set to 131072
[1,0]<stdout>:appmana-023:57771:57771 [0] NCCL INFO Tuning P2P operations with maxP2pPeers = 2
[1,0]<stdout>:appmana-023:57771:57771 [0] NCCL INFO ncclOsDlopen(libnccl-profiler.so) failed: libnccl-profiler.so: cannot open shared object file: No such file or directory
[1,0]<stdout>:appmana-023:57771:57771 [0] NCCL INFO PROFILER/Plugin: Could not find: libnccl-profiler.so
[1,0]<stdout>:appmana-023:57771:57771 [0] NCCL INFO Check P2P Type isAllDirectP2p 1 directMode 0 isAllCudaP2p 1
[1,1]<stdout>:appmana-025:60403:60403 [0] NCCL INFO ncclOsDlopen(libnccl-profiler.so) failed: libnccl-profiler.so: cannot open shared object file: No such file or directory
[1,1]<stdout>:appmana-025:60403:60403 [0] NCCL INFO PROFILER/Plugin: Could not find: libnccl-profiler.so
[1,1]<stdout>:appmana-025:60403:60403 [0] NCCL INFO Check P2P Type isAllDirectP2p 1 directMode 0 isAllCudaP2p 1
[1,1]<stdout>:appmana-025:60403:60413 [0] NCCL INFO [Proxy Service] Device 0 CPU core 0
[1,1]<stdout>:appmana-025:60403:60414 [0] NCCL INFO [Proxy Service UDS] Device 0 CPU core 16
[1,0]<stdout>:appmana-023:57771:57826 [0] NCCL INFO [Proxy Service] Device 0 CPU core 16
[1,0]<stdout>:appmana-023:57771:57827 [0] NCCL INFO [Proxy Service UDS] Device 0 CPU core 0
[1,1]<stdout>:appmana-025:60403:60413 [0] NCCL INFO proxy listening socket at 10.2.0.67<54465>
[1,1]<stdout>:appmana-025:60403:60403 [0] NCCL INFO ncclP2pSchedule: group size used is 1
[1,0]<stdout>:appmana-023:57771:57771 [0] NCCL INFO ncclP2pSchedule: group size used is 1
[1,0]<stdout>:appmana-023:57771:57826 [0] NCCL INFO proxy listening socket at 10.2.0.61<47643>
[1,1]<stdout>:appmana-025:60403:60403 [0] NCCL INFO ncclOsDlopen(libnccl-tuner.so) failed: libnccl-tuner.so: cannot open shared object file: No such file or directory
[1,1]<stdout>:appmana-025:60403:60403 [0] NCCL INFO TUNER/Plugin: Could not find: libnccl-tuner.so
[1,1]<stdout>:appmana-025:60403:60403 [0] NCCL INFO NCCL_PROTO set by environment to Simple
[1,1]<stdout>:appmana-025:60403:60403 [0] NCCL INFO NCCL_ALGO set by environment to Ring
[1,1]<stdout>:appmana-025:60403:60403 [0] NCCL INFO threadThresholds 8/8/64 | 16/8/64 | 512 | 512
[1,1]<stdout>:appmana-025:60403:60403 [0] NCCL INFO 2 coll channels, 2 collnet channels, 0 nvls channels, 2 p2p channels, 1 p2p channels per peer
[1,1]<stdout>:appmana-025:60403:60403 [0] NCCL INFO Symmetric memory is not supported. cuMemEnable 1, globalGinSupport 0, cuMemGdrSupport 0
[1,0]<stdout>:appmana-023:57771:57771 [0] NCCL INFO ncclOsDlopen(libnccl-tuner.so) failed: libnccl-tuner.so: cannot open shared object file: No such file or directory
[1,0]<stdout>:appmana-023:57771:57771 [0] NCCL INFO TUNER/Plugin: Could not find: libnccl-tuner.so
[1,0]<stdout>:appmana-023:57771:57771 [0] NCCL INFO NCCL_PROTO set by environment to Simple
[1,0]<stdout>:appmana-023:57771:57771 [0] NCCL INFO NCCL_ALGO set by environment to Ring
[1,0]<stdout>:appmana-023:57771:57771 [0] NCCL INFO Enabled NCCL Func/Proto/Algo Matrix:
[1,0]<stdout>:     Function |       LL     LL128    Simple   |          Tree           Ring  CollNetDirect   CollNetChain           NVLS       NVLSTree            PAT  
[1,0]<stdout>:    Broadcast |        0         0         1   |             0              1              0              0              0              0              0  
[1,0]<stdout>:       Reduce |        0         0         1   |             0              1              0              0              0              0              0  
[1,0]<stdout>:    AllGather |        0         0         1   |             0              1              0              0              0              0              0  
[1,0]<stdout>:ReduceScatter |        0         0         1   |             0              1              0              0              0              0              0  
[1,0]<stdout>:    AllReduce |        0         0         1   |             0              1              0              0              0              0              0  
[1,0]<stdout>:
[1,1]<stdout>:appmana-025:60403:60403 [0] NCCL INFO ncclCommInitRankConfig comm 0x59446526fc40 rank 1 nranks 2 cudaDev 0 nvmlDev 0 busId 1000 commId 0x13b4ed2fce6f8366 - Init COMPLETE
[1,1]<stdout>:appmana-025:60403:60403 [0] NCCL INFO Init timings - ncclCommInitRankConfig: rank 1 nranks 2 total 0.19 (kernels 0.14, alloc 0.02, bootstrap 0.03, allgathers 0.00, topo 0.01, graphs 0.00, connections 0.00, rest 0.00)
[1,0]<stdout>:appmana-023:57771:57771 [0] NCCL INFO   Algorithm   |                            Tree                  |                            Ring                  |                   CollNetDirect                  |
[1,0]<stdout>:appmana-023:57771:57771 [0] NCCL INFO   Protocol    |             LL |          LL128 |         Simple |             LL |          LL128 |         Simple |             LL |          LL128 |         Simple |
[1,0]<stdout>:appmana-023:57771:57771 [0] NCCL INFO  Max NThreads |            512 |            640 |            512 |            512 |            640 |            256 |              0 |              0 |            640 |
[1,0]<stdout>:appmana-023:57771:57771 [0] NCCL INFO     Broadcast |     0.0/   0.0 |     0.0/   0.0 |     0.0/   0.0 |     9.3/   0.0 |    18.0/   0.0 |    22.4/   0.2 |     0.0/   0.0 |     0.0/   0.0 |     0.0/   0.0 |
[1,0]<stdout>:appmana-023:57771:57771 [0] NCCL INFO        Reduce |     0.0/   0.0 |     0.0/   0.0 |     0.0/   0.0 |     9.3/   0.0 |    18.0/   0.0 |    22.4/   0.2 |     0.0/   0.0 |     0.0/   0.0 |     0.0/   0.0 |
[1,0]<stdout>:appmana-023:57771:57771 [0] NCCL INFO     AllGather |     0.0/   0.0 |     0.0/   0.0 |     0.0/   0.0 |    11.6/   0.0 |    22.5/   0.0 |    22.4/   0.5 |     5.0/   0.0 |     8.5/   0.0 |    14.0/   0.0 |
[1,0]<stdout>:appmana-023:57771:57771 [0] NCCL INFO ReduceScatter |     0.0/   0.0 |     0.0/   0.0 |     0.0/   0.0 |    11.6/   0.0 |    22.5/   0.0 |    22.4/   0.5 |     5.0/   0.0 |     8.5/   0.0 |    14.0/   0.0 |
[1,0]<stdout>:appmana-023:57771:57771 [0] NCCL INFO     AllReduce |    16.8/   0.0 |    31.0/   0.0 |    36.4/   0.0 |    16.6/   0.0 |    31.0/   0.0 |    36.4/   0.2 |     5.0/   0.0 |     8.5/   0.0 |    14.0/   0.0 |
[1,0]<stdout>:appmana-023:57771:57771 [0] NCCL INFO   Algorithm   |                    CollNetChain                  |                            NVLS                  |                        NVLSTree                  |
[1,0]<stdout>:appmana-023:57771:57771 [0] NCCL INFO   Protocol    |             LL |          LL128 |         Simple |             LL |          LL128 |         Simple |             LL |          LL128 |         Simple |
[1,0]<stdout>:appmana-023:57771:57771 [0] NCCL INFO  Max NThreads |              0 |              0 |            640 |              0 |              0 |            640 |              0 |              0 |            640 |
[1,0]<stdout>:appmana-023:57771:57771 [0] NCCL INFO     Broadcast |     0.0/   0.0 |     0.0/   0.0 |     0.0/   0.0 |     0.0/   0.0 |     0.0/   0.0 |     0.0/   0.0 |     0.0/   0.0 |     0.0/   0.0 |     0.0/   0.0 |
[1,0]<stdout>:appmana-023:57771:57771 [0] NCCL INFO        Reduce |     0.0/   0.0 |     0.0/   0.0 |     0.0/   0.0 |     0.0/   0.0 |     0.0/   0.0 |     0.0/   0.0 |     0.0/   0.0 |     0.0/   0.0 |     0.0/   0.0 |
[1,0]<stdout>:appmana-023:57771:57771 [0] NCCL INFO     AllGather |     0.0/   0.0 |     0.0/   0.0 |     0.0/   0.0 |     0.0/   0.0 |     0.0/   0.0 |     0.0/   0.0 |     0.0/   0.0 |     0.0/   0.0 |     0.0/   0.0 |
[1,0]<stdout>:appmana-023:57771:57771 [0] NCCL INFO ReduceScatter |     0.0/   0.0 |     0.0/   0.0 |     0.0/   0.0 |     0.0/   0.0 |     0.0/   0.0 |     0.0/   0.0 |     0.0/   0.0 |     0.0/   0.0 |     0.0/   0.0 |
[1,0]<stdout>:appmana-023:57771:57771 [0] NCCL INFO     AllReduce |     5.0/   0.0 |     8.5/   0.0 |    14.0/   0.0 |     0.0/   0.0 |     0.0/   0.0 |     0.0/   0.0 |     0.0/   0.0 |     0.0/   0.0 |     0.0/   0.0 |
[1,0]<stdout>:appmana-023:57771:57771 [0] NCCL INFO   Algorithm   |                             PAT                  |
[1,0]<stdout>:appmana-023:57771:57771 [0] NCCL INFO   Protocol    |             LL |          LL128 |         Simple |             LL |          LL128 |         Simple |             LL |          LL128 |         Simple |
[1,0]<stdout>:appmana-023:57771:57771 [0] NCCL INFO  Max NThreads |              0 |              0 |              0 |
[1,0]<stdout>:appmana-023:57771:57771 [0] NCCL INFO     Broadcast |     0.0/   0.0 |     0.0/   0.0 |     0.0/   0.0 |
[1,0]<stdout>:appmana-023:57771:57771 [0] NCCL INFO        Reduce |     0.0/   0.0 |     0.0/   0.0 |     0.0/   0.0 |
[1,0]<stdout>:appmana-023:57771:57771 [0] NCCL INFO     AllGather |     0.0/   0.0 |     0.0/   0.0 |    17.6/   0.0 |
[1,0]<stdout>:appmana-023:57771:57771 [0] NCCL INFO ReduceScatter |     0.0/   0.0 |     0.0/   0.0 |    17.6/   0.0 |
[1,0]<stdout>:appmana-023:57771:57771 [0] NCCL INFO     AllReduce |     0.0/   0.0 |     0.0/   0.0 |     0.0/   0.0 |
[1,0]<stdout>:appmana-023:57771:57771 [0] NCCL INFO threadThresholds 8/8/64 | 16/8/64 | 512 | 512
[1,0]<stdout>:appmana-023:57771:57771 [0] NCCL INFO 2 coll channels, 2 collnet channels, 0 nvls channels, 2 p2p channels, 1 p2p channels per peer
[1,0]<stdout>:appmana-023:57771:57771 [0] NCCL INFO Symmetric memory is not supported. cuMemEnable 1, globalGinSupport 0, cuMemGdrSupport 0
[1,0]<stdout>:appmana-023:57771:57771 [0] NCCL INFO CC Off, workFifoBytes 1048576
[1,0]<stdout>:appmana-023:57771:57771 [0] NCCL INFO ncclCommInitRankConfig comm 0x5e1582304630 rank 0 nranks 2 cudaDev 0 nvmlDev 0 busId 1000 commId 0x13b4ed2fce6f8366 - Init COMPLETE
[1,0]<stdout>:appmana-023:57771:57771 [0] NCCL INFO Init timings - ncclCommInitRankConfig: rank 0 nranks 2 total 0.20 (kernels 0.16, alloc 0.02, bootstrap 0.00, allgathers 0.00, topo 0.01, graphs 0.00, connections 0.00, rest 0.00)
[1,0]<stdout>:#
[1,0]<stdout>:#                                                              out-of-place                       in-place          
[1,0]<stdout>:#       size         count      type   redop    root     time   algbw   busbw  #wrong     time   algbw   busbw  #wrong 
[1,0]<stdout>:#        (B)    (elements)                               (us)  (GB/s)  (GB/s)             (us)  (GB/s)  (GB/s)         
[1,0]<stdout>:appmana-023:57771:57771 [0] NCCL INFO RRTRACE ncclTopoGetNetDev: rank 0 peer 0 ch 0 -> netDev 0 (netId 0x0) graph=1
[1,1]<stdout>:appmana-025:60403:60403 [0] NCCL INFO RRTRACE ncclTopoGetNetDev: rank 1 peer 1 ch 0 -> netDev 0 (netId 0x0) graph=1
[1,1]<stdout>:appmana-025:60403:60415 [0] NCCL INFO [Proxy Progress] Device 0 CPU core 0
[1,1]<stdout>:appmana-025:60403:60403 [0] NCCL INFO Channel 00/0 : 0[0] -> 1[0] [receive] via NET/IB/0
[1,1]<stdout>:appmana-025:60403:60403 [0] NCCL INFO RRTRACE ncclTopoGetNetDev: rank 1 peer 1 ch 1 -> netDev 0 (netId 0x0) graph=1
[1,1]<stdout>:appmana-025:60403:60403 [0] NCCL INFO Channel 01/0 : 0[0] -> 1[0] [receive] via NET/IB/0
[1,1]<stdout>:appmana-025:60403:60403 [0] NCCL INFO RRTRACE ncclTopoGetNetDev: rank 1 peer 0 ch 0 -> netDev 0 (netId 0x0) graph=1
[1,1]<stdout>:appmana-025:60403:60403 [0] NCCL INFO Channel 00/0 : 1[0] -> 0[0] [send] via NET/IB/0
[1,1]<stdout>:appmana-025:60403:60403 [0] NCCL INFO RRTRACE ncclTopoGetNetDev: rank 1 peer 0 ch 1 -> netDev 0 (netId 0x0) graph=1
[1,1]<stdout>:appmana-025:60403:60403 [0] NCCL INFO Channel 01/0 : 1[0] -> 0[0] [send] via NET/IB/0
[1,0]<stdout>:appmana-023:57771:57828 [0] NCCL INFO [Proxy Progress] Device 0 CPU core 0
[1,0]<stdout>:appmana-023:57771:57771 [0] NCCL INFO Channel 00/0 : 1[0] -> 0[0] [receive] via NET/IB/0
[1,0]<stdout>:appmana-023:57771:57771 [0] NCCL INFO RRTRACE ncclTopoGetNetDev: rank 0 peer 0 ch 1 -> netDev 0 (netId 0x0) graph=1
[1,0]<stdout>:appmana-023:57771:57771 [0] NCCL INFO Channel 01/0 : 1[0] -> 0[0] [receive] via NET/IB/0
[1,0]<stdout>:appmana-023:57771:57771 [0] NCCL INFO RRTRACE ncclTopoGetNetDev: rank 0 peer 1 ch 0 -> netDev 0 (netId 0x0) graph=1
[1,0]<stdout>:appmana-023:57771:57771 [0] NCCL INFO Channel 00/0 : 0[0] -> 1[0] [send] via NET/IB/0
[1,0]<stdout>:appmana-023:57771:57771 [0] NCCL INFO RRTRACE ncclTopoGetNetDev: rank 0 peer 1 ch 1 -> netDev 0 (netId 0x0) graph=1
[1,0]<stdout>:appmana-023:57771:57771 [0] NCCL INFO Channel 01/0 : 0[0] -> 1[0] [send] via NET/IB/0
[1,1]<stdout>:appmana-025:60403:60413 [0] NCCL INFO NET/IB: ncclIbResiliencyInit: Resiliency is disabled on the send communicator (comm=0x7fb954010000)
[1,0]<stdout>:appmana-023:57771:57826 [0] NCCL INFO NET/IB: ncclIbResiliencyInit: Resiliency is disabled on the send communicator (comm=0x7939d4010000)
[1,1]<stdout>:appmana-025:60403:60413 [0] NCCL INFO NET/IB: ncclIbResiliencyInit: Resiliency is disabled on the recv communicator (comm=0x7fb954054000)
[1,1]<stdout>:appmana-025:60403:60413 [0] NCCL INFO NET/IB: ncclIbRecvCommInit: Receive work requests will be posted on-demand
[1,0]<stdout>:appmana-023:57771:57826 [0] NCCL INFO NET/IB: ncclIbSenderQpsCreate: QP created: port=1 dev=0 devName=usb4_rdma0 ndevs=1 nmdevs=1 qp_num=150 pkey=0 pd=0x7939d400c500 oooRq=0
[1,0]<stdout>:appmana-023:57771:57826 [0] NCCL INFO Call to ibv_query_ece not supported
[1,0]<stdout>:appmana-023:57771:57826 [0] NCCL INFO NCCL_IB_ADDR_FAMILY set by environment to AF_INET6
[1,1]<stdout>:appmana-025:60403:60413 [0] NCCL INFO NET/IB: ncclIbResiliencyInit: Resiliency is disabled on the send communicator (comm=0x7fb95409c000)
[1,1]<stdout>:appmana-025:60403:60413 [0] NCCL INFO NET/IB: ncclIbResiliencyInit: Resiliency is disabled on the recv communicator (comm=0x7fb9540e0000)
[1,1]<stdout>:appmana-025:60403:60413 [0] NCCL INFO NET/IB: ncclIbRecvCommInit: Receive work requests will be posted on-demand
[1,0]<stdout>:appmana-023:57771:57826 [0] NCCL INFO NET/IB: ncclIbConnectImpl: NCCL Dev 0 IbDev 0 Port 1 qp_num 150 mtu 5 GID 1 (234AC4268DBC3DFD/100000000000000) ctsFifoRkey=0xc8b ctsFifoLkey=0xc8b
[1,0]<stdout>:appmana-023:57771:57826 [0] NCCL INFO NET/IB: ncclIbResiliencyInit: Resiliency is disabled on the recv communicator (comm=0x7939d4054000)
[1,0]<stdout>:appmana-023:57771:57826 [0] NCCL INFO NET/IB: ncclIbRecvCommInit: Receive work requests will be posted on-demand
[1,1]<stdout>:appmana-025:60403:60413 [0] NCCL INFO NET/IB: ncclIbSenderQpsCreate: QP created: port=1 dev=0 devName=usb4_rdma0 ndevs=1 nmdevs=1 qp_num=150 pkey=0 pd=0x7fb95400ce70 oooRq=0
[1,1]<stdout>:appmana-025:60403:60413 [0] NCCL INFO Call to ibv_query_ece not supported
[1,1]<stdout>:appmana-025:60403:60413 [0] NCCL INFO NCCL_IB_ADDR_FAMILY set by environment to AF_INET6
[1,0]<stdout>:appmana-023:57771:57826 [0] NCCL INFO NET/IB: ncclIbResiliencyInit: Resiliency is disabled on the send communicator (comm=0x7939d409c000)
[1,1]<stdout>:appmana-025:60403:60413 [0] NCCL INFO NET/IB: ncclIbConnectImpl: NCCL Dev 0 IbDev 0 Port 1 qp_num 150 mtu 5 GID 1 (234AC4268DBC3DFD/200000000000000) ctsFifoRkey=0xcb5 ctsFifoLkey=0xcb5
[1,1]<stdout>:appmana-025:60403:60413 [0] NCCL INFO NCCL_IB_ADDR_FAMILY set by environment to AF_INET6
[1,0]<stdout>:appmana-023:57771:57826 [0] NCCL INFO NCCL_IB_ADDR_FAMILY set by environment to AF_INET6
[1,1]<stdout>:appmana-025:60403:60413 [0] NCCL INFO NET/IB: ncclIbReceiverQpsCreateToRts: QP created: port=1 dev=0 devName=usb4_rdma0 ndevs=1 nmdevs=1 qp_num=151 pkey=0 pd=0x7fb95400ce70 oooRq=0
[1,0]<stdout>:appmana-023:57771:57826 [0] NCCL INFO NET/IB: ncclIbReceiverQpsCreateToRts: QP created: port=1 dev=0 devName=usb4_rdma0 ndevs=1 nmdevs=1 qp_num=151 pkey=0 pd=0x7939d400c500 oooRq=0
[1,0]<stdout>:appmana-023:57771:57826 [0] NCCL INFO NET/IB: ncclIbSenderQpsCreate: QP created: port=1 dev=0 devName=usb4_rdma0 ndevs=1 nmdevs=1 qp_num=152 pkey=0 pd=0x7939d400c500 oooRq=0
[1,0]<stdout>:appmana-023:57771:57826 [0] NCCL INFO Call to ibv_query_ece not supported
[1,0]<stdout>:appmana-023:57771:57826 [0] NCCL INFO NCCL_IB_ADDR_FAMILY set by environment to AF_INET6
[1,0]<stdout>:appmana-023:57771:57826 [0] NCCL INFO NET/IB: ncclIbConnectImpl: NCCL Dev 0 IbDev 0 Port 1 qp_num 152 mtu 5 GID 1 (234AC4268DBC3DFD/100000000000000) ctsFifoRkey=0x10e1 ctsFifoLkey=0x10e1
[1,0]<stdout>:appmana-023:57771:57826 [0] NCCL INFO NET/IB: ncclIbResiliencyInit: Resiliency is disabled on the recv communicator (comm=0x7939d40e0000)
[1,0]<stdout>:appmana-023:57771:57826 [0] NCCL INFO NET/IB: ncclIbRecvCommInit: Receive work requests will be posted on-demand
[1,1]<stdout>:appmana-025:60403:60413 [0] NCCL INFO NET/IB: ncclIbSenderQpsCreate: QP created: port=1 dev=0 devName=usb4_rdma0 ndevs=1 nmdevs=1 qp_num=152 pkey=0 pd=0x7fb95400ce70 oooRq=0
[1,1]<stdout>:appmana-025:60403:60413 [0] NCCL INFO Call to ibv_query_ece not supported
[1,1]<stdout>:appmana-025:60403:60413 [0] NCCL INFO NCCL_IB_ADDR_FAMILY set by environment to AF_INET6
[1,1]<stdout>:appmana-025:60403:60413 [0] NCCL INFO NET/IB: ncclIbConnectImpl: NCCL Dev 0 IbDev 0 Port 1 qp_num 152 mtu 5 GID 1 (234AC4268DBC3DFD/200000000000000) ctsFifoRkey=0x175c ctsFifoLkey=0x175c
[1,1]<stdout>:appmana-025:60403:60413 [0] NCCL INFO NCCL_IB_ADDR_FAMILY set by environment to AF_INET6
[1,1]<stdout>:appmana-025:60403:60413 [0] NCCL INFO NET/IB: ncclIbReceiverQpsCreateToRts: QP created: port=1 dev=0 devName=usb4_rdma0 ndevs=1 nmdevs=1 qp_num=153 pkey=0 pd=0x7fb95400ce70 oooRq=0
[1,0]<stdout>:appmana-023:57771:57826 [0] NCCL INFO NCCL_IB_ADDR_FAMILY set by environment to AF_INET6
[1,0]<stdout>:appmana-023:57771:57826 [0] NCCL INFO NET/IB: ncclIbReceiverQpsCreateToRts: QP created: port=1 dev=0 devName=usb4_rdma0 ndevs=1 nmdevs=1 qp_num=153 pkey=0 pd=0x7939d400c500 oooRq=0
[1,0]<stdout>:appmana-023:57771:57771 [0] NCCL INFO Connected all rings, use ring PXN 0 GDR 0
[1,0]<stdout>:appmana-023:57771:57771 [0] NCCL INFO AllReduce: 8 Bytes -> Algo RING proto SIMPLE channel{Lo..Hi}={0..0}
[1,1]<stdout>:appmana-025:60403:60403 [0] NCCL INFO Connected all rings, use ring PXN 0 GDR 0
[1,0]<stdout>:appmana-023:57771:57771 [0] NCCL INFO AllReduce: 16 Bytes -> Algo RING proto SIMPLE channel{Lo..Hi}={0..0}
[1,0]<stdout>:appmana-023:57771:57771 [0] NCCL INFO AllReduce: 32 Bytes -> Algo RING proto SIMPLE channel{Lo..Hi}={0..0}
[1,0]<stdout>:appmana-023:57771:57771 [0] NCCL INFO AllReduce: 64 Bytes -> Algo RING proto SIMPLE channel{Lo..Hi}={0..0}
[1,0]<stdout>:appmana-023:57771:57771 [0] NCCL INFO AllReduce: 128 Bytes -> Algo RING proto SIMPLE channel{Lo..Hi}={0..0}
[1,0]<stdout>:appmana-023:57771:57771 [0] NCCL INFO AllReduce: 256 Bytes -> Algo RING proto SIMPLE channel{Lo..Hi}={0..0}
[1,0]<stdout>:appmana-023:57771:57771 [0] NCCL INFO AllReduce: 512 Bytes -> Algo RING proto SIMPLE channel{Lo..Hi}={0..0}
[1,0]<stdout>:appmana-023:57771:57771 [0] NCCL INFO AllReduce: 1024 Bytes -> Algo RING proto SIMPLE channel{Lo..Hi}={0..0}
[1,0]<stdout>:appmana-023:57771:57771 [0] NCCL INFO AllReduce: 2048 Bytes -> Algo RING proto SIMPLE channel{Lo..Hi}={0..0}
[1,0]<stdout>:appmana-023:57771:57771 [0] NCCL INFO AllReduce: 4096 Bytes -> Algo RING proto SIMPLE channel{Lo..Hi}={0..0}
[1,0]<stdout>:appmana-023:57771:57771 [0] NCCL INFO AllReduce: 8192 Bytes -> Algo RING proto SIMPLE channel{Lo..Hi}={0..0}
[1,0]<stdout>:appmana-023:57771:57771 [0] NCCL INFO AllReduce: 16384 Bytes -> Algo RING proto SIMPLE channel{Lo..Hi}={0..0}
[1,0]<stdout>:appmana-023:57771:57771 [0] NCCL INFO AllReduce: 32768 Bytes -> Algo RING proto SIMPLE channel{Lo..Hi}={0..1}
[1,0]<stdout>:appmana-023:57771:57771 [0] NCCL INFO AllReduce: 65536 Bytes -> Algo RING proto SIMPLE channel{Lo..Hi}={0..1}
[1,0]<stdout>:appmana-023:57771:57771 [0] NCCL INFO AllReduce: 131072 Bytes -> Algo RING proto SIMPLE channel{Lo..Hi}={0..1}
[1,0]<stdout>:appmana-023:57771:57771 [0] NCCL INFO AllReduce: 262144 Bytes -> Algo RING proto SIMPLE channel{Lo..Hi}={0..1}
[1,0]<stdout>:appmana-023:57771:57771 [0] NCCL INFO AllReduce: 524288 Bytes -> Algo RING proto SIMPLE channel{Lo..Hi}={0..1}
[1,0]<stdout>:appmana-023:57771:57771 [0] NCCL INFO AllReduce: 1048576 Bytes -> Algo RING proto SIMPLE channel{Lo..Hi}={0..1}
[1,0]<stdout>:appmana-023:57771:57771 [0] NCCL INFO AllReduce: 2097152 Bytes -> Algo RING proto SIMPLE channel{Lo..Hi}={0..1}
[1,0]<stdout>:appmana-023:57771:57771 [0] NCCL INFO AllReduce: 4194304 Bytes -> Algo RING proto SIMPLE channel{Lo..Hi}={0..1}
[1,0]<stdout>:appmana-023:57771:57771 [0] NCCL INFO AllReduce: 8388608 Bytes -> Algo RING proto SIMPLE channel{Lo..Hi}={0..1}
[1,0]<stdout>:appmana-023:57771:57771 [0] NCCL INFO AllReduce: 16777216 Bytes -> Algo RING proto SIMPLE channel{Lo..Hi}={0..1}
[1,0]<stdout>:appmana-023:57771:57771 [0] NCCL INFO AllReduce: 33554432 Bytes -> Algo RING proto SIMPLE channel{Lo..Hi}={0..1}
[1,0]<stdout>:appmana-023:57771:57771 [0] NCCL INFO AllReduce: 67108864 Bytes -> Algo RING proto SIMPLE channel{Lo..Hi}={0..1}
[1,0]<stdout>:appmana-023:57771:57771 [0] NCCL INFO AllReduce: 134217728 Bytes -> Algo RING proto SIMPLE channel{Lo..Hi}={0..1}
[1,0]<stdout>:appmana-023:57771:57771 [0] NCCL INFO AllReduce: 268435456 Bytes -> Algo RING proto SIMPLE channel{Lo..Hi}={0..1}
[1,0]<stdout>:           8             2     float     sum      -1appmana-023:57771:57771 [0] NCCL INFO AllReduce: 8 Bytes -> Algo RING proto SIMPLE channel{Lo..Hi}={0..0}
[1,0]<stdout>:appmana-023:57771:57771 [0] NCCL INFO AllReduce: 8 Bytes -> Algo RING proto SIMPLE channel{Lo..Hi}={0..0}
[1,0]<stdout>:appmana-023:57771:57771 [0] NCCL INFO AllReduce: 8 Bytes -> Algo RING proto SIMPLE channel{Lo..Hi}={0..0}
[1,0]<stdout>:appmana-023:57771:57771 [0] NCCL INFO AllReduce: 8 Bytes -> Algo RING proto SIMPLE channel{Lo..Hi}={0..0}
[1,0]<stdout>:appmana-023:57771:57771 [0] NCCL INFO AllReduce: 8 Bytes -> Algo RING proto SIMPLE channel{Lo..Hi}={0..0}
[1,0]<stdout>:appmana-023:57771:57771 [0] NCCL INFO AllReduce: 8 Bytes -> Algo RING proto SIMPLE channel{Lo..Hi}={0..0}
[1,0]<stdout>:appmana-023:57771:57771 [0] NCCL INFO AllReduce: 8 Bytes -> Algo RING proto SIMPLE channel{Lo..Hi}={0..0}
[1,0]<stdout>:appmana-023:57771:57771 [0] NCCL INFO AllReduce: 8 Bytes -> Algo RING proto SIMPLE channel{Lo..Hi}={0..0}
[1,0]<stdout>:appmana-023:57771:57771 [0] NCCL INFO AllReduce: 8 Bytes -> Algo RING proto SIMPLE channel{Lo..Hi}={0..0}
[1,0]<stdout>:appmana-023:57771:57771 [0] NCCL INFO AllReduce: 8 Bytes -> Algo RING proto SIMPLE channel{Lo..Hi}={0..0}
[1,0]<stdout>:appmana-023:57771:57771 [0] NCCL INFO AllReduce: 8 Bytes -> Algo RING proto SIMPLE channel{Lo..Hi}={0..0}
[1,0]<stdout>:appmana-023:57771:57771 [0] NCCL INFO AllReduce: 8 Bytes -> Algo RING proto SIMPLE channel{Lo..Hi}={0..0}
[1,0]<stdout>:appmana-023:57771:57771 [0] NCCL INFO AllReduce: 8 Bytes -> Algo RING proto SIMPLE channel{Lo..Hi}={0..0}
[1,0]<stdout>:appmana-023:57771:57771 [0] NCCL INFO AllReduce: 8 Bytes -> Algo RING proto SIMPLE channel{Lo..Hi}={0..0}
[1,0]<stdout>:appmana-023:57771:57771 [0] NCCL INFO AllReduce: 8 Bytes -> Algo RING proto SIMPLE channel{Lo..Hi}={0..0}
[1,0]<stdout>:appmana-023:57771:57771 [0] NCCL INFO AllReduce: 8 Bytes -> Algo RING proto SIMPLE channel{Lo..Hi}={0..0}
[1,0]<stdout>:appmana-023:57771:57771 [0] NCCL INFO AllReduce: 8 Bytes -> Algo RING proto SIMPLE channel{Lo..Hi}={0..0}
[1,0]<stdout>:appmana-023:57771:57771 [0] NCCL INFO AllReduce: 8 Bytes -> Algo RING proto SIMPLE channel{Lo..Hi}={0..0}
[1,0]<stdout>:appmana-023:57771:57771 [0] NCCL INFO AllReduce: 8 Bytes -> Algo RING proto SIMPLE channel{Lo..Hi}={0..0}
[1,0]<stdout>:appmana-023:57771:57771 [0] NCCL INFO AllReduce: 8 Bytes -> Algo RING proto SIMPLE channel{Lo..Hi}={0..0}
[1,0]<stdout>:appmana-023:57771:57771 [0] NCCL INFO AllReduce: 8 Bytes -> Algo RING proto SIMPLE channel{Lo..Hi}={0..0}
[1,0]<stdout>:appmana-023:57771:57771 [0] NCCL INFO AllReduce: 8 Bytes -> Algo RING proto SIMPLE channel{Lo..Hi}={0..0}
[1,0]<stdout>:    70.71    0.00    0.00       0appmana-023:57771:57771 [0] NCCL INFO AllReduce: 8 Bytes -> Algo RING proto SIMPLE channel{Lo..Hi}={0..0}
[1,0]<stdout>:appmana-023:57771:57771 [0] NCCL INFO AllReduce: 8 Bytes -> Algo RING proto SIMPLE channel{Lo..Hi}={0..0}
[1,0]<stdout>:appmana-023:57771:57771 [0] NCCL INFO AllReduce: 8 Bytes -> Algo RING proto SIMPLE channel{Lo..Hi}={0..0}
[1,0]<stdout>:appmana-023:57771:57771 [0] NCCL INFO AllReduce: 8 Bytes -> Algo RING proto SIMPLE channel{Lo..Hi}={0..0}
[1,0]<stdout>:appmana-023:57771:57771 [0] NCCL INFO AllReduce: 8 Bytes -> Algo RING proto SIMPLE channel{Lo..Hi}={0..0}
[1,0]<stdout>:appmana-023:57771:57771 [0] NCCL INFO AllReduce: 8 Bytes -> Algo RING proto SIMPLE channel{Lo..Hi}={0..0}
[1,0]<stdout>:appmana-023:57771:57771 [0] NCCL INFO AllReduce: 8 Bytes -> Algo RING proto SIMPLE channel{Lo..Hi}={0..0}
[1,0]<stdout>:appmana-023:57771:57771 [0] NCCL INFO AllReduce: 8 Bytes -> Algo RING proto SIMPLE channel{Lo..Hi}={0..0}
[1,0]<stdout>:appmana-023:57771:57771 [0] NCCL INFO AllReduce: 8 Bytes -> Algo RING proto SIMPLE channel{Lo..Hi}={0..0}
[1,0]<stdout>:appmana-023:57771:57771 [0] NCCL INFO AllReduce: 8 Bytes -> Algo RING proto SIMPLE channel{Lo..Hi}={0..0}
[1,0]<stdout>:appmana-023:57771:57771 [0] NCCL INFO AllReduce: 8 Bytes -> Algo RING proto SIMPLE channel{Lo..Hi}={0..0}
[1,0]<stdout>:appmana-023:57771:57771 [0] NCCL INFO AllReduce: 8 Bytes -> Algo RING proto SIMPLE channel{Lo..Hi}={0..0}
[1,0]<stdout>:appmana-023:57771:57771 [0] NCCL INFO AllReduce: 8 Bytes -> Algo RING proto SIMPLE channel{Lo..Hi}={0..0}
[1,0]<stdout>:appmana-023:57771:57771 [0] NCCL INFO AllReduce: 8 Bytes -> Algo RING proto SIMPLE channel{Lo..Hi}={0..0}
[1,0]<stdout>:appmana-023:57771:57771 [0] NCCL INFO AllReduce: 8 Bytes -> Algo RING proto SIMPLE channel{Lo..Hi}={0..0}
[1,0]<stdout>:appmana-023:57771:57771 [0] NCCL INFO AllReduce: 8 Bytes -> Algo RING proto SIMPLE channel{Lo..Hi}={0..0}
[1,0]<stdout>:appmana-023:57771:57771 [0] NCCL INFO AllReduce: 8 Bytes -> Algo RING proto SIMPLE channel{Lo..Hi}={0..0}
[1,0]<stdout>:appmana-023:57771:57771 [0] NCCL INFO AllReduce: 8 Bytes -> Algo RING proto SIMPLE channel{Lo..Hi}={0..0}
[1,0]<stdout>:appmana-023:57771:57771 [0] NCCL INFO AllReduce: 8 Bytes -> Algo RING proto SIMPLE channel{Lo..Hi}={0..0}
[1,0]<stdout>:appmana-023:57771:57771 [0] NCCL INFO AllReduce: 8 Bytes -> Algo RING proto SIMPLE channel{Lo..Hi}={0..0}
[1,0]<stdout>:appmana-023:57771:57771 [0] NCCL INFO AllReduce: 8 Bytes -> Algo RING proto SIMPLE channel{Lo..Hi}={0..0}
[1,0]<stdout>:appmana-023:57771:57771 [0] NCCL INFO AllReduce: 8 Bytes -> Algo RING proto SIMPLE channel{Lo..Hi}={0..0}
[1,0]<stdout>:   119.54    0.00    0.00       0
[1,0]<stdout>:          16             4     float     sum      -1appmana-023:57771:57771 [0] NCCL INFO AllReduce: 16 Bytes -> Algo RING proto SIMPLE channel{Lo..Hi}={0..0}
[1,0]<stdout>:appmana-023:57771:57771 [0] NCCL INFO AllReduce: 16 Bytes -> Algo RING proto SIMPLE channel{Lo..Hi}={0..0}
[1,0]<stdout>:appmana-023:57771:57771 [0] NCCL INFO AllReduce: 16 Bytes -> Algo RING proto SIMPLE channel{Lo..Hi}={0..0}
[1,0]<stdout>:appmana-023:57771:57771 [0] NCCL INFO AllReduce: 16 Bytes -> Algo RING proto SIMPLE channel{Lo..Hi}={0..0}
[1,0]<stdout>:appmana-023:57771:57771 [0] NCCL INFO AllReduce: 16 Bytes -> Algo RING proto SIMPLE channel{Lo..Hi}={0..0}
[1,0]<stdout>:appmana-023:57771:57771 [0] NCCL INFO AllReduce: 16 Bytes -> Algo RING proto SIMPLE channel{Lo..Hi}={0..0}
[1,0]<stdout>:appmana-023:57771:57771 [0] NCCL INFO AllReduce: 16 Bytes -> Algo RING proto SIMPLE channel{Lo..Hi}={0..0}
[1,0]<stdout>:appmana-023:57771:57771 [0] NCCL INFO AllReduce: 16 Bytes -> Algo RING proto SIMPLE channel{Lo..Hi}={0..0}
[1,0]<stdout>:appmana-023:57771:57771 [0] NCCL INFO AllReduce: 16 Bytes -> Algo RING proto SIMPLE channel{Lo..Hi}={0..0}
[1,0]<stdout>:appmana-023:57771:57771 [0] NCCL INFO AllReduce: 16 Bytes -> Algo RING proto SIMPLE channel{Lo..Hi}={0..0}
[1,0]<stdout>:appmana-023:57771:57771 [0] NCCL INFO AllReduce: 16 Bytes -> Algo RING proto SIMPLE channel{Lo..Hi}={0..0}
[1,0]<stdout>:appmana-023:57771:57771 [0] NCCL INFO AllReduce: 16 Bytes -> Algo RING proto SIMPLE channel{Lo..Hi}={0..0}
[1,0]<stdout>:appmana-023:57771:57771 [0] NCCL INFO AllReduce: 16 Bytes -> Algo RING proto SIMPLE channel{Lo..Hi}={0..0}
[1,0]<stdout>:appmana-023:57771:57771 [0] NCCL INFO AllReduce: 16 Bytes -> Algo RING proto SIMPLE channel{Lo..Hi}={0..0}
[1,0]<stdout>:appmana-023:57771:57771 [0] NCCL INFO AllReduce: 16 Bytes -> Algo RING proto SIMPLE channel{Lo..Hi}={0..0}
[1,0]<stdout>:appmana-023:57771:57771 [0] NCCL INFO AllReduce: 16 Bytes -> Algo RING proto SIMPLE channel{Lo..Hi}={0..0}
[1,0]<stdout>:appmana-023:57771:57771 [0] NCCL INFO AllReduce: 16 Bytes -> Algo RING proto SIMPLE channel{Lo..Hi}={0..0}
[1,0]<stdout>:appmana-023:57771:57771 [0] NCCL INFO AllReduce: 16 Bytes -> Algo RING proto SIMPLE channel{Lo..Hi}={0..0}
[1,0]<stdout>:appmana-023:57771:57771 [0] NCCL INFO AllReduce: 16 Bytes -> Algo RING proto SIMPLE channel{Lo..Hi}={0..0}
[1,0]<stdout>:appmana-023:57771:57771 [0] NCCL INFO AllReduce: 16 Bytes -> Algo RING proto SIMPLE channel{Lo..Hi}={0..0}
[1,0]<stdout>:appmana-023:57771:57771 [0] NCCL INFO AllReduce: 16 Bytes -> Algo RING proto SIMPLE channel{Lo..Hi}={0..0}
[1,0]<stdout>:appmana-023:57771:57771 [0] NCCL INFO AllReduce: 16 Bytes -> Algo RING proto SIMPLE channel{Lo..Hi}={0..0}
[1,0]<stdout>:    70.85    0.00    0.00       0appmana-023:57771:57771 [0] NCCL INFO AllReduce: 16 Bytes -> Algo RING proto SIMPLE channel{Lo..Hi}={0..0}
[1,0]<stdout>:appmana-023:57771:57771 [0] NCCL INFO AllReduce: 16 Bytes -> Algo RING proto SIMPLE channel{Lo..Hi}={0..0}
[1,0]<stdout>:appmana-023:57771:57771 [0] NCCL INFO AllReduce: 16 Bytes -> Algo RING proto SIMPLE channel{Lo..Hi}={0..0}
[1,0]<stdout>:appmana-023:57771:57771 [0] NCCL INFO AllReduce: 16 Bytes -> Algo RING proto SIMPLE channel{Lo..Hi}={0..0}
[1,0]<stdout>:appmana-023:57771:57771 [0] NCCL INFO AllReduce: 16 Bytes -> Algo RING proto SIMPLE channel{Lo..Hi}={0..0}
[1,0]<stdout>:appmana-023:57771:57771 [0] NCCL INFO AllReduce: 16 Bytes -> Algo RING proto SIMPLE channel{Lo..Hi}={0..0}
[1,0]<stdout>:appmana-023:57771:57771 [0] NCCL INFO AllReduce: 16 Bytes -> Algo RING proto SIMPLE channel{Lo..Hi}={0..0}
[1,0]<stdout>:appmana-023:57771:57771 [0] NCCL INFO AllReduce: 16 Bytes -> Algo RING proto SIMPLE channel{Lo..Hi}={0..0}
[1,0]<stdout>:appmana-023:57771:57771 [0] NCCL INFO AllReduce: 16 Bytes -> Algo RING proto SIMPLE channel{Lo..Hi}={0..0}
[1,0]<stdout>:appmana-023:57771:57771 [0] NCCL INFO AllReduce: 16 Bytes -> Algo RING proto SIMPLE channel{Lo..Hi}={0..0}
[1,0]<stdout>:appmana-023:57771:57771 [0] NCCL INFO AllReduce: 16 Bytes -> Algo RING proto SIMPLE channel{Lo..Hi}={0..0}
[1,0]<stdout>:appmana-023:57771:57771 [0] NCCL INFO AllReduce: 16 Bytes -> Algo RING proto SIMPLE channel{Lo..Hi}={0..0}
[1,0]<stdout>:appmana-023:57771:57771 [0] NCCL INFO AllReduce: 16 Bytes -> Algo RING proto SIMPLE channel{Lo..Hi}={0..0}
[1,0]<stdout>:appmana-023:57771:57771 [0] NCCL INFO AllReduce: 16 Bytes -> Algo RING proto SIMPLE channel{Lo..Hi}={0..0}
[1,0]<stdout>:appmana-023:57771:57771 [0] NCCL INFO AllReduce: 16 Bytes -> Algo RING proto SIMPLE channel{Lo..Hi}={0..0}
[1,0]<stdout>:appmana-023:57771:57771 [0] NCCL INFO AllReduce: 16 Bytes -> Algo RING proto SIMPLE channel{Lo..Hi}={0..0}
[1,0]<stdout>:appmana-023:57771:57771 [0] NCCL INFO AllReduce: 16 Bytes -> Algo RING proto SIMPLE channel{Lo..Hi}={0..0}
[1,0]<stdout>:appmana-023:57771:57771 [0] NCCL INFO AllReduce: 16 Bytes -> Algo RING proto SIMPLE channel{Lo..Hi}={0..0}
[1,0]<stdout>:appmana-023:57771:57771 [0] NCCL INFO AllReduce: 16 Bytes -> Algo RING proto SIMPLE channel{Lo..Hi}={0..0}
[1,0]<stdout>:appmana-023:57771:57771 [0] NCCL INFO AllReduce: 16 Bytes -> Algo RING proto SIMPLE channel{Lo..Hi}={0..0}
[1,0]<stdout>:appmana-023:57771:57771 [0] NCCL INFO AllReduce: 16 Bytes -> Algo RING proto SIMPLE channel{Lo..Hi}={0..0}
[1,0]<stdout>:appmana-023:57771:57771 [0] NCCL INFO AllReduce: 16 Bytes -> Algo RING proto SIMPLE channel{Lo..Hi}={0..0}
[1,0]<stdout>:    69.69    0.00    0.00       0
[1,0]<stdout>:          32             8     float     sum      -1appmana-023:57771:57771 [0] NCCL INFO AllReduce: 32 Bytes -> Algo RING proto SIMPLE channel{Lo..Hi}={0..0}
[1,0]<stdout>:appmana-023:57771:57771 [0] NCCL INFO AllReduce: 32 Bytes -> Algo RING proto SIMPLE channel{Lo..Hi}={0..0}
[1,0]<stdout>:appmana-023:57771:57771 [0] NCCL INFO AllReduce: 32 Bytes -> Algo RING proto SIMPLE channel{Lo..Hi}={0..0}
[1,0]<stdout>:appmana-023:57771:57771 [0] NCCL INFO AllReduce: 32 Bytes -> Algo RING proto SIMPLE channel{Lo..Hi}={0..0}
[1,0]<stdout>:appmana-023:57771:57771 [0] NCCL INFO AllReduce: 32 Bytes -> Algo RING proto SIMPLE channel{Lo..Hi}={0..0}
[1,0]<stdout>:appmana-023:57771:57771 [0] NCCL INFO AllReduce: 32 Bytes -> Algo RING proto SIMPLE channel{Lo..Hi}={0..0}
[1,0]<stdout>:appmana-023:57771:57771 [0] NCCL INFO AllReduce: 32 Bytes -> Algo RING proto SIMPLE channel{Lo..Hi}={0..0}
[1,0]<stdout>:appmana-023:57771:57771 [0] NCCL INFO AllReduce: 32 Bytes -> Algo RING proto SIMPLE channel{Lo..Hi}={0..0}
[1,0]<stdout>:appmana-023:57771:57771 [0] NCCL INFO AllReduce: 32 Bytes -> Algo RING proto SIMPLE channel{Lo..Hi}={0..0}
[1,0]<stdout>:appmana-023:57771:57771 [0] NCCL INFO AllReduce: 32 Bytes -> Algo RING proto SIMPLE channel{Lo..Hi}={0..0}
[1,0]<stdout>:appmana-023:57771:57771 [0] NCCL INFO AllReduce: 32 Bytes -> Algo RING proto SIMPLE channel{Lo..Hi}={0..0}
[1,0]<stdout>:appmana-023:57771:57771 [0] NCCL INFO AllReduce: 32 Bytes -> Algo RING proto SIMPLE channel{Lo..Hi}={0..0}
[1,0]<stdout>:appmana-023:57771:57771 [0] NCCL INFO AllReduce: 32 Bytes -> Algo RING proto SIMPLE channel{Lo..Hi}={0..0}
[1,0]<stdout>:appmana-023:57771:57771 [0] NCCL INFO AllReduce: 32 Bytes -> Algo RING proto SIMPLE channel{Lo..Hi}={0..0}
[1,0]<stdout>:appmana-023:57771:57771 [0] NCCL INFO AllReduce: 32 Bytes -> Algo RING proto SIMPLE channel{Lo..Hi}={0..0}
[1,0]<stdout>:appmana-023:57771:57771 [0] NCCL INFO AllReduce: 32 Bytes -> Algo RING proto SIMPLE channel{Lo..Hi}={0..0}
[1,0]<stdout>:appmana-023:57771:57771 [0] NCCL INFO AllReduce: 32 Bytes -> Algo RING proto SIMPLE channel{Lo..Hi}={0..0}
[1,0]<stdout>:appmana-023:57771:57771 [0] NCCL INFO AllReduce: 32 Bytes -> Algo RING proto SIMPLE channel{Lo..Hi}={0..0}
[1,0]<stdout>:appmana-023:57771:57771 [0] NCCL INFO AllReduce: 32 Bytes -> Algo RING proto SIMPLE channel{Lo..Hi}={0..0}
[1,0]<stdout>:appmana-023:57771:57771 [0] NCCL INFO AllReduce: 32 Bytes -> Algo RING proto SIMPLE channel{Lo..Hi}={0..0}
[1,0]<stdout>:appmana-023:57771:57771 [0] NCCL INFO AllReduce: 32 Bytes -> Algo RING proto SIMPLE channel{Lo..Hi}={0..0}
[1,0]<stdout>:appmana-023:57771:57771 [0] NCCL INFO AllReduce: 32 Bytes -> Algo RING proto SIMPLE channel{Lo..Hi}={0..0}
[1,0]<stdout>:    71.74    0.00    0.00       0appmana-023:57771:57771 [0] NCCL INFO AllReduce: 32 Bytes -> Algo RING proto SIMPLE channel{Lo..Hi}={0..0}
[1,0]<stdout>:appmana-023:57771:57771 [0] NCCL INFO AllReduce: 32 Bytes -> Algo RING proto SIMPLE channel{Lo..Hi}={0..0}
[1,0]<stdout>:appmana-023:57771:57771 [0] NCCL INFO AllReduce: 32 Bytes -> Algo RING proto SIMPLE channel{Lo..Hi}={0..0}
[1,0]<stdout>:appmana-023:57771:57771 [0] NCCL INFO AllReduce: 32 Bytes -> Algo RING proto SIMPLE channel{Lo..Hi}={0..0}
[1,0]<stdout>:appmana-023:57771:57771 [0] NCCL INFO AllReduce: 32 Bytes -> Algo RING proto SIMPLE channel{Lo..Hi}={0..0}
[1,0]<stdout>:appmana-023:57771:57771 [0] NCCL INFO AllReduce: 32 Bytes -> Algo RING proto SIMPLE channel{Lo..Hi}={0..0}
[1,0]<stdout>:appmana-023:57771:57771 [0] NCCL INFO AllReduce: 32 Bytes -> Algo RING proto SIMPLE channel{Lo..Hi}={0..0}
[1,0]<stdout>:appmana-023:57771:57771 [0] NCCL INFO AllReduce: 32 Bytes -> Algo RING proto SIMPLE channel{Lo..Hi}={0..0}
[1,0]<stdout>:appmana-023:57771:57771 [0] NCCL INFO AllReduce: 32 Bytes -> Algo RING proto SIMPLE channel{Lo..Hi}={0..0}
[1,0]<stdout>:appmana-023:57771:57771 [0] NCCL INFO AllReduce: 32 Bytes -> Algo RING proto SIMPLE channel{Lo..Hi}={0..0}
[1,0]<stdout>:appmana-023:57771:57771 [0] NCCL INFO AllReduce: 32 Bytes -> Algo RING proto SIMPLE channel{Lo..Hi}={0..0}
[1,0]<stdout>:appmana-023:57771:57771 [0] NCCL INFO AllReduce: 32 Bytes -> Algo RING proto SIMPLE channel{Lo..Hi}={0..0}
[1,0]<stdout>:appmana-023:57771:57771 [0] NCCL INFO AllReduce: 32 Bytes -> Algo RING proto SIMPLE channel{Lo..Hi}={0..0}
[1,0]<stdout>:appmana-023:57771:57771 [0] NCCL INFO AllReduce: 32 Bytes -> Algo RING proto SIMPLE channel{Lo..Hi}={0..0}
[1,0]<stdout>:appmana-023:57771:57771 [0] NCCL INFO AllReduce: 32 Bytes -> Algo RING proto SIMPLE channel{Lo..Hi}={0..0}
[1,0]<stdout>:appmana-023:57771:57771 [0] NCCL INFO AllReduce: 32 Bytes -> Algo RING proto SIMPLE channel{Lo..Hi}={0..0}
[1,0]<stdout>:appmana-023:57771:57771 [0] NCCL INFO AllReduce: 32 Bytes -> Algo RING proto SIMPLE channel{Lo..Hi}={0..0}
[1,0]<stdout>:appmana-023:57771:57771 [0] NCCL INFO AllReduce: 32 Bytes -> Algo RING proto SIMPLE channel{Lo..Hi}={0..0}
[1,0]<stdout>:appmana-023:57771:57771 [0] NCCL INFO AllReduce: 32 Bytes -> Algo RING proto SIMPLE channel{Lo..Hi}={0..0}
[1,0]<stdout>:appmana-023:57771:57771 [0] NCCL INFO AllReduce: 32 Bytes -> Algo RING proto SIMPLE channel{Lo..Hi}={0..0}
[1,0]<stdout>:appmana-023:57771:57771 [0] NCCL INFO AllReduce: 32 Bytes -> Algo RING proto SIMPLE channel{Lo..Hi}={0..0}
[1,0]<stdout>:appmana-023:57771:57771 [0] NCCL INFO AllReduce: 32 Bytes -> Algo RING proto SIMPLE channel{Lo..Hi}={0..0}
[1,0]<stdout>:    72.79    0.00    0.00       0
[1,0]<stdout>:          64            16     float     sum      -1appmana-023:57771:57771 [0] NCCL INFO AllReduce: 64 Bytes -> Algo RING proto SIMPLE channel{Lo..Hi}={0..0}
[1,0]<stdout>:appmana-023:57771:57771 [0] NCCL INFO AllReduce: 64 Bytes -> Algo RING proto SIMPLE channel{Lo..Hi}={0..0}
[1,0]<stdout>:appmana-023:57771:57771 [0] NCCL INFO AllReduce: 64 Bytes -> Algo RING proto SIMPLE channel{Lo..Hi}={0..0}
[1,0]<stdout>:appmana-023:57771:57771 [0] NCCL INFO AllReduce: 64 Bytes -> Algo RING proto SIMPLE channel{Lo..Hi}={0..0}
[1,0]<stdout>:appmana-023:57771:57771 [0] NCCL INFO AllReduce: 64 Bytes -> Algo RING proto SIMPLE channel{Lo..Hi}={0..0}
[1,0]<stdout>:appmana-023:57771:57771 [0] NCCL INFO AllReduce: 64 Bytes -> Algo RING proto SIMPLE channel{Lo..Hi}={0..0}
[1,0]<stdout>:appmana-023:57771:57771 [0] NCCL INFO AllReduce: 64 Bytes -> Algo RING proto SIMPLE channel{Lo..Hi}={0..0}
[1,0]<stdout>:appmana-023:57771:57771 [0] NCCL INFO AllReduce: 64 Bytes -> Algo RING proto SIMPLE channel{Lo..Hi}={0..0}
[1,0]<stdout>:appmana-023:57771:57771 [0] NCCL INFO AllReduce: 64 Bytes -> Algo RING proto SIMPLE channel{Lo..Hi}={0..0}
[1,0]<stdout>:appmana-023:57771:57771 [0] NCCL INFO AllReduce: 64 Bytes -> Algo RING proto SIMPLE channel{Lo..Hi}={0..0}
[1,0]<stdout>:appmana-023:57771:57771 [0] NCCL INFO AllReduce: 64 Bytes -> Algo RING proto SIMPLE channel{Lo..Hi}={0..0}
[1,0]<stdout>:appmana-023:57771:57771 [0] NCCL INFO AllReduce: 64 Bytes -> Algo RING proto SIMPLE channel{Lo..Hi}={0..0}
[1,0]<stdout>:appmana-023:57771:57771 [0] NCCL INFO AllReduce: 64 Bytes -> Algo RING proto SIMPLE channel{Lo..Hi}={0..0}
[1,0]<stdout>:appmana-023:57771:57771 [0] NCCL INFO AllReduce: 64 Bytes -> Algo RING proto SIMPLE channel{Lo..Hi}={0..0}
[1,0]<stdout>:appmana-023:57771:57771 [0] NCCL INFO AllReduce: 64 Bytes -> Algo RING proto SIMPLE channel{Lo..Hi}={0..0}
[1,0]<stdout>:appmana-023:57771:57771 [0] NCCL INFO AllReduce: 64 Bytes -> Algo RING proto SIMPLE channel{Lo..Hi}={0..0}
[1,0]<stdout>:appmana-023:57771:57771 [0] NCCL INFO AllReduce: 64 Bytes -> Algo RING proto SIMPLE channel{Lo..Hi}={0..0}
[1,0]<stdout>:appmana-023:57771:57771 [0] NCCL INFO AllReduce: 64 Bytes -> Algo RING proto SIMPLE channel{Lo..Hi}={0..0}
[1,0]<stdout>:appmana-023:57771:57771 [0] NCCL INFO AllReduce: 64 Bytes -> Algo RING proto SIMPLE channel{Lo..Hi}={0..0}
[1,0]<stdout>:appmana-023:57771:57771 [0] NCCL INFO AllReduce: 64 Bytes -> Algo RING proto SIMPLE channel{Lo..Hi}={0..0}
[1,0]<stdout>:appmana-023:57771:57771 [0] NCCL INFO AllReduce: 64 Bytes -> Algo RING proto SIMPLE channel{Lo..Hi}={0..0}
[1,0]<stdout>:appmana-023:57771:57771 [0] NCCL INFO AllReduce: 64 Bytes -> Algo RING proto SIMPLE channel{Lo..Hi}={0..0}
[1,0]<stdout>:    70.54    0.00    0.00       0appmana-023:57771:57771 [0] NCCL INFO AllReduce: 64 Bytes -> Algo RING proto SIMPLE channel{Lo..Hi}={0..0}
[1,0]<stdout>:appmana-023:57771:57771 [0] NCCL INFO AllReduce: 64 Bytes -> Algo RING proto SIMPLE channel{Lo..Hi}={0..0}
[1,0]<stdout>:appmana-023:57771:57771 [0] NCCL INFO AllReduce: 64 Bytes -> Algo RING proto SIMPLE channel{Lo..Hi}={0..0}
[1,0]<stdout>:appmana-023:57771:57771 [0] NCCL INFO AllReduce: 64 Bytes -> Algo RING proto SIMPLE channel{Lo..Hi}={0..0}
[1,0]<stdout>:appmana-023:57771:57771 [0] NCCL INFO AllReduce: 64 Bytes -> Algo RING proto SIMPLE channel{Lo..Hi}={0..0}
[1,0]<stdout>:appmana-023:57771:57771 [0] NCCL INFO AllReduce: 64 Bytes -> Algo RING proto SIMPLE channel{Lo..Hi}={0..0}
[1,0]<stdout>:appmana-023:57771:57771 [0] NCCL INFO AllReduce: 64 Bytes -> Algo RING proto SIMPLE channel{Lo..Hi}={0..0}
[1,0]<stdout>:appmana-023:57771:57771 [0] NCCL INFO AllReduce: 64 Bytes -> Algo RING proto SIMPLE channel{Lo..Hi}={0..0}
[1,0]<stdout>:appmana-023:57771:57771 [0] NCCL INFO AllReduce: 64 Bytes -> Algo RING proto SIMPLE channel{Lo..Hi}={0..0}
[1,0]<stdout>:appmana-023:57771:57771 [0] NCCL INFO AllReduce: 64 Bytes -> Algo RING proto SIMPLE channel{Lo..Hi}={0..0}
[1,0]<stdout>:appmana-023:57771:57771 [0] NCCL INFO AllReduce: 64 Bytes -> Algo RING proto SIMPLE channel{Lo..Hi}={0..0}
[1,0]<stdout>:appmana-023:57771:57771 [0] NCCL INFO AllReduce: 64 Bytes -> Algo RING proto SIMPLE channel{Lo..Hi}={0..0}
[1,0]<stdout>:appmana-023:57771:57771 [0] NCCL INFO AllReduce: 64 Bytes -> Algo RING proto SIMPLE channel{Lo..Hi}={0..0}
[1,0]<stdout>:appmana-023:57771:57771 [0] NCCL INFO AllReduce: 64 Bytes -> Algo RING proto SIMPLE channel{Lo..Hi}={0..0}
[1,0]<stdout>:appmana-023:57771:57771 [0] NCCL INFO AllReduce: 64 Bytes -> Algo RING proto SIMPLE channel{Lo..Hi}={0..0}
[1,0]<stdout>:appmana-023:57771:57771 [0] NCCL INFO AllReduce: 64 Bytes -> Algo RING proto SIMPLE channel{Lo..Hi}={0..0}
[1,0]<stdout>:appmana-023:57771:57771 [0] NCCL INFO AllReduce: 64 Bytes -> Algo RING proto SIMPLE channel{Lo..Hi}={0..0}
[1,0]<stdout>:appmana-023:57771:57771 [0] NCCL INFO AllReduce: 64 Bytes -> Algo RING proto SIMPLE channel{Lo..Hi}={0..0}
[1,0]<stdout>:appmana-023:57771:57771 [0] NCCL INFO AllReduce: 64 Bytes -> Algo RING proto SIMPLE channel{Lo..Hi}={0..0}
[1,0]<stdout>:appmana-023:57771:57771 [0] NCCL INFO AllReduce: 64 Bytes -> Algo RING proto SIMPLE channel{Lo..Hi}={0..0}
[1,0]<stdout>:appmana-023:57771:57771 [0] NCCL INFO AllReduce: 64 Bytes -> Algo RING proto SIMPLE channel{Lo..Hi}={0..0}
[1,0]<stdout>:appmana-023:57771:57771 [0] NCCL INFO AllReduce: 64 Bytes -> Algo RING proto SIMPLE channel{Lo..Hi}={0..0}
[1,0]<stdout>:    70.41    0.00    0.00       0
[1,0]<stdout>:         128            32     float     sum      -1appmana-023:57771:57771 [0] NCCL INFO AllReduce: 128 Bytes -> Algo RING proto SIMPLE channel{Lo..Hi}={0..0}
[1,0]<stdout>:appmana-023:57771:57771 [0] NCCL INFO AllReduce: 128 Bytes -> Algo RING proto SIMPLE channel{Lo..Hi}={0..0}
[1,0]<stdout>:appmana-023:57771:57771 [0] NCCL INFO AllReduce: 128 Bytes -> Algo RING proto SIMPLE channel{Lo..Hi}={0..0}
[1,0]<stdout>:appmana-023:57771:57771 [0] NCCL INFO AllReduce: 128 Bytes -> Algo RING proto SIMPLE channel{Lo..Hi}={0..0}
[1,0]<stdout>:appmana-023:57771:57771 [0] NCCL INFO AllReduce: 128 Bytes -> Algo RING proto SIMPLE channel{Lo..Hi}={0..0}
[1,0]<stdout>:appmana-023:57771:57771 [0] NCCL INFO AllReduce: 128 Bytes -> Algo RING proto SIMPLE channel{Lo..Hi}={0..0}
[1,0]<stdout>:appmana-023:57771:57771 [0] NCCL INFO AllReduce: 128 Bytes -> Algo RING proto SIMPLE channel{Lo..Hi}={0..0}
[1,0]<stdout>:appmana-023:57771:57771 [0] NCCL INFO AllReduce: 128 Bytes -> Algo RING proto SIMPLE channel{Lo..Hi}={0..0}
[1,0]<stdout>:appmana-023:57771:57771 [0] NCCL INFO AllReduce: 128 Bytes -> Algo RING proto SIMPLE channel{Lo..Hi}={0..0}
[1,0]<stdout>:appmana-023:57771:57771 [0] NCCL INFO AllReduce: 128 Bytes -> Algo RING proto SIMPLE channel{Lo..Hi}={0..0}
[1,0]<stdout>:appmana-023:57771:57771 [0] NCCL INFO AllReduce: 128 Bytes -> Algo RING proto SIMPLE channel{Lo..Hi}={0..0}
[1,0]<stdout>:appmana-023:57771:57771 [0] NCCL INFO AllReduce: 128 Bytes -> Algo RING proto SIMPLE channel{Lo..Hi}={0..0}
[1,0]<stdout>:appmana-023:57771:57771 [0] NCCL INFO AllReduce: 128 Bytes -> Algo RING proto SIMPLE channel{Lo..Hi}={0..0}
[1,0]<stdout>:appmana-023:57771:57771 [0] NCCL INFO AllReduce: 128 Bytes -> Algo RING proto SIMPLE channel{Lo..Hi}={0..0}
[1,0]<stdout>:appmana-023:57771:57771 [0] NCCL INFO AllReduce: 128 Bytes -> Algo RING proto SIMPLE channel{Lo..Hi}={0..0}
[1,0]<stdout>:appmana-023:57771:57771 [0] NCCL INFO AllReduce: 128 Bytes -> Algo RING proto SIMPLE channel{Lo..Hi}={0..0}
[1,0]<stdout>:appmana-023:57771:57771 [0] NCCL INFO AllReduce: 128 Bytes -> Algo RING proto SIMPLE channel{Lo..Hi}={0..0}
[1,0]<stdout>:appmana-023:57771:57771 [0] NCCL INFO AllReduce: 128 Bytes -> Algo RING proto SIMPLE channel{Lo..Hi}={0..0}
[1,0]<stdout>:appmana-023:57771:57771 [0] NCCL INFO AllReduce: 128 Bytes -> Algo RING proto SIMPLE channel{Lo..Hi}={0..0}
[1,0]<stdout>:appmana-023:57771:57771 [0] NCCL INFO AllReduce: 128 Bytes -> Algo RING proto SIMPLE channel{Lo..Hi}={0..0}
[1,0]<stdout>:appmana-023:57771:57771 [0] NCCL INFO AllReduce: 128 Bytes -> Algo RING proto SIMPLE channel{Lo..Hi}={0..0}
[1,0]<stdout>:appmana-023:57771:57771 [0] NCCL INFO AllReduce: 128 Bytes -> Algo RING proto SIMPLE channel{Lo..Hi}={0..0}
[1,0]<stdout>:    70.40    0.00    0.00       0appmana-023:57771:57771 [0] NCCL INFO AllReduce: 128 Bytes -> Algo RING proto SIMPLE channel{Lo..Hi}={0..0}
[1,0]<stdout>:appmana-023:57771:57771 [0] NCCL INFO AllReduce: 128 Bytes -> Algo RING proto SIMPLE channel{Lo..Hi}={0..0}
[1,0]<stdout>:appmana-023:57771:57771 [0] NCCL INFO AllReduce: 128 Bytes -> Algo RING proto SIMPLE channel{Lo..Hi}={0..0}
[1,0]<stdout>:appmana-023:57771:57771 [0] NCCL INFO AllReduce: 128 Bytes -> Algo RING proto SIMPLE channel{Lo..Hi}={0..0}
[1,0]<stdout>:appmana-023:57771:57771 [0] NCCL INFO AllReduce: 128 Bytes -> Algo RING proto SIMPLE channel{Lo..Hi}={0..0}
[1,0]<stdout>:appmana-023:57771:57771 [0] NCCL INFO AllReduce: 128 Bytes -> Algo RING proto SIMPLE channel{Lo..Hi}={0..0}
[1,0]<stdout>:appmana-023:57771:57771 [0] NCCL INFO AllReduce: 128 Bytes -> Algo RING proto SIMPLE channel{Lo..Hi}={0..0}
[1,0]<stdout>:appmana-023:57771:57771 [0] NCCL INFO AllReduce: 128 Bytes -> Algo RING proto SIMPLE channel{Lo..Hi}={0..0}
[1,0]<stdout>:appmana-023:57771:57771 [0] NCCL INFO AllReduce: 128 Bytes -> Algo RING proto SIMPLE channel{Lo..Hi}={0..0}
[1,0]<stdout>:appmana-023:57771:57771 [0] NCCL INFO AllReduce: 128 Bytes -> Algo RING proto SIMPLE channel{Lo..Hi}={0..0}
[1,0]<stdout>:appmana-023:57771:57771 [0] NCCL INFO AllReduce: 128 Bytes -> Algo RING proto SIMPLE channel{Lo..Hi}={0..0}
[1,0]<stdout>:appmana-023:57771:57771 [0] NCCL INFO AllReduce: 128 Bytes -> Algo RING proto SIMPLE channel{Lo..Hi}={0..0}
[1,0]<stdout>:appmana-023:57771:57771 [0] NCCL INFO AllReduce: 128 Bytes -> Algo RING proto SIMPLE channel{Lo..Hi}={0..0}
[1,0]<stdout>:appmana-023:57771:57771 [0] NCCL INFO AllReduce: 128 Bytes -> Algo RING proto SIMPLE channel{Lo..Hi}={0..0}
[1,0]<stdout>:appmana-023:57771:57771 [0] NCCL INFO AllReduce: 128 Bytes -> Algo RING proto SIMPLE channel{Lo..Hi}={0..0}
[1,0]<stdout>:appmana-023:57771:57771 [0] NCCL INFO AllReduce: 128 Bytes -> Algo RING proto SIMPLE channel{Lo..Hi}={0..0}
[1,0]<stdout>:appmana-023:57771:57771 [0] NCCL INFO AllReduce: 128 Bytes -> Algo RING proto SIMPLE channel{Lo..Hi}={0..0}
[1,0]<stdout>:appmana-023:57771:57771 [0] NCCL INFO AllReduce: 128 Bytes -> Algo RING proto SIMPLE channel{Lo..Hi}={0..0}
[1,0]<stdout>:appmana-023:57771:57771 [0] NCCL INFO AllReduce: 128 Bytes -> Algo RING proto SIMPLE channel{Lo..Hi}={0..0}
[1,0]<stdout>:appmana-023:57771:57771 [0] NCCL INFO AllReduce: 128 Bytes -> Algo RING proto SIMPLE channel{Lo..Hi}={0..0}
[1,0]<stdout>:appmana-023:57771:57771 [0] NCCL INFO AllReduce: 128 Bytes -> Algo RING proto SIMPLE channel{Lo..Hi}={0..0}
[1,0]<stdout>:appmana-023:57771:57771 [0] NCCL INFO AllReduce: 128 Bytes -> Algo RING proto SIMPLE channel{Lo..Hi}={0..0}
[1,0]<stdout>:    71.77    0.00    0.00       0
[1,0]<stdout>:         256            64     float     sum      -1appmana-023:57771:57771 [0] NCCL INFO AllReduce: 256 Bytes -> Algo RING proto SIMPLE channel{Lo..Hi}={0..0}
[1,0]<stdout>:appmana-023:57771:57771 [0] NCCL INFO AllReduce: 256 Bytes -> Algo RING proto SIMPLE channel{Lo..Hi}={0..0}
[1,0]<stdout>:appmana-023:57771:57771 [0] NCCL INFO AllReduce: 256 Bytes -> Algo RING proto SIMPLE channel{Lo..Hi}={0..0}
[1,0]<stdout>:appmana-023:57771:57771 [0] NCCL INFO AllReduce: 256 Bytes -> Algo RING proto SIMPLE channel{Lo..Hi}={0..0}
[1,0]<stdout>:appmana-023:57771:57771 [0] NCCL INFO AllReduce: 256 Bytes -> Algo RING proto SIMPLE channel{Lo..Hi}={0..0}
[1,0]<stdout>:appmana-023:57771:57771 [0] NCCL INFO AllReduce: 256 Bytes -> Algo RING proto SIMPLE channel{Lo..Hi}={0..0}
[1,0]<stdout>:appmana-023:57771:57771 [0] NCCL INFO AllReduce: 256 Bytes -> Algo RING proto SIMPLE channel{Lo..Hi}={0..0}
[1,0]<stdout>:appmana-023:57771:57771 [0] NCCL INFO AllReduce: 256 Bytes -> Algo RING proto SIMPLE channel{Lo..Hi}={0..0}
[1,0]<stdout>:appmana-023:57771:57771 [0] NCCL INFO AllReduce: 256 Bytes -> Algo RING proto SIMPLE channel{Lo..Hi}={0..0}
[1,0]<stdout>:appmana-023:57771:57771 [0] NCCL INFO AllReduce: 256 Bytes -> Algo RING proto SIMPLE channel{Lo..Hi}={0..0}
[1,0]<stdout>:appmana-023:57771:57771 [0] NCCL INFO AllReduce: 256 Bytes -> Algo RING proto SIMPLE channel{Lo..Hi}={0..0}
[1,0]<stdout>:appmana-023:57771:57771 [0] NCCL INFO AllReduce: 256 Bytes -> Algo RING proto SIMPLE channel{Lo..Hi}={0..0}
[1,0]<stdout>:appmana-023:57771:57771 [0] NCCL INFO AllReduce: 256 Bytes -> Algo RING proto SIMPLE channel{Lo..Hi}={0..0}
[1,0]<stdout>:appmana-023:57771:57771 [0] NCCL INFO AllReduce: 256 Bytes -> Algo RING proto SIMPLE channel{Lo..Hi}={0..0}
[1,0]<stdout>:appmana-023:57771:57771 [0] NCCL INFO AllReduce: 256 Bytes -> Algo RING proto SIMPLE channel{Lo..Hi}={0..0}
[1,0]<stdout>:appmana-023:57771:57771 [0] NCCL INFO AllReduce: 256 Bytes -> Algo RING proto SIMPLE channel{Lo..Hi}={0..0}
[1,0]<stdout>:appmana-023:57771:57771 [0] NCCL INFO AllReduce: 256 Bytes -> Algo RING proto SIMPLE channel{Lo..Hi}={0..0}
[1,0]<stdout>:appmana-023:57771:57771 [0] NCCL INFO AllReduce: 256 Bytes -> Algo RING proto SIMPLE channel{Lo..Hi}={0..0}
[1,0]<stdout>:appmana-023:57771:57771 [0] NCCL INFO AllReduce: 256 Bytes -> Algo RING proto SIMPLE channel{Lo..Hi}={0..0}
[1,0]<stdout>:appmana-023:57771:57771 [0] NCCL INFO AllReduce: 256 Bytes -> Algo RING proto SIMPLE channel{Lo..Hi}={0..0}
[1,0]<stdout>:appmana-023:57771:57771 [0] NCCL INFO AllReduce: 256 Bytes -> Algo RING proto SIMPLE channel{Lo..Hi}={0..0}
[1,0]<stdout>:appmana-023:57771:57771 [0] NCCL INFO AllReduce: 256 Bytes -> Algo RING proto SIMPLE channel{Lo..Hi}={0..0}
[1,0]<stdout>:    72.05    0.00    0.00       0appmana-023:57771:57771 [0] NCCL INFO AllReduce: 256 Bytes -> Algo RING proto SIMPLE channel{Lo..Hi}={0..0}
[1,0]<stdout>:appmana-023:57771:57771 [0] NCCL INFO AllReduce: 256 Bytes -> Algo RING proto SIMPLE channel{Lo..Hi}={0..0}
[1,0]<stdout>:appmana-023:57771:57771 [0] NCCL INFO AllReduce: 256 Bytes -> Algo RING proto SIMPLE channel{Lo..Hi}={0..0}
[1,0]<stdout>:appmana-023:57771:57771 [0] NCCL INFO AllReduce: 256 Bytes -> Algo RING proto SIMPLE channel{Lo..Hi}={0..0}
[1,0]<stdout>:appmana-023:57771:57771 [0] NCCL INFO AllReduce: 256 Bytes -> Algo RING proto SIMPLE channel{Lo..Hi}={0..0}
[1,0]<stdout>:appmana-023:57771:57771 [0] NCCL INFO AllReduce: 256 Bytes -> Algo RING proto SIMPLE channel{Lo..Hi}={0..0}
[1,0]<stdout>:appmana-023:57771:57771 [0] NCCL INFO AllReduce: 256 Bytes -> Algo RING proto SIMPLE channel{Lo..Hi}={0..0}
[1,0]<stdout>:appmana-023:57771:57771 [0] NCCL INFO AllReduce: 256 Bytes -> Algo RING proto SIMPLE channel{Lo..Hi}={0..0}
[1,0]<stdout>:appmana-023:57771:57771 [0] NCCL INFO AllReduce: 256 Bytes -> Algo RING proto SIMPLE channel{Lo..Hi}={0..0}
[1,0]<stdout>:appmana-023:57771:57771 [0] NCCL INFO AllReduce: 256 Bytes -> Algo RING proto SIMPLE channel{Lo..Hi}={0..0}
[1,0]<stdout>:appmana-023:57771:57771 [0] NCCL INFO AllReduce: 256 Bytes -> Algo RING proto SIMPLE channel{Lo..Hi}={0..0}
[1,0]<stdout>:appmana-023:57771:57771 [0] NCCL INFO AllReduce: 256 Bytes -> Algo RING proto SIMPLE channel{Lo..Hi}={0..0}
[1,0]<stdout>:appmana-023:57771:57771 [0] NCCL INFO AllReduce: 256 Bytes -> Algo RING proto SIMPLE channel{Lo..Hi}={0..0}
[1,0]<stdout>:appmana-023:57771:57771 [0] NCCL INFO AllReduce: 256 Bytes -> Algo RING proto SIMPLE channel{Lo..Hi}={0..0}
[1,0]<stdout>:appmana-023:57771:57771 [0] NCCL INFO AllReduce: 256 Bytes -> Algo RING proto SIMPLE channel{Lo..Hi}={0..0}
[1,0]<stdout>:appmana-023:57771:57771 [0] NCCL INFO AllReduce: 256 Bytes -> Algo RING proto SIMPLE channel{Lo..Hi}={0..0}
[1,0]<stdout>:appmana-023:57771:57771 [0] NCCL INFO AllReduce: 256 Bytes -> Algo RING proto SIMPLE channel{Lo..Hi}={0..0}
[1,0]<stdout>:appmana-023:57771:57771 [0] NCCL INFO AllReduce: 256 Bytes -> Algo RING proto SIMPLE channel{Lo..Hi}={0..0}
[1,0]<stdout>:appmana-023:57771:57771 [0] NCCL INFO AllReduce: 256 Bytes -> Algo RING proto SIMPLE channel{Lo..Hi}={0..0}
[1,0]<stdout>:appmana-023:57771:57771 [0] NCCL INFO AllReduce: 256 Bytes -> Algo RING proto SIMPLE channel{Lo..Hi}={0..0}
[1,0]<stdout>:appmana-023:57771:57771 [0] NCCL INFO AllReduce: 256 Bytes -> Algo RING proto SIMPLE channel{Lo..Hi}={0..0}
[1,0]<stdout>:appmana-023:57771:57771 [0] NCCL INFO AllReduce: 256 Bytes -> Algo RING proto SIMPLE channel{Lo..Hi}={0..0}
[1,0]<stdout>:    71.01    0.00    0.00       0
[1,0]<stdout>:         512           128     float     sum      -1appmana-023:57771:57771 [0] NCCL INFO AllReduce: 512 Bytes -> Algo RING proto SIMPLE channel{Lo..Hi}={0..0}
[1,0]<stdout>:appmana-023:57771:57771 [0] NCCL INFO AllReduce: 512 Bytes -> Algo RING proto SIMPLE channel{Lo..Hi}={0..0}
[1,0]<stdout>:appmana-023:57771:57771 [0] NCCL INFO AllReduce: 512 Bytes -> Algo RING proto SIMPLE channel{Lo..Hi}={0..0}
[1,0]<stdout>:appmana-023:57771:57771 [0] NCCL INFO AllReduce: 512 Bytes -> Algo RING proto SIMPLE channel{Lo..Hi}={0..0}
[1,0]<stdout>:appmana-023:57771:57771 [0] NCCL INFO AllReduce: 512 Bytes -> Algo RING proto SIMPLE channel{Lo..Hi}={0..0}
[1,0]<stdout>:appmana-023:57771:57771 [0] NCCL INFO AllReduce: 512 Bytes -> Algo RING proto SIMPLE channel{Lo..Hi}={0..0}
[1,0]<stdout>:appmana-023:57771:57771 [0] NCCL INFO AllReduce: 512 Bytes -> Algo RING proto SIMPLE channel{Lo..Hi}={0..0}
[1,0]<stdout>:appmana-023:57771:57771 [0] NCCL INFO AllReduce: 512 Bytes -> Algo RING proto SIMPLE channel{Lo..Hi}={0..0}
[1,0]<stdout>:appmana-023:57771:57771 [0] NCCL INFO AllReduce: 512 Bytes -> Algo RING proto SIMPLE channel{Lo..Hi}={0..0}
[1,0]<stdout>:appmana-023:57771:57771 [0] NCCL INFO AllReduce: 512 Bytes -> Algo RING proto SIMPLE channel{Lo..Hi}={0..0}
[1,0]<stdout>:appmana-023:57771:57771 [0] NCCL INFO AllReduce: 512 Bytes -> Algo RING proto SIMPLE channel{Lo..Hi}={0..0}
[1,0]<stdout>:appmana-023:57771:57771 [0] NCCL INFO AllReduce: 512 Bytes -> Algo RING proto SIMPLE channel{Lo..Hi}={0..0}
[1,0]<stdout>:appmana-023:57771:57771 [0] NCCL INFO AllReduce: 512 Bytes -> Algo RING proto SIMPLE channel{Lo..Hi}={0..0}
[1,0]<stdout>:appmana-023:57771:57771 [0] NCCL INFO AllReduce: 512 Bytes -> Algo RING proto SIMPLE channel{Lo..Hi}={0..0}
[1,0]<stdout>:appmana-023:57771:57771 [0] NCCL INFO AllReduce: 512 Bytes -> Algo RING proto SIMPLE channel{Lo..Hi}={0..0}
[1,0]<stdout>:appmana-023:57771:57771 [0] NCCL INFO AllReduce: 512 Bytes -> Algo RING proto SIMPLE channel{Lo..Hi}={0..0}
[1,0]<stdout>:appmana-023:57771:57771 [0] NCCL INFO AllReduce: 512 Bytes -> Algo RING proto SIMPLE channel{Lo..Hi}={0..0}
[1,0]<stdout>:appmana-023:57771:57771 [0] NCCL INFO AllReduce: 512 Bytes -> Algo RING proto SIMPLE channel{Lo..Hi}={0..0}
[1,0]<stdout>:appmana-023:57771:57771 [0] NCCL INFO AllReduce: 512 Bytes -> Algo RING proto SIMPLE channel{Lo..Hi}={0..0}
[1,0]<stdout>:appmana-023:57771:57771 [0] NCCL INFO AllReduce: 512 Bytes -> Algo RING proto SIMPLE channel{Lo..Hi}={0..0}
[1,0]<stdout>:appmana-023:57771:57771 [0] NCCL INFO AllReduce: 512 Bytes -> Algo RING proto SIMPLE channel{Lo..Hi}={0..0}
[1,0]<stdout>:appmana-023:57771:57771 [0] NCCL INFO AllReduce: 512 Bytes -> Algo RING proto SIMPLE channel{Lo..Hi}={0..0}
[1,0]<stdout>:    72.64    0.01    0.01       0appmana-023:57771:57771 [0] NCCL INFO AllReduce: 512 Bytes -> Algo RING proto SIMPLE channel{Lo..Hi}={0..0}
[1,0]<stdout>:appmana-023:57771:57771 [0] NCCL INFO AllReduce: 512 Bytes -> Algo RING proto SIMPLE channel{Lo..Hi}={0..0}
[1,0]<stdout>:appmana-023:57771:57771 [0] NCCL INFO AllReduce: 512 Bytes -> Algo RING proto SIMPLE channel{Lo..Hi}={0..0}
[1,0]<stdout>:appmana-023:57771:57771 [0] NCCL INFO AllReduce: 512 Bytes -> Algo RING proto SIMPLE channel{Lo..Hi}={0..0}
[1,0]<stdout>:appmana-023:57771:57771 [0] NCCL INFO AllReduce: 512 Bytes -> Algo RING proto SIMPLE channel{Lo..Hi}={0..0}
[1,0]<stdout>:appmana-023:57771:57771 [0] NCCL INFO AllReduce: 512 Bytes -> Algo RING proto SIMPLE channel{Lo..Hi}={0..0}
[1,0]<stdout>:appmana-023:57771:57771 [0] NCCL INFO AllReduce: 512 Bytes -> Algo RING proto SIMPLE channel{Lo..Hi}={0..0}
[1,0]<stdout>:appmana-023:57771:57771 [0] NCCL INFO AllReduce: 512 Bytes -> Algo RING proto SIMPLE channel{Lo..Hi}={0..0}
[1,0]<stdout>:appmana-023:57771:57771 [0] NCCL INFO AllReduce: 512 Bytes -> Algo RING proto SIMPLE channel{Lo..Hi}={0..0}
[1,0]<stdout>:appmana-023:57771:57771 [0] NCCL INFO AllReduce: 512 Bytes -> Algo RING proto SIMPLE channel{Lo..Hi}={0..0}
[1,0]<stdout>:appmana-023:57771:57771 [0] NCCL INFO AllReduce: 512 Bytes -> Algo RING proto SIMPLE channel{Lo..Hi}={0..0}
[1,0]<stdout>:appmana-023:57771:57771 [0] NCCL INFO AllReduce: 512 Bytes -> Algo RING proto SIMPLE channel{Lo..Hi}={0..0}
[1,0]<stdout>:appmana-023:57771:57771 [0] NCCL INFO AllReduce: 512 Bytes -> Algo RING proto SIMPLE channel{Lo..Hi}={0..0}
[1,0]<stdout>:appmana-023:57771:57771 [0] NCCL INFO AllReduce: 512 Bytes -> Algo RING proto SIMPLE channel{Lo..Hi}={0..0}
[1,0]<stdout>:appmana-023:57771:57771 [0] NCCL INFO AllReduce: 512 Bytes -> Algo RING proto SIMPLE channel{Lo..Hi}={0..0}
[1,0]<stdout>:appmana-023:57771:57771 [0] NCCL INFO AllReduce: 512 Bytes -> Algo RING proto SIMPLE channel{Lo..Hi}={0..0}
[1,0]<stdout>:appmana-023:57771:57771 [0] NCCL INFO AllReduce: 512 Bytes -> Algo RING proto SIMPLE channel{Lo..Hi}={0..0}
[1,0]<stdout>:appmana-023:57771:57771 [0] NCCL INFO AllReduce: 512 Bytes -> Algo RING proto SIMPLE channel{Lo..Hi}={0..0}
[1,0]<stdout>:appmana-023:57771:57771 [0] NCCL INFO AllReduce: 512 Bytes -> Algo RING proto SIMPLE channel{Lo..Hi}={0..0}
[1,0]<stdout>:appmana-023:57771:57771 [0] NCCL INFO AllReduce: 512 Bytes -> Algo RING proto SIMPLE channel{Lo..Hi}={0..0}
[1,0]<stdout>:appmana-023:57771:57771 [0] NCCL INFO AllReduce: 512 Bytes -> Algo RING proto SIMPLE channel{Lo..Hi}={0..0}
[1,0]<stdout>:appmana-023:57771:57771 [0] NCCL INFO AllReduce: 512 Bytes -> Algo RING proto SIMPLE channel{Lo..Hi}={0..0}
[1,0]<stdout>:    73.03    0.01    0.01       0
[1,0]<stdout>:        1024           256     float     sum      -1appmana-023:57771:57771 [0] NCCL INFO AllReduce: 1024 Bytes -> Algo RING proto SIMPLE channel{Lo..Hi}={0..0}
[1,0]<stdout>:appmana-023:57771:57771 [0] NCCL INFO AllReduce: 1024 Bytes -> Algo RING proto SIMPLE channel{Lo..Hi}={0..0}
[1,0]<stdout>:appmana-023:57771:57771 [0] NCCL INFO AllReduce: 1024 Bytes -> Algo RING proto SIMPLE channel{Lo..Hi}={0..0}
[1,0]<stdout>:appmana-023:57771:57771 [0] NCCL INFO AllReduce: 1024 Bytes -> Algo RING proto SIMPLE channel{Lo..Hi}={0..0}
[1,0]<stdout>:appmana-023:57771:57771 [0] NCCL INFO AllReduce: 1024 Bytes -> Algo RING proto SIMPLE channel{Lo..Hi}={0..0}
[1,0]<stdout>:appmana-023:57771:57771 [0] NCCL INFO AllReduce: 1024 Bytes -> Algo RING proto SIMPLE channel{Lo..Hi}={0..0}
[1,0]<stdout>:appmana-023:57771:57771 [0] NCCL INFO AllReduce: 1024 Bytes -> Algo RING proto SIMPLE channel{Lo..Hi}={0..0}
[1,0]<stdout>:appmana-023:57771:57771 [0] NCCL INFO AllReduce: 1024 Bytes -> Algo RING proto SIMPLE channel{Lo..Hi}={0..0}
[1,0]<stdout>:appmana-023:57771:57771 [0] NCCL INFO AllReduce: 1024 Bytes -> Algo RING proto SIMPLE channel{Lo..Hi}={0..0}
[1,0]<stdout>:appmana-023:57771:57771 [0] NCCL INFO AllReduce: 1024 Bytes -> Algo RING proto SIMPLE channel{Lo..Hi}={0..0}
[1,0]<stdout>:appmana-023:57771:57771 [0] NCCL INFO AllReduce: 1024 Bytes -> Algo RING proto SIMPLE channel{Lo..Hi}={0..0}
[1,0]<stdout>:appmana-023:57771:57771 [0] NCCL INFO AllReduce: 1024 Bytes -> Algo RING proto SIMPLE channel{Lo..Hi}={0..0}
[1,0]<stdout>:appmana-023:57771:57771 [0] NCCL INFO AllReduce: 1024 Bytes -> Algo RING proto SIMPLE channel{Lo..Hi}={0..0}
[1,0]<stdout>:appmana-023:57771:57771 [0] NCCL INFO AllReduce: 1024 Bytes -> Algo RING proto SIMPLE channel{Lo..Hi}={0..0}
[1,0]<stdout>:appmana-023:57771:57771 [0] NCCL INFO AllReduce: 1024 Bytes -> Algo RING proto SIMPLE channel{Lo..Hi}={0..0}
[1,0]<stdout>:appmana-023:57771:57771 [0] NCCL INFO AllReduce: 1024 Bytes -> Algo RING proto SIMPLE channel{Lo..Hi}={0..0}
[1,0]<stdout>:appmana-023:57771:57771 [0] NCCL INFO AllReduce: 1024 Bytes -> Algo RING proto SIMPLE channel{Lo..Hi}={0..0}
[1,0]<stdout>:appmana-023:57771:57771 [0] NCCL INFO AllReduce: 1024 Bytes -> Algo RING proto SIMPLE channel{Lo..Hi}={0..0}
[1,0]<stdout>:appmana-023:57771:57771 [0] NCCL INFO AllReduce: 1024 Bytes -> Algo RING proto SIMPLE channel{Lo..Hi}={0..0}
[1,0]<stdout>:appmana-023:57771:57771 [0] NCCL INFO AllReduce: 1024 Bytes -> Algo RING proto SIMPLE channel{Lo..Hi}={0..0}
[1,0]<stdout>:appmana-023:57771:57771 [0] NCCL INFO AllReduce: 1024 Bytes -> Algo RING proto SIMPLE channel{Lo..Hi}={0..0}
[1,0]<stdout>:appmana-023:57771:57771 [0] NCCL INFO AllReduce: 1024 Bytes -> Algo RING proto SIMPLE channel{Lo..Hi}={0..0}
[1,0]<stdout>:    71.99    0.01    0.01       0appmana-023:57771:57771 [0] NCCL INFO AllReduce: 1024 Bytes -> Algo RING proto SIMPLE channel{Lo..Hi}={0..0}
[1,0]<stdout>:appmana-023:57771:57771 [0] NCCL INFO AllReduce: 1024 Bytes -> Algo RING proto SIMPLE channel{Lo..Hi}={0..0}
[1,0]<stdout>:appmana-023:57771:57771 [0] NCCL INFO AllReduce: 1024 Bytes -> Algo RING proto SIMPLE channel{Lo..Hi}={0..0}
[1,0]<stdout>:appmana-023:57771:57771 [0] NCCL INFO AllReduce: 1024 Bytes -> Algo RING proto SIMPLE channel{Lo..Hi}={0..0}
[1,0]<stdout>:appmana-023:57771:57771 [0] NCCL INFO AllReduce: 1024 Bytes -> Algo RING proto SIMPLE channel{Lo..Hi}={0..0}
[1,0]<stdout>:appmana-023:57771:57771 [0] NCCL INFO AllReduce: 1024 Bytes -> Algo RING proto SIMPLE channel{Lo..Hi}={0..0}
[1,0]<stdout>:appmana-023:57771:57771 [0] NCCL INFO AllReduce: 1024 Bytes -> Algo RING proto SIMPLE channel{Lo..Hi}={0..0}
[1,0]<stdout>:appmana-023:57771:57771 [0] NCCL INFO AllReduce: 1024 Bytes -> Algo RING proto SIMPLE channel{Lo..Hi}={0..0}
[1,0]<stdout>:appmana-023:57771:57771 [0] NCCL INFO AllReduce: 1024 Bytes -> Algo RING proto SIMPLE channel{Lo..Hi}={0..0}
[1,0]<stdout>:appmana-023:57771:57771 [0] NCCL INFO AllReduce: 1024 Bytes -> Algo RING proto SIMPLE channel{Lo..Hi}={0..0}
[1,0]<stdout>:appmana-023:57771:57771 [0] NCCL INFO AllReduce: 1024 Bytes -> Algo RING proto SIMPLE channel{Lo..Hi}={0..0}
[1,0]<stdout>:appmana-023:57771:57771 [0] NCCL INFO AllReduce: 1024 Bytes -> Algo RING proto SIMPLE channel{Lo..Hi}={0..0}
[1,0]<stdout>:appmana-023:57771:57771 [0] NCCL INFO AllReduce: 1024 Bytes -> Algo RING proto SIMPLE channel{Lo..Hi}={0..0}
[1,0]<stdout>:appmana-023:57771:57771 [0] NCCL INFO AllReduce: 1024 Bytes -> Algo RING proto SIMPLE channel{Lo..Hi}={0..0}
[1,0]<stdout>:appmana-023:57771:57771 [0] NCCL INFO AllReduce: 1024 Bytes -> Algo RING proto SIMPLE channel{Lo..Hi}={0..0}
[1,0]<stdout>:appmana-023:57771:57771 [0] NCCL INFO AllReduce: 1024 Bytes -> Algo RING proto SIMPLE channel{Lo..Hi}={0..0}
[1,0]<stdout>:appmana-023:57771:57771 [0] NCCL INFO AllReduce: 1024 Bytes -> Algo RING proto SIMPLE channel{Lo..Hi}={0..0}
[1,0]<stdout>:appmana-023:57771:57771 [0] NCCL INFO AllReduce: 1024 Bytes -> Algo RING proto SIMPLE channel{Lo..Hi}={0..0}
[1,0]<stdout>:appmana-023:57771:57771 [0] NCCL INFO AllReduce: 1024 Bytes -> Algo RING proto SIMPLE channel{Lo..Hi}={0..0}
[1,0]<stdout>:appmana-023:57771:57771 [0] NCCL INFO AllReduce: 1024 Bytes -> Algo RING proto SIMPLE channel{Lo..Hi}={0..0}
[1,0]<stdout>:appmana-023:57771:57771 [0] NCCL INFO AllReduce: 1024 Bytes -> Algo RING proto SIMPLE channel{Lo..Hi}={0..0}
[1,0]<stdout>:appmana-023:57771:57771 [0] NCCL INFO AllReduce: 1024 Bytes -> Algo RING proto SIMPLE channel{Lo..Hi}={0..0}
[1,0]<stdout>:    73.83    0.01    0.01       0
[1,0]<stdout>:        2048           512     float     sum      -1appmana-023:57771:57771 [0] NCCL INFO AllReduce: 2048 Bytes -> Algo RING proto SIMPLE channel{Lo..Hi}={0..0}
[1,0]<stdout>:appmana-023:57771:57771 [0] NCCL INFO AllReduce: 2048 Bytes -> Algo RING proto SIMPLE channel{Lo..Hi}={0..0}
[1,0]<stdout>:appmana-023:57771:57771 [0] NCCL INFO AllReduce: 2048 Bytes -> Algo RING proto SIMPLE channel{Lo..Hi}={0..0}
[1,0]<stdout>:appmana-023:57771:57771 [0] NCCL INFO AllReduce: 2048 Bytes -> Algo RING proto SIMPLE channel{Lo..Hi}={0..0}
[1,0]<stdout>:appmana-023:57771:57771 [0] NCCL INFO AllReduce: 2048 Bytes -> Algo RING proto SIMPLE channel{Lo..Hi}={0..0}
[1,0]<stdout>:appmana-023:57771:57771 [0] NCCL INFO AllReduce: 2048 Bytes -> Algo RING proto SIMPLE channel{Lo..Hi}={0..0}
[1,0]<stdout>:appmana-023:57771:57771 [0] NCCL INFO AllReduce: 2048 Bytes -> Algo RING proto SIMPLE channel{Lo..Hi}={0..0}
[1,0]<stdout>:appmana-023:57771:57771 [0] NCCL INFO AllReduce: 2048 Bytes -> Algo RING proto SIMPLE channel{Lo..Hi}={0..0}
[1,0]<stdout>:appmana-023:57771:57771 [0] NCCL INFO AllReduce: 2048 Bytes -> Algo RING proto SIMPLE channel{Lo..Hi}={0..0}
[1,0]<stdout>:appmana-023:57771:57771 [0] NCCL INFO AllReduce: 2048 Bytes -> Algo RING proto SIMPLE channel{Lo..Hi}={0..0}
[1,0]<stdout>:appmana-023:57771:57771 [0] NCCL INFO AllReduce: 2048 Bytes -> Algo RING proto SIMPLE channel{Lo..Hi}={0..0}
[1,0]<stdout>:appmana-023:57771:57771 [0] NCCL INFO AllReduce: 2048 Bytes -> Algo RING proto SIMPLE channel{Lo..Hi}={0..0}
[1,0]<stdout>:appmana-023:57771:57771 [0] NCCL INFO AllReduce: 2048 Bytes -> Algo RING proto SIMPLE channel{Lo..Hi}={0..0}
[1,0]<stdout>:appmana-023:57771:57771 [0] NCCL INFO AllReduce: 2048 Bytes -> Algo RING proto SIMPLE channel{Lo..Hi}={0..0}
[1,0]<stdout>:appmana-023:57771:57771 [0] NCCL INFO AllReduce: 2048 Bytes -> Algo RING proto SIMPLE channel{Lo..Hi}={0..0}
[1,0]<stdout>:appmana-023:57771:57771 [0] NCCL INFO AllReduce: 2048 Bytes -> Algo RING proto SIMPLE channel{Lo..Hi}={0..0}
[1,0]<stdout>:appmana-023:57771:57771 [0] NCCL INFO AllReduce: 2048 Bytes -> Algo RING proto SIMPLE channel{Lo..Hi}={0..0}
[1,0]<stdout>:appmana-023:57771:57771 [0] NCCL INFO AllReduce: 2048 Bytes -> Algo RING proto SIMPLE channel{Lo..Hi}={0..0}
[1,0]<stdout>:appmana-023:57771:57771 [0] NCCL INFO AllReduce: 2048 Bytes -> Algo RING proto SIMPLE channel{Lo..Hi}={0..0}
[1,0]<stdout>:appmana-023:57771:57771 [0] NCCL INFO AllReduce: 2048 Bytes -> Algo RING proto SIMPLE channel{Lo..Hi}={0..0}
[1,0]<stdout>:appmana-023:57771:57771 [0] NCCL INFO AllReduce: 2048 Bytes -> Algo RING proto SIMPLE channel{Lo..Hi}={0..0}
[1,0]<stdout>:appmana-023:57771:57771 [0] NCCL INFO AllReduce: 2048 Bytes -> Algo RING proto SIMPLE channel{Lo..Hi}={0..0}
[1,0]<stdout>:    76.35    0.03    0.03       0appmana-023:57771:57771 [0] NCCL INFO AllReduce: 2048 Bytes -> Algo RING proto SIMPLE channel{Lo..Hi}={0..0}
[1,0]<stdout>:appmana-023:57771:57771 [0] NCCL INFO AllReduce: 2048 Bytes -> Algo RING proto SIMPLE channel{Lo..Hi}={0..0}
[1,0]<stdout>:appmana-023:57771:57771 [0] NCCL INFO AllReduce: 2048 Bytes -> Algo RING proto SIMPLE channel{Lo..Hi}={0..0}
[1,0]<stdout>:appmana-023:57771:57771 [0] NCCL INFO AllReduce: 2048 Bytes -> Algo RING proto SIMPLE channel{Lo..Hi}={0..0}
[1,0]<stdout>:appmana-023:57771:57771 [0] NCCL INFO AllReduce: 2048 Bytes -> Algo RING proto SIMPLE channel{Lo..Hi}={0..0}
[1,0]<stdout>:appmana-023:57771:57771 [0] NCCL INFO AllReduce: 2048 Bytes -> Algo RING proto SIMPLE channel{Lo..Hi}={0..0}
[1,0]<stdout>:appmana-023:57771:57771 [0] NCCL INFO AllReduce: 2048 Bytes -> Algo RING proto SIMPLE channel{Lo..Hi}={0..0}
[1,0]<stdout>:appmana-023:57771:57771 [0] NCCL INFO AllReduce: 2048 Bytes -> Algo RING proto SIMPLE channel{Lo..Hi}={0..0}
[1,0]<stdout>:appmana-023:57771:57771 [0] NCCL INFO AllReduce: 2048 Bytes -> Algo RING proto SIMPLE channel{Lo..Hi}={0..0}
[1,0]<stdout>:appmana-023:57771:57771 [0] NCCL INFO AllReduce: 2048 Bytes -> Algo RING proto SIMPLE channel{Lo..Hi}={0..0}
[1,0]<stdout>:appmana-023:57771:57771 [0] NCCL INFO AllReduce: 2048 Bytes -> Algo RING proto SIMPLE channel{Lo..Hi}={0..0}
[1,0]<stdout>:appmana-023:57771:57771 [0] NCCL INFO AllReduce: 2048 Bytes -> Algo RING proto SIMPLE channel{Lo..Hi}={0..0}
[1,0]<stdout>:appmana-023:57771:57771 [0] NCCL INFO AllReduce: 2048 Bytes -> Algo RING proto SIMPLE channel{Lo..Hi}={0..0}
[1,0]<stdout>:appmana-023:57771:57771 [0] NCCL INFO AllReduce: 2048 Bytes -> Algo RING proto SIMPLE channel{Lo..Hi}={0..0}
[1,0]<stdout>:appmana-023:57771:57771 [0] NCCL INFO AllReduce: 2048 Bytes -> Algo RING proto SIMPLE channel{Lo..Hi}={0..0}
[1,0]<stdout>:appmana-023:57771:57771 [0] NCCL INFO AllReduce: 2048 Bytes -> Algo RING proto SIMPLE channel{Lo..Hi}={0..0}
[1,0]<stdout>:appmana-023:57771:57771 [0] NCCL INFO AllReduce: 2048 Bytes -> Algo RING proto SIMPLE channel{Lo..Hi}={0..0}
[1,0]<stdout>:appmana-023:57771:57771 [0] NCCL INFO AllReduce: 2048 Bytes -> Algo RING proto SIMPLE channel{Lo..Hi}={0..0}
[1,0]<stdout>:appmana-023:57771:57771 [0] NCCL INFO AllReduce: 2048 Bytes -> Algo RING proto SIMPLE channel{Lo..Hi}={0..0}
[1,0]<stdout>:appmana-023:57771:57771 [0] NCCL INFO AllReduce: 2048 Bytes -> Algo RING proto SIMPLE channel{Lo..Hi}={0..0}
[1,0]<stdout>:appmana-023:57771:57771 [0] NCCL INFO AllReduce: 2048 Bytes -> Algo RING proto SIMPLE channel{Lo..Hi}={0..0}
[1,0]<stdout>:appmana-023:57771:57771 [0] NCCL INFO AllReduce: 2048 Bytes -> Algo RING proto SIMPLE channel{Lo..Hi}={0..0}
[1,0]<stdout>:    74.62    0.03    0.03       0
[1,0]<stdout>:        4096          1024     float     sum      -1appmana-023:57771:57771 [0] NCCL INFO AllReduce: 4096 Bytes -> Algo RING proto SIMPLE channel{Lo..Hi}={0..0}
[1,0]<stdout>:appmana-023:57771:57771 [0] NCCL INFO AllReduce: 4096 Bytes -> Algo RING proto SIMPLE channel{Lo..Hi}={0..0}
[1,0]<stdout>:appmana-023:57771:57771 [0] NCCL INFO AllReduce: 4096 Bytes -> Algo RING proto SIMPLE channel{Lo..Hi}={0..0}
[1,0]<stdout>:appmana-023:57771:57771 [0] NCCL INFO AllReduce: 4096 Bytes -> Algo RING proto SIMPLE channel{Lo..Hi}={0..0}
[1,0]<stdout>:appmana-023:57771:57771 [0] NCCL INFO AllReduce: 4096 Bytes -> Algo RING proto SIMPLE channel{Lo..Hi}={0..0}
[1,0]<stdout>:appmana-023:57771:57771 [0] NCCL INFO AllReduce: 4096 Bytes -> Algo RING proto SIMPLE channel{Lo..Hi}={0..0}
[1,0]<stdout>:appmana-023:57771:57771 [0] NCCL INFO AllReduce: 4096 Bytes -> Algo RING proto SIMPLE channel{Lo..Hi}={0..0}
[1,0]<stdout>:appmana-023:57771:57771 [0] NCCL INFO AllReduce: 4096 Bytes -> Algo RING proto SIMPLE channel{Lo..Hi}={0..0}
[1,0]<stdout>:appmana-023:57771:57771 [0] NCCL INFO AllReduce: 4096 Bytes -> Algo RING proto SIMPLE channel{Lo..Hi}={0..0}
[1,0]<stdout>:appmana-023:57771:57771 [0] NCCL INFO AllReduce: 4096 Bytes -> Algo RING proto SIMPLE channel{Lo..Hi}={0..0}
[1,0]<stdout>:appmana-023:57771:57771 [0] NCCL INFO AllReduce: 4096 Bytes -> Algo RING proto SIMPLE channel{Lo..Hi}={0..0}
[1,0]<stdout>:appmana-023:57771:57771 [0] NCCL INFO AllReduce: 4096 Bytes -> Algo RING proto SIMPLE channel{Lo..Hi}={0..0}
[1,0]<stdout>:appmana-023:57771:57771 [0] NCCL INFO AllReduce: 4096 Bytes -> Algo RING proto SIMPLE channel{Lo..Hi}={0..0}
[1,0]<stdout>:appmana-023:57771:57771 [0] NCCL INFO AllReduce: 4096 Bytes -> Algo RING proto SIMPLE channel{Lo..Hi}={0..0}
[1,0]<stdout>:appmana-023:57771:57771 [0] NCCL INFO AllReduce: 4096 Bytes -> Algo RING proto SIMPLE channel{Lo..Hi}={0..0}
[1,0]<stdout>:appmana-023:57771:57771 [0] NCCL INFO AllReduce: 4096 Bytes -> Algo RING proto SIMPLE channel{Lo..Hi}={0..0}
[1,0]<stdout>:appmana-023:57771:57771 [0] NCCL INFO AllReduce: 4096 Bytes -> Algo RING proto SIMPLE channel{Lo..Hi}={0..0}
[1,0]<stdout>:appmana-023:57771:57771 [0] NCCL INFO AllReduce: 4096 Bytes -> Algo RING proto SIMPLE channel{Lo..Hi}={0..0}
[1,0]<stdout>:appmana-023:57771:57771 [0] NCCL INFO AllReduce: 4096 Bytes -> Algo RING proto SIMPLE channel{Lo..Hi}={0..0}
[1,0]<stdout>:appmana-023:57771:57771 [0] NCCL INFO AllReduce: 4096 Bytes -> Algo RING proto SIMPLE channel{Lo..Hi}={0..0}
[1,0]<stdout>:appmana-023:57771:57771 [0] NCCL INFO AllReduce: 4096 Bytes -> Algo RING proto SIMPLE channel{Lo..Hi}={0..0}
[1,0]<stdout>:appmana-023:57771:57771 [0] NCCL INFO AllReduce: 4096 Bytes -> Algo RING proto SIMPLE channel{Lo..Hi}={0..0}
[1,0]<stdout>:    77.97    0.05    0.05       0appmana-023:57771:57771 [0] NCCL INFO AllReduce: 4096 Bytes -> Algo RING proto SIMPLE channel{Lo..Hi}={0..0}
[1,0]<stdout>:appmana-023:57771:57771 [0] NCCL INFO AllReduce: 4096 Bytes -> Algo RING proto SIMPLE channel{Lo..Hi}={0..0}
[1,0]<stdout>:appmana-023:57771:57771 [0] NCCL INFO AllReduce: 4096 Bytes -> Algo RING proto SIMPLE channel{Lo..Hi}={0..0}
[1,0]<stdout>:appmana-023:57771:57771 [0] NCCL INFO AllReduce: 4096 Bytes -> Algo RING proto SIMPLE channel{Lo..Hi}={0..0}
[1,0]<stdout>:appmana-023:57771:57771 [0] NCCL INFO AllReduce: 4096 Bytes -> Algo RING proto SIMPLE channel{Lo..Hi}={0..0}
[1,0]<stdout>:appmana-023:57771:57771 [0] NCCL INFO AllReduce: 4096 Bytes -> Algo RING proto SIMPLE channel{Lo..Hi}={0..0}
[1,0]<stdout>:appmana-023:57771:57771 [0] NCCL INFO AllReduce: 4096 Bytes -> Algo RING proto SIMPLE channel{Lo..Hi}={0..0}
[1,0]<stdout>:appmana-023:57771:57771 [0] NCCL INFO AllReduce: 4096 Bytes -> Algo RING proto SIMPLE channel{Lo..Hi}={0..0}
[1,0]<stdout>:appmana-023:57771:57771 [0] NCCL INFO AllReduce: 4096 Bytes -> Algo RING proto SIMPLE channel{Lo..Hi}={0..0}
[1,0]<stdout>:appmana-023:57771:57771 [0] NCCL INFO AllReduce: 4096 Bytes -> Algo RING proto SIMPLE channel{Lo..Hi}={0..0}
[1,0]<stdout>:appmana-023:57771:57771 [0] NCCL INFO AllReduce: 4096 Bytes -> Algo RING proto SIMPLE channel{Lo..Hi}={0..0}
[1,0]<stdout>:appmana-023:57771:57771 [0] NCCL INFO AllReduce: 4096 Bytes -> Algo RING proto SIMPLE channel{Lo..Hi}={0..0}
[1,0]<stdout>:appmana-023:57771:57771 [0] NCCL INFO AllReduce: 4096 Bytes -> Algo RING proto SIMPLE channel{Lo..Hi}={0..0}
[1,0]<stdout>:appmana-023:57771:57771 [0] NCCL INFO AllReduce: 4096 Bytes -> Algo RING proto SIMPLE channel{Lo..Hi}={0..0}
[1,0]<stdout>:appmana-023:57771:57771 [0] NCCL INFO AllReduce: 4096 Bytes -> Algo RING proto SIMPLE channel{Lo..Hi}={0..0}
[1,0]<stdout>:appmana-023:57771:57771 [0] NCCL INFO AllReduce: 4096 Bytes -> Algo RING proto SIMPLE channel{Lo..Hi}={0..0}
[1,0]<stdout>:appmana-023:57771:57771 [0] NCCL INFO AllReduce: 4096 Bytes -> Algo RING proto SIMPLE channel{Lo..Hi}={0..0}
[1,0]<stdout>:appmana-023:57771:57771 [0] NCCL INFO AllReduce: 4096 Bytes -> Algo RING proto SIMPLE channel{Lo..Hi}={0..0}
[1,0]<stdout>:appmana-023:57771:57771 [0] NCCL INFO AllReduce: 4096 Bytes -> Algo RING proto SIMPLE channel{Lo..Hi}={0..0}
[1,0]<stdout>:appmana-023:57771:57771 [0] NCCL INFO AllReduce: 4096 Bytes -> Algo RING proto SIMPLE channel{Lo..Hi}={0..0}
[1,0]<stdout>:appmana-023:57771:57771 [0] NCCL INFO AllReduce: 4096 Bytes -> Algo RING proto SIMPLE channel{Lo..Hi}={0..0}
[1,0]<stdout>:appmana-023:57771:57771 [0] NCCL INFO AllReduce: 4096 Bytes -> Algo RING proto SIMPLE channel{Lo..Hi}={0..0}
[1,0]<stdout>:    80.37    0.05    0.05       0
[1,0]<stdout>:        8192          2048     float     sum      -1appmana-023:57771:57771 [0] NCCL INFO AllReduce: 8192 Bytes -> Algo RING proto SIMPLE channel{Lo..Hi}={0..0}
[1,0]<stdout>:appmana-023:57771:57771 [0] NCCL INFO AllReduce: 8192 Bytes -> Algo RING proto SIMPLE channel{Lo..Hi}={0..0}
[1,0]<stdout>:appmana-023:57771:57771 [0] NCCL INFO AllReduce: 8192 Bytes -> Algo RING proto SIMPLE channel{Lo..Hi}={0..0}
[1,0]<stdout>:appmana-023:57771:57771 [0] NCCL INFO AllReduce: 8192 Bytes -> Algo RING proto SIMPLE channel{Lo..Hi}={0..0}
[1,0]<stdout>:appmana-023:57771:57771 [0] NCCL INFO AllReduce: 8192 Bytes -> Algo RING proto SIMPLE channel{Lo..Hi}={0..0}
[1,0]<stdout>:appmana-023:57771:57771 [0] NCCL INFO AllReduce: 8192 Bytes -> Algo RING proto SIMPLE channel{Lo..Hi}={0..0}
[1,0]<stdout>:appmana-023:57771:57771 [0] NCCL INFO AllReduce: 8192 Bytes -> Algo RING proto SIMPLE channel{Lo..Hi}={0..0}
[1,0]<stdout>:appmana-023:57771:57771 [0] NCCL INFO AllReduce: 8192 Bytes -> Algo RING proto SIMPLE channel{Lo..Hi}={0..0}
[1,0]<stdout>:appmana-023:57771:57771 [0] NCCL INFO AllReduce: 8192 Bytes -> Algo RING proto SIMPLE channel{Lo..Hi}={0..0}
[1,0]<stdout>:appmana-023:57771:57771 [0] NCCL INFO AllReduce: 8192 Bytes -> Algo RING proto SIMPLE channel{Lo..Hi}={0..0}
[1,0]<stdout>:appmana-023:57771:57771 [0] NCCL INFO AllReduce: 8192 Bytes -> Algo RING proto SIMPLE channel{Lo..Hi}={0..0}
[1,0]<stdout>:appmana-023:57771:57771 [0] NCCL INFO AllReduce: 8192 Bytes -> Algo RING proto SIMPLE channel{Lo..Hi}={0..0}
[1,0]<stdout>:appmana-023:57771:57771 [0] NCCL INFO AllReduce: 8192 Bytes -> Algo RING proto SIMPLE channel{Lo..Hi}={0..0}
[1,0]<stdout>:appmana-023:57771:57771 [0] NCCL INFO AllReduce: 8192 Bytes -> Algo RING proto SIMPLE channel{Lo..Hi}={0..0}
[1,0]<stdout>:appmana-023:57771:57771 [0] NCCL INFO AllReduce: 8192 Bytes -> Algo RING proto SIMPLE channel{Lo..Hi}={0..0}
[1,0]<stdout>:appmana-023:57771:57771 [0] NCCL INFO AllReduce: 8192 Bytes -> Algo RING proto SIMPLE channel{Lo..Hi}={0..0}
[1,0]<stdout>:appmana-023:57771:57771 [0] NCCL INFO AllReduce: 8192 Bytes -> Algo RING proto SIMPLE channel{Lo..Hi}={0..0}
[1,0]<stdout>:appmana-023:57771:57771 [0] NCCL INFO AllReduce: 8192 Bytes -> Algo RING proto SIMPLE channel{Lo..Hi}={0..0}
[1,0]<stdout>:appmana-023:57771:57771 [0] NCCL INFO AllReduce: 8192 Bytes -> Algo RING proto SIMPLE channel{Lo..Hi}={0..0}
[1,0]<stdout>:appmana-023:57771:57771 [0] NCCL INFO AllReduce: 8192 Bytes -> Algo RING proto SIMPLE channel{Lo..Hi}={0..0}
[1,0]<stdout>:appmana-023:57771:57771 [0] NCCL INFO AllReduce: 8192 Bytes -> Algo RING proto SIMPLE channel{Lo..Hi}={0..0}
[1,0]<stdout>:appmana-023:57771:57771 [0] NCCL INFO AllReduce: 8192 Bytes -> Algo RING proto SIMPLE channel{Lo..Hi}={0..0}
[1,0]<stdout>:    82.99    0.10    0.10       0appmana-023:57771:57771 [0] NCCL INFO AllReduce: 8192 Bytes -> Algo RING proto SIMPLE channel{Lo..Hi}={0..0}
[1,0]<stdout>:appmana-023:57771:57771 [0] NCCL INFO AllReduce: 8192 Bytes -> Algo RING proto SIMPLE channel{Lo..Hi}={0..0}
[1,0]<stdout>:appmana-023:57771:57771 [0] NCCL INFO AllReduce: 8192 Bytes -> Algo RING proto SIMPLE channel{Lo..Hi}={0..0}
[1,0]<stdout>:appmana-023:57771:57771 [0] NCCL INFO AllReduce: 8192 Bytes -> Algo RING proto SIMPLE channel{Lo..Hi}={0..0}
[1,0]<stdout>:appmana-023:57771:57771 [0] NCCL INFO AllReduce: 8192 Bytes -> Algo RING proto SIMPLE channel{Lo..Hi}={0..0}
[1,0]<stdout>:appmana-023:57771:57771 [0] NCCL INFO AllReduce: 8192 Bytes -> Algo RING proto SIMPLE channel{Lo..Hi}={0..0}
[1,0]<stdout>:appmana-023:57771:57771 [0] NCCL INFO AllReduce: 8192 Bytes -> Algo RING proto SIMPLE channel{Lo..Hi}={0..0}
[1,0]<stdout>:appmana-023:57771:57771 [0] NCCL INFO AllReduce: 8192 Bytes -> Algo RING proto SIMPLE channel{Lo..Hi}={0..0}
[1,0]<stdout>:appmana-023:57771:57771 [0] NCCL INFO AllReduce: 8192 Bytes -> Algo RING proto SIMPLE channel{Lo..Hi}={0..0}
[1,0]<stdout>:appmana-023:57771:57771 [0] NCCL INFO AllReduce: 8192 Bytes -> Algo RING proto SIMPLE channel{Lo..Hi}={0..0}
[1,0]<stdout>:appmana-023:57771:57771 [0] NCCL INFO AllReduce: 8192 Bytes -> Algo RING proto SIMPLE channel{Lo..Hi}={0..0}
[1,0]<stdout>:appmana-023:57771:57771 [0] NCCL INFO AllReduce: 8192 Bytes -> Algo RING proto SIMPLE channel{Lo..Hi}={0..0}
[1,0]<stdout>:appmana-023:57771:57771 [0] NCCL INFO AllReduce: 8192 Bytes -> Algo RING proto SIMPLE channel{Lo..Hi}={0..0}
[1,0]<stdout>:appmana-023:57771:57771 [0] NCCL INFO AllReduce: 8192 Bytes -> Algo RING proto SIMPLE channel{Lo..Hi}={0..0}
[1,0]<stdout>:appmana-023:57771:57771 [0] NCCL INFO AllReduce: 8192 Bytes -> Algo RING proto SIMPLE channel{Lo..Hi}={0..0}
[1,0]<stdout>:appmana-023:57771:57771 [0] NCCL INFO AllReduce: 8192 Bytes -> Algo RING proto SIMPLE channel{Lo..Hi}={0..0}
[1,0]<stdout>:appmana-023:57771:57771 [0] NCCL INFO AllReduce: 8192 Bytes -> Algo RING proto SIMPLE channel{Lo..Hi}={0..0}
[1,0]<stdout>:appmana-023:57771:57771 [0] NCCL INFO AllReduce: 8192 Bytes -> Algo RING proto SIMPLE channel{Lo..Hi}={0..0}
[1,0]<stdout>:appmana-023:57771:57771 [0] NCCL INFO AllReduce: 8192 Bytes -> Algo RING proto SIMPLE channel{Lo..Hi}={0..0}
[1,0]<stdout>:appmana-023:57771:57771 [0] NCCL INFO AllReduce: 8192 Bytes -> Algo RING proto SIMPLE channel{Lo..Hi}={0..0}
[1,0]<stdout>:appmana-023:57771:57771 [0] NCCL INFO AllReduce: 8192 Bytes -> Algo RING proto SIMPLE channel{Lo..Hi}={0..0}
[1,0]<stdout>:appmana-023:57771:57771 [0] NCCL INFO AllReduce: 8192 Bytes -> Algo RING proto SIMPLE channel{Lo..Hi}={0..0}
[1,0]<stdout>:    83.02    0.10    0.10       0
[1,0]<stdout>:       16384          4096     float     sum      -1appmana-023:57771:57771 [0] NCCL INFO AllReduce: 16384 Bytes -> Algo RING proto SIMPLE channel{Lo..Hi}={0..0}
[1,0]<stdout>:appmana-023:57771:57771 [0] NCCL INFO AllReduce: 16384 Bytes -> Algo RING proto SIMPLE channel{Lo..Hi}={0..0}
[1,0]<stdout>:appmana-023:57771:57771 [0] NCCL INFO AllReduce: 16384 Bytes -> Algo RING proto SIMPLE channel{Lo..Hi}={0..0}
[1,0]<stdout>:appmana-023:57771:57771 [0] NCCL INFO AllReduce: 16384 Bytes -> Algo RING proto SIMPLE channel{Lo..Hi}={0..0}
[1,0]<stdout>:appmana-023:57771:57771 [0] NCCL INFO AllReduce: 16384 Bytes -> Algo RING proto SIMPLE channel{Lo..Hi}={0..0}
[1,0]<stdout>:appmana-023:57771:57771 [0] NCCL INFO AllReduce: 16384 Bytes -> Algo RING proto SIMPLE channel{Lo..Hi}={0..0}
[1,0]<stdout>:appmana-023:57771:57771 [0] NCCL INFO AllReduce: 16384 Bytes -> Algo RING proto SIMPLE channel{Lo..Hi}={0..0}
[1,0]<stdout>:appmana-023:57771:57771 [0] NCCL INFO AllReduce: 16384 Bytes -> Algo RING proto SIMPLE channel{Lo..Hi}={0..0}
[1,0]<stdout>:appmana-023:57771:57771 [0] NCCL INFO AllReduce: 16384 Bytes -> Algo RING proto SIMPLE channel{Lo..Hi}={0..0}
[1,0]<stdout>:appmana-023:57771:57771 [0] NCCL INFO AllReduce: 16384 Bytes -> Algo RING proto SIMPLE channel{Lo..Hi}={0..0}
[1,0]<stdout>:appmana-023:57771:57771 [0] NCCL INFO AllReduce: 16384 Bytes -> Algo RING proto SIMPLE channel{Lo..Hi}={0..0}
[1,0]<stdout>:appmana-023:57771:57771 [0] NCCL INFO AllReduce: 16384 Bytes -> Algo RING proto SIMPLE channel{Lo..Hi}={0..0}
[1,0]<stdout>:appmana-023:57771:57771 [0] NCCL INFO AllReduce: 16384 Bytes -> Algo RING proto SIMPLE channel{Lo..Hi}={0..0}
[1,0]<stdout>:appmana-023:57771:57771 [0] NCCL INFO AllReduce: 16384 Bytes -> Algo RING proto SIMPLE channel{Lo..Hi}={0..0}
[1,0]<stdout>:appmana-023:57771:57771 [0] NCCL INFO AllReduce: 16384 Bytes -> Algo RING proto SIMPLE channel{Lo..Hi}={0..0}
[1,0]<stdout>:appmana-023:57771:57771 [0] NCCL INFO AllReduce: 16384 Bytes -> Algo RING proto SIMPLE channel{Lo..Hi}={0..0}
[1,0]<stdout>:appmana-023:57771:57771 [0] NCCL INFO AllReduce: 16384 Bytes -> Algo RING proto SIMPLE channel{Lo..Hi}={0..0}
[1,0]<stdout>:appmana-023:57771:57771 [0] NCCL INFO AllReduce: 16384 Bytes -> Algo RING proto SIMPLE channel{Lo..Hi}={0..0}
[1,0]<stdout>:appmana-023:57771:57771 [0] NCCL INFO AllReduce: 16384 Bytes -> Algo RING proto SIMPLE channel{Lo..Hi}={0..0}
[1,0]<stdout>:appmana-023:57771:57771 [0] NCCL INFO AllReduce: 16384 Bytes -> Algo RING proto SIMPLE channel{Lo..Hi}={0..0}
[1,0]<stdout>:appmana-023:57771:57771 [0] NCCL INFO AllReduce: 16384 Bytes -> Algo RING proto SIMPLE channel{Lo..Hi}={0..0}
[1,0]<stdout>:appmana-023:57771:57771 [0] NCCL INFO AllReduce: 16384 Bytes -> Algo RING proto SIMPLE channel{Lo..Hi}={0..0}
[1,0]<stdout>:    88.11    0.19    0.19       0appmana-023:57771:57771 [0] NCCL INFO AllReduce: 16384 Bytes -> Algo RING proto SIMPLE channel{Lo..Hi}={0..0}
[1,0]<stdout>:appmana-023:57771:57771 [0] NCCL INFO AllReduce: 16384 Bytes -> Algo RING proto SIMPLE channel{Lo..Hi}={0..0}
[1,0]<stdout>:appmana-023:57771:57771 [0] NCCL INFO AllReduce: 16384 Bytes -> Algo RING proto SIMPLE channel{Lo..Hi}={0..0}
[1,0]<stdout>:appmana-023:57771:57771 [0] NCCL INFO AllReduce: 16384 Bytes -> Algo RING proto SIMPLE channel{Lo..Hi}={0..0}
[1,0]<stdout>:appmana-023:57771:57771 [0] NCCL INFO AllReduce: 16384 Bytes -> Algo RING proto SIMPLE channel{Lo..Hi}={0..0}
[1,0]<stdout>:appmana-023:57771:57771 [0] NCCL INFO AllReduce: 16384 Bytes -> Algo RING proto SIMPLE channel{Lo..Hi}={0..0}
[1,0]<stdout>:appmana-023:57771:57771 [0] NCCL INFO AllReduce: 16384 Bytes -> Algo RING proto SIMPLE channel{Lo..Hi}={0..0}
[1,0]<stdout>:appmana-023:57771:57771 [0] NCCL INFO AllReduce: 16384 Bytes -> Algo RING proto SIMPLE channel{Lo..Hi}={0..0}
[1,0]<stdout>:appmana-023:57771:57771 [0] NCCL INFO AllReduce: 16384 Bytes -> Algo RING proto SIMPLE channel{Lo..Hi}={0..0}
[1,0]<stdout>:appmana-023:57771:57771 [0] NCCL INFO AllReduce: 16384 Bytes -> Algo RING proto SIMPLE channel{Lo..Hi}={0..0}
[1,0]<stdout>:appmana-023:57771:57771 [0] NCCL INFO AllReduce: 16384 Bytes -> Algo RING proto SIMPLE channel{Lo..Hi}={0..0}
[1,0]<stdout>:appmana-023:57771:57771 [0] NCCL INFO AllReduce: 16384 Bytes -> Algo RING proto SIMPLE channel{Lo..Hi}={0..0}
[1,0]<stdout>:appmana-023:57771:57771 [0] NCCL INFO AllReduce: 16384 Bytes -> Algo RING proto SIMPLE channel{Lo..Hi}={0..0}
[1,0]<stdout>:appmana-023:57771:57771 [0] NCCL INFO AllReduce: 16384 Bytes -> Algo RING proto SIMPLE channel{Lo..Hi}={0..0}
[1,0]<stdout>:appmana-023:57771:57771 [0] NCCL INFO AllReduce: 16384 Bytes -> Algo RING proto SIMPLE channel{Lo..Hi}={0..0}
[1,0]<stdout>:appmana-023:57771:57771 [0] NCCL INFO AllReduce: 16384 Bytes -> Algo RING proto SIMPLE channel{Lo..Hi}={0..0}
[1,0]<stdout>:appmana-023:57771:57771 [0] NCCL INFO AllReduce: 16384 Bytes -> Algo RING proto SIMPLE channel{Lo..Hi}={0..0}
[1,0]<stdout>:appmana-023:57771:57771 [0] NCCL INFO AllReduce: 16384 Bytes -> Algo RING proto SIMPLE channel{Lo..Hi}={0..0}
[1,0]<stdout>:appmana-023:57771:57771 [0] NCCL INFO AllReduce: 16384 Bytes -> Algo RING proto SIMPLE channel{Lo..Hi}={0..0}
[1,0]<stdout>:appmana-023:57771:57771 [0] NCCL INFO AllReduce: 16384 Bytes -> Algo RING proto SIMPLE channel{Lo..Hi}={0..0}
[1,0]<stdout>:appmana-023:57771:57771 [0] NCCL INFO AllReduce: 16384 Bytes -> Algo RING proto SIMPLE channel{Lo..Hi}={0..0}
[1,0]<stdout>:appmana-023:57771:57771 [0] NCCL INFO AllReduce: 16384 Bytes -> Algo RING proto SIMPLE channel{Lo..Hi}={0..0}
[1,0]<stdout>:    90.36    0.18    0.18       0
[1,0]<stdout>:       32768          8192     float     sum      -1appmana-023:57771:57771 [0] NCCL INFO AllReduce: 32768 Bytes -> Algo RING proto SIMPLE channel{Lo..Hi}={0..1}
[1,0]<stdout>:appmana-023:57771:57771 [0] NCCL INFO AllReduce: 32768 Bytes -> Algo RING proto SIMPLE channel{Lo..Hi}={0..1}
[1,0]<stdout>:appmana-023:57771:57771 [0] NCCL INFO AllReduce: 32768 Bytes -> Algo RING proto SIMPLE channel{Lo..Hi}={0..1}
[1,0]<stdout>:appmana-023:57771:57771 [0] NCCL INFO AllReduce: 32768 Bytes -> Algo RING proto SIMPLE channel{Lo..Hi}={0..1}
[1,0]<stdout>:appmana-023:57771:57771 [0] NCCL INFO AllReduce: 32768 Bytes -> Algo RING proto SIMPLE channel{Lo..Hi}={0..1}
[1,0]<stdout>:appmana-023:57771:57771 [0] NCCL INFO AllReduce: 32768 Bytes -> Algo RING proto SIMPLE channel{Lo..Hi}={0..1}
[1,0]<stdout>:appmana-023:57771:57771 [0] NCCL INFO AllReduce: 32768 Bytes -> Algo RING proto SIMPLE channel{Lo..Hi}={0..1}
[1,0]<stdout>:appmana-023:57771:57771 [0] NCCL INFO AllReduce: 32768 Bytes -> Algo RING proto SIMPLE channel{Lo..Hi}={0..1}
[1,0]<stdout>:appmana-023:57771:57771 [0] NCCL INFO AllReduce: 32768 Bytes -> Algo RING proto SIMPLE channel{Lo..Hi}={0..1}
[1,0]<stdout>:appmana-023:57771:57771 [0] NCCL INFO AllReduce: 32768 Bytes -> Algo RING proto SIMPLE channel{Lo..Hi}={0..1}
[1,0]<stdout>:appmana-023:57771:57771 [0] NCCL INFO AllReduce: 32768 Bytes -> Algo RING proto SIMPLE channel{Lo..Hi}={0..1}
[1,0]<stdout>:appmana-023:57771:57771 [0] NCCL INFO AllReduce: 32768 Bytes -> Algo RING proto SIMPLE channel{Lo..Hi}={0..1}
[1,0]<stdout>:appmana-023:57771:57771 [0] NCCL INFO AllReduce: 32768 Bytes -> Algo RING proto SIMPLE channel{Lo..Hi}={0..1}
[1,0]<stdout>:appmana-023:57771:57771 [0] NCCL INFO AllReduce: 32768 Bytes -> Algo RING proto SIMPLE channel{Lo..Hi}={0..1}
[1,0]<stdout>:appmana-023:57771:57771 [0] NCCL INFO AllReduce: 32768 Bytes -> Algo RING proto SIMPLE channel{Lo..Hi}={0..1}
[1,0]<stdout>:appmana-023:57771:57771 [0] NCCL INFO AllReduce: 32768 Bytes -> Algo RING proto SIMPLE channel{Lo..Hi}={0..1}
[1,0]<stdout>:appmana-023:57771:57771 [0] NCCL INFO AllReduce: 32768 Bytes -> Algo RING proto SIMPLE channel{Lo..Hi}={0..1}
[1,0]<stdout>:appmana-023:57771:57771 [0] NCCL INFO AllReduce: 32768 Bytes -> Algo RING proto SIMPLE channel{Lo..Hi}={0..1}
[1,0]<stdout>:appmana-023:57771:57771 [0] NCCL INFO AllReduce: 32768 Bytes -> Algo RING proto SIMPLE channel{Lo..Hi}={0..1}
[1,0]<stdout>:appmana-023:57771:57771 [0] NCCL INFO AllReduce: 32768 Bytes -> Algo RING proto SIMPLE channel{Lo..Hi}={0..1}
[1,0]<stdout>:appmana-023:57771:57771 [0] NCCL INFO AllReduce: 32768 Bytes -> Algo RING proto SIMPLE channel{Lo..Hi}={0..1}
[1,0]<stdout>:appmana-023:57771:57771 [0] NCCL INFO AllReduce: 32768 Bytes -> Algo RING proto SIMPLE channel{Lo..Hi}={0..1}
[1,0]<stdout>:   120.84    0.27    0.27       0appmana-023:57771:57771 [0] NCCL INFO AllReduce: 32768 Bytes -> Algo RING proto SIMPLE channel{Lo..Hi}={0..1}
[1,0]<stdout>:appmana-023:57771:57771 [0] NCCL INFO AllReduce: 32768 Bytes -> Algo RING proto SIMPLE channel{Lo..Hi}={0..1}
[1,0]<stdout>:appmana-023:57771:57771 [0] NCCL INFO AllReduce: 32768 Bytes -> Algo RING proto SIMPLE channel{Lo..Hi}={0..1}
[1,0]<stdout>:appmana-023:57771:57771 [0] NCCL INFO AllReduce: 32768 Bytes -> Algo RING proto SIMPLE channel{Lo..Hi}={0..1}
[1,0]<stdout>:appmana-023:57771:57771 [0] NCCL INFO AllReduce: 32768 Bytes -> Algo RING proto SIMPLE channel{Lo..Hi}={0..1}
[1,0]<stdout>:appmana-023:57771:57771 [0] NCCL INFO AllReduce: 32768 Bytes -> Algo RING proto SIMPLE channel{Lo..Hi}={0..1}
[1,0]<stdout>:appmana-023:57771:57771 [0] NCCL INFO AllReduce: 32768 Bytes -> Algo RING proto SIMPLE channel{Lo..Hi}={0..1}
[1,0]<stdout>:appmana-023:57771:57771 [0] NCCL INFO AllReduce: 32768 Bytes -> Algo RING proto SIMPLE channel{Lo..Hi}={0..1}
[1,0]<stdout>:appmana-023:57771:57771 [0] NCCL INFO AllReduce: 32768 Bytes -> Algo RING proto SIMPLE channel{Lo..Hi}={0..1}
[1,0]<stdout>:appmana-023:57771:57771 [0] NCCL INFO AllReduce: 32768 Bytes -> Algo RING proto SIMPLE channel{Lo..Hi}={0..1}
[1,0]<stdout>:appmana-023:57771:57771 [0] NCCL INFO AllReduce: 32768 Bytes -> Algo RING proto SIMPLE channel{Lo..Hi}={0..1}
[1,0]<stdout>:appmana-023:57771:57771 [0] NCCL INFO AllReduce: 32768 Bytes -> Algo RING proto SIMPLE channel{Lo..Hi}={0..1}
[1,0]<stdout>:appmana-023:57771:57771 [0] NCCL INFO AllReduce: 32768 Bytes -> Algo RING proto SIMPLE channel{Lo..Hi}={0..1}
[1,0]<stdout>:appmana-023:57771:57771 [0] NCCL INFO AllReduce: 32768 Bytes -> Algo RING proto SIMPLE channel{Lo..Hi}={0..1}
[1,0]<stdout>:appmana-023:57771:57771 [0] NCCL INFO AllReduce: 32768 Bytes -> Algo RING proto SIMPLE channel{Lo..Hi}={0..1}
[1,0]<stdout>:appmana-023:57771:57771 [0] NCCL INFO AllReduce: 32768 Bytes -> Algo RING proto SIMPLE channel{Lo..Hi}={0..1}
[1,0]<stdout>:appmana-023:57771:57771 [0] NCCL INFO AllReduce: 32768 Bytes -> Algo RING proto SIMPLE channel{Lo..Hi}={0..1}
[1,0]<stdout>:appmana-023:57771:57771 [0] NCCL INFO AllReduce: 32768 Bytes -> Algo RING proto SIMPLE channel{Lo..Hi}={0..1}
[1,0]<stdout>:appmana-023:57771:57771 [0] NCCL INFO AllReduce: 32768 Bytes -> Algo RING proto SIMPLE channel{Lo..Hi}={0..1}
[1,0]<stdout>:appmana-023:57771:57771 [0] NCCL INFO AllReduce: 32768 Bytes -> Algo RING proto SIMPLE channel{Lo..Hi}={0..1}
[1,0]<stdout>:appmana-023:57771:57771 [0] NCCL INFO AllReduce: 32768 Bytes -> Algo RING proto SIMPLE channel{Lo..Hi}={0..1}
[1,0]<stdout>:appmana-023:57771:57771 [0] NCCL INFO AllReduce: 32768 Bytes -> Algo RING proto SIMPLE channel{Lo..Hi}={0..1}
[1,0]<stdout>:   121.88    0.27    0.27       0
[1,0]<stdout>:       65536         16384     float     sum      -1appmana-023:57771:57771 [0] NCCL INFO AllReduce: 65536 Bytes -> Algo RING proto SIMPLE channel{Lo..Hi}={0..1}
[1,0]<stdout>:appmana-023:57771:57771 [0] NCCL INFO AllReduce: 65536 Bytes -> Algo RING proto SIMPLE channel{Lo..Hi}={0..1}
[1,0]<stdout>:appmana-023:57771:57771 [0] NCCL INFO AllReduce: 65536 Bytes -> Algo RING proto SIMPLE channel{Lo..Hi}={0..1}
[1,0]<stdout>:appmana-023:57771:57771 [0] NCCL INFO AllReduce: 65536 Bytes -> Algo RING proto SIMPLE channel{Lo..Hi}={0..1}
[1,0]<stdout>:appmana-023:57771:57771 [0] NCCL INFO AllReduce: 65536 Bytes -> Algo RING proto SIMPLE channel{Lo..Hi}={0..1}
[1,0]<stdout>:appmana-023:57771:57771 [0] NCCL INFO AllReduce: 65536 Bytes -> Algo RING proto SIMPLE channel{Lo..Hi}={0..1}
[1,0]<stdout>:appmana-023:57771:57771 [0] NCCL INFO AllReduce: 65536 Bytes -> Algo RING proto SIMPLE channel{Lo..Hi}={0..1}
[1,0]<stdout>:appmana-023:57771:57771 [0] NCCL INFO AllReduce: 65536 Bytes -> Algo RING proto SIMPLE channel{Lo..Hi}={0..1}
[1,0]<stdout>:appmana-023:57771:57771 [0] NCCL INFO AllReduce: 65536 Bytes -> Algo RING proto SIMPLE channel{Lo..Hi}={0..1}
[1,0]<stdout>:appmana-023:57771:57771 [0] NCCL INFO AllReduce: 65536 Bytes -> Algo RING proto SIMPLE channel{Lo..Hi}={0..1}
[1,0]<stdout>:appmana-023:57771:57771 [0] NCCL INFO AllReduce: 65536 Bytes -> Algo RING proto SIMPLE channel{Lo..Hi}={0..1}
[1,0]<stdout>:appmana-023:57771:57771 [0] NCCL INFO AllReduce: 65536 Bytes -> Algo RING proto SIMPLE channel{Lo..Hi}={0..1}
[1,0]<stdout>:appmana-023:57771:57771 [0] NCCL INFO AllReduce: 65536 Bytes -> Algo RING proto SIMPLE channel{Lo..Hi}={0..1}
[1,0]<stdout>:appmana-023:57771:57771 [0] NCCL INFO AllReduce: 65536 Bytes -> Algo RING proto SIMPLE channel{Lo..Hi}={0..1}
[1,0]<stdout>:appmana-023:57771:57771 [0] NCCL INFO AllReduce: 65536 Bytes -> Algo RING proto SIMPLE channel{Lo..Hi}={0..1}
[1,0]<stdout>:appmana-023:57771:57771 [0] NCCL INFO AllReduce: 65536 Bytes -> Algo RING proto SIMPLE channel{Lo..Hi}={0..1}
[1,0]<stdout>:appmana-023:57771:57771 [0] NCCL INFO AllReduce: 65536 Bytes -> Algo RING proto SIMPLE channel{Lo..Hi}={0..1}
[1,0]<stdout>:appmana-023:57771:57771 [0] NCCL INFO AllReduce: 65536 Bytes -> Algo RING proto SIMPLE channel{Lo..Hi}={0..1}
[1,0]<stdout>:appmana-023:57771:57771 [0] NCCL INFO AllReduce: 65536 Bytes -> Algo RING proto SIMPLE channel{Lo..Hi}={0..1}
[1,0]<stdout>:appmana-023:57771:57771 [0] NCCL INFO AllReduce: 65536 Bytes -> Algo RING proto SIMPLE channel{Lo..Hi}={0..1}
[1,0]<stdout>:appmana-023:57771:57771 [0] NCCL INFO AllReduce: 65536 Bytes -> Algo RING proto SIMPLE channel{Lo..Hi}={0..1}
[1,0]<stdout>:appmana-023:57771:57771 [0] NCCL INFO AllReduce: 65536 Bytes -> Algo RING proto SIMPLE channel{Lo..Hi}={0..1}
[1,0]<stdout>:   145.09    0.45    0.45       0appmana-023:57771:57771 [0] NCCL INFO AllReduce: 65536 Bytes -> Algo RING proto SIMPLE channel{Lo..Hi}={0..1}
[1,0]<stdout>:appmana-023:57771:57771 [0] NCCL INFO AllReduce: 65536 Bytes -> Algo RING proto SIMPLE channel{Lo..Hi}={0..1}
[1,0]<stdout>:appmana-023:57771:57771 [0] NCCL INFO AllReduce: 65536 Bytes -> Algo RING proto SIMPLE channel{Lo..Hi}={0..1}
[1,0]<stdout>:appmana-023:57771:57771 [0] NCCL INFO AllReduce: 65536 Bytes -> Algo RING proto SIMPLE channel{Lo..Hi}={0..1}
[1,0]<stdout>:appmana-023:57771:57771 [0] NCCL INFO AllReduce: 65536 Bytes -> Algo RING proto SIMPLE channel{Lo..Hi}={0..1}
[1,0]<stdout>:appmana-023:57771:57771 [0] NCCL INFO AllReduce: 65536 Bytes -> Algo RING proto SIMPLE channel{Lo..Hi}={0..1}
[1,0]<stdout>:appmana-023:57771:57771 [0] NCCL INFO AllReduce: 65536 Bytes -> Algo RING proto SIMPLE channel{Lo..Hi}={0..1}
[1,0]<stdout>:appmana-023:57771:57771 [0] NCCL INFO AllReduce: 65536 Bytes -> Algo RING proto SIMPLE channel{Lo..Hi}={0..1}
[1,0]<stdout>:appmana-023:57771:57771 [0] NCCL INFO AllReduce: 65536 Bytes -> Algo RING proto SIMPLE channel{Lo..Hi}={0..1}
[1,0]<stdout>:appmana-023:57771:57771 [0] NCCL INFO AllReduce: 65536 Bytes -> Algo RING proto SIMPLE channel{Lo..Hi}={0..1}
[1,0]<stdout>:appmana-023:57771:57771 [0] NCCL INFO AllReduce: 65536 Bytes -> Algo RING proto SIMPLE channel{Lo..Hi}={0..1}
[1,0]<stdout>:appmana-023:57771:57771 [0] NCCL INFO AllReduce: 65536 Bytes -> Algo RING proto SIMPLE channel{Lo..Hi}={0..1}
[1,0]<stdout>:appmana-023:57771:57771 [0] NCCL INFO AllReduce: 65536 Bytes -> Algo RING proto SIMPLE channel{Lo..Hi}={0..1}
[1,0]<stdout>:appmana-023:57771:57771 [0] NCCL INFO AllReduce: 65536 Bytes -> Algo RING proto SIMPLE channel{Lo..Hi}={0..1}
[1,0]<stdout>:appmana-023:57771:57771 [0] NCCL INFO AllReduce: 65536 Bytes -> Algo RING proto SIMPLE channel{Lo..Hi}={0..1}
[1,0]<stdout>:appmana-023:57771:57771 [0] NCCL INFO AllReduce: 65536 Bytes -> Algo RING proto SIMPLE channel{Lo..Hi}={0..1}
[1,0]<stdout>:appmana-023:57771:57771 [0] NCCL INFO AllReduce: 65536 Bytes -> Algo RING proto SIMPLE channel{Lo..Hi}={0..1}
[1,0]<stdout>:appmana-023:57771:57771 [0] NCCL INFO AllReduce: 65536 Bytes -> Algo RING proto SIMPLE channel{Lo..Hi}={0..1}
[1,0]<stdout>:appmana-023:57771:57771 [0] NCCL INFO AllReduce: 65536 Bytes -> Algo RING proto SIMPLE channel{Lo..Hi}={0..1}
[1,0]<stdout>:appmana-023:57771:57771 [0] NCCL INFO AllReduce: 65536 Bytes -> Algo RING proto SIMPLE channel{Lo..Hi}={0..1}
[1,0]<stdout>:appmana-023:57771:57771 [0] NCCL INFO AllReduce: 65536 Bytes -> Algo RING proto SIMPLE channel{Lo..Hi}={0..1}
[1,0]<stdout>:appmana-023:57771:57771 [0] NCCL INFO AllReduce: 65536 Bytes -> Algo RING proto SIMPLE channel{Lo..Hi}={0..1}
[1,0]<stdout>:   151.44    0.43    0.43       0
[1,0]<stdout>:      131072         32768     float     sum      -1appmana-023:57771:57771 [0] NCCL INFO AllReduce: 131072 Bytes -> Algo RING proto SIMPLE channel{Lo..Hi}={0..1}
[1,0]<stdout>:appmana-023:57771:57771 [0] NCCL INFO AllReduce: 131072 Bytes -> Algo RING proto SIMPLE channel{Lo..Hi}={0..1}
[1,0]<stdout>:appmana-023:57771:57771 [0] NCCL INFO AllReduce: 131072 Bytes -> Algo RING proto SIMPLE channel{Lo..Hi}={0..1}
[1,0]<stdout>:appmana-023:57771:57771 [0] NCCL INFO AllReduce: 131072 Bytes -> Algo RING proto SIMPLE channel{Lo..Hi}={0..1}
[1,0]<stdout>:appmana-023:57771:57771 [0] NCCL INFO AllReduce: 131072 Bytes -> Algo RING proto SIMPLE channel{Lo..Hi}={0..1}
[1,0]<stdout>:appmana-023:57771:57771 [0] NCCL INFO AllReduce: 131072 Bytes -> Algo RING proto SIMPLE channel{Lo..Hi}={0..1}
[1,0]<stdout>:appmana-023:57771:57771 [0] NCCL INFO AllReduce: 131072 Bytes -> Algo RING proto SIMPLE channel{Lo..Hi}={0..1}
[1,0]<stdout>:appmana-023:57771:57771 [0] NCCL INFO AllReduce: 131072 Bytes -> Algo RING proto SIMPLE channel{Lo..Hi}={0..1}
[1,0]<stdout>:appmana-023:57771:57771 [0] NCCL INFO AllReduce: 131072 Bytes -> Algo RING proto SIMPLE channel{Lo..Hi}={0..1}
[1,0]<stdout>:appmana-023:57771:57771 [0] NCCL INFO AllReduce: 131072 Bytes -> Algo RING proto SIMPLE channel{Lo..Hi}={0..1}
[1,0]<stdout>:appmana-023:57771:57771 [0] NCCL INFO AllReduce: 131072 Bytes -> Algo RING proto SIMPLE channel{Lo..Hi}={0..1}
[1,0]<stdout>:appmana-023:57771:57771 [0] NCCL INFO AllReduce: 131072 Bytes -> Algo RING proto SIMPLE channel{Lo..Hi}={0..1}
[1,0]<stdout>:appmana-023:57771:57771 [0] NCCL INFO AllReduce: 131072 Bytes -> Algo RING proto SIMPLE channel{Lo..Hi}={0..1}
[1,0]<stdout>:appmana-023:57771:57771 [0] NCCL INFO AllReduce: 131072 Bytes -> Algo RING proto SIMPLE channel{Lo..Hi}={0..1}
[1,0]<stdout>:appmana-023:57771:57771 [0] NCCL INFO AllReduce: 131072 Bytes -> Algo RING proto SIMPLE channel{Lo..Hi}={0..1}
[1,0]<stdout>:appmana-023:57771:57771 [0] NCCL INFO AllReduce: 131072 Bytes -> Algo RING proto SIMPLE channel{Lo..Hi}={0..1}
[1,0]<stdout>:appmana-023:57771:57771 [0] NCCL INFO AllReduce: 131072 Bytes -> Algo RING proto SIMPLE channel{Lo..Hi}={0..1}
[1,0]<stdout>:appmana-023:57771:57771 [0] NCCL INFO AllReduce: 131072 Bytes -> Algo RING proto SIMPLE channel{Lo..Hi}={0..1}
[1,0]<stdout>:appmana-023:57771:57771 [0] NCCL INFO AllReduce: 131072 Bytes -> Algo RING proto SIMPLE channel{Lo..Hi}={0..1}
[1,0]<stdout>:appmana-023:57771:57771 [0] NCCL INFO AllReduce: 131072 Bytes -> Algo RING proto SIMPLE channel{Lo..Hi}={0..1}
[1,0]<stdout>:appmana-023:57771:57771 [0] NCCL INFO AllReduce: 131072 Bytes -> Algo RING proto SIMPLE channel{Lo..Hi}={0..1}
[1,0]<stdout>:appmana-023:57771:57771 [0] NCCL INFO AllReduce: 131072 Bytes -> Algo RING proto SIMPLE channel{Lo..Hi}={0..1}
[1,0]<stdout>:   192.60    0.68    0.68       0appmana-023:57771:57771 [0] NCCL INFO AllReduce: 131072 Bytes -> Algo RING proto SIMPLE channel{Lo..Hi}={0..1}
[1,0]<stdout>:appmana-023:57771:57771 [0] NCCL INFO AllReduce: 131072 Bytes -> Algo RING proto SIMPLE channel{Lo..Hi}={0..1}
[1,0]<stdout>:appmana-023:57771:57771 [0] NCCL INFO AllReduce: 131072 Bytes -> Algo RING proto SIMPLE channel{Lo..Hi}={0..1}
[1,0]<stdout>:appmana-023:57771:57771 [0] NCCL INFO AllReduce: 131072 Bytes -> Algo RING proto SIMPLE channel{Lo..Hi}={0..1}
[1,0]<stdout>:appmana-023:57771:57771 [0] NCCL INFO AllReduce: 131072 Bytes -> Algo RING proto SIMPLE channel{Lo..Hi}={0..1}
[1,0]<stdout>:appmana-023:57771:57771 [0] NCCL INFO AllReduce: 131072 Bytes -> Algo RING proto SIMPLE channel{Lo..Hi}={0..1}
[1,0]<stdout>:appmana-023:57771:57771 [0] NCCL INFO AllReduce: 131072 Bytes -> Algo RING proto SIMPLE channel{Lo..Hi}={0..1}
[1,0]<stdout>:appmana-023:57771:57771 [0] NCCL INFO AllReduce: 131072 Bytes -> Algo RING proto SIMPLE channel{Lo..Hi}={0..1}
[1,0]<stdout>:appmana-023:57771:57771 [0] NCCL INFO AllReduce: 131072 Bytes -> Algo RING proto SIMPLE channel{Lo..Hi}={0..1}
[1,0]<stdout>:appmana-023:57771:57771 [0] NCCL INFO AllReduce: 131072 Bytes -> Algo RING proto SIMPLE channel{Lo..Hi}={0..1}
[1,0]<stdout>:appmana-023:57771:57771 [0] NCCL INFO AllReduce: 131072 Bytes -> Algo RING proto SIMPLE channel{Lo..Hi}={0..1}
[1,0]<stdout>:appmana-023:57771:57771 [0] NCCL INFO AllReduce: 131072 Bytes -> Algo RING proto SIMPLE channel{Lo..Hi}={0..1}
[1,0]<stdout>:appmana-023:57771:57771 [0] NCCL INFO AllReduce: 131072 Bytes -> Algo RING proto SIMPLE channel{Lo..Hi}={0..1}
[1,0]<stdout>:appmana-023:57771:57771 [0] NCCL INFO AllReduce: 131072 Bytes -> Algo RING proto SIMPLE channel{Lo..Hi}={0..1}
[1,0]<stdout>:appmana-023:57771:57771 [0] NCCL INFO AllReduce: 131072 Bytes -> Algo RING proto SIMPLE channel{Lo..Hi}={0..1}
[1,0]<stdout>:appmana-023:57771:57771 [0] NCCL INFO AllReduce: 131072 Bytes -> Algo RING proto SIMPLE channel{Lo..Hi}={0..1}
[1,0]<stdout>:appmana-023:57771:57771 [0] NCCL INFO AllReduce: 131072 Bytes -> Algo RING proto SIMPLE channel{Lo..Hi}={0..1}
[1,0]<stdout>:appmana-023:57771:57771 [0] NCCL INFO AllReduce: 131072 Bytes -> Algo RING proto SIMPLE channel{Lo..Hi}={0..1}
[1,0]<stdout>:appmana-023:57771:57771 [0] NCCL INFO AllReduce: 131072 Bytes -> Algo RING proto SIMPLE channel{Lo..Hi}={0..1}
[1,0]<stdout>:appmana-023:57771:57771 [0] NCCL INFO AllReduce: 131072 Bytes -> Algo RING proto SIMPLE channel{Lo..Hi}={0..1}
[1,0]<stdout>:appmana-023:57771:57771 [0] NCCL INFO AllReduce: 131072 Bytes -> Algo RING proto SIMPLE channel{Lo..Hi}={0..1}
[1,0]<stdout>:appmana-023:57771:57771 [0] NCCL INFO AllReduce: 131072 Bytes -> Algo RING proto SIMPLE channel{Lo..Hi}={0..1}
[1,0]<stdout>:   187.71    0.70    0.70       0
[1,0]<stdout>:      262144         65536     float     sum      -1appmana-023:57771:57771 [0] NCCL INFO AllReduce: 262144 Bytes -> Algo RING proto SIMPLE channel{Lo..Hi}={0..1}
[1,0]<stdout>:appmana-023:57771:57771 [0] NCCL INFO AllReduce: 262144 Bytes -> Algo RING proto SIMPLE channel{Lo..Hi}={0..1}
[1,0]<stdout>:appmana-023:57771:57771 [0] NCCL INFO AllReduce: 262144 Bytes -> Algo RING proto SIMPLE channel{Lo..Hi}={0..1}
[1,0]<stdout>:appmana-023:57771:57771 [0] NCCL INFO AllReduce: 262144 Bytes -> Algo RING proto SIMPLE channel{Lo..Hi}={0..1}
[1,0]<stdout>:appmana-023:57771:57771 [0] NCCL INFO AllReduce: 262144 Bytes -> Algo RING proto SIMPLE channel{Lo..Hi}={0..1}
[1,0]<stdout>:appmana-023:57771:57771 [0] NCCL INFO AllReduce: 262144 Bytes -> Algo RING proto SIMPLE channel{Lo..Hi}={0..1}
[1,0]<stdout>:appmana-023:57771:57771 [0] NCCL INFO AllReduce: 262144 Bytes -> Algo RING proto SIMPLE channel{Lo..Hi}={0..1}
[1,0]<stdout>:appmana-023:57771:57771 [0] NCCL INFO AllReduce: 262144 Bytes -> Algo RING proto SIMPLE channel{Lo..Hi}={0..1}
[1,0]<stdout>:appmana-023:57771:57771 [0] NCCL INFO AllReduce: 262144 Bytes -> Algo RING proto SIMPLE channel{Lo..Hi}={0..1}
[1,0]<stdout>:appmana-023:57771:57771 [0] NCCL INFO AllReduce: 262144 Bytes -> Algo RING proto SIMPLE channel{Lo..Hi}={0..1}
[1,0]<stdout>:appmana-023:57771:57771 [0] NCCL INFO AllReduce: 262144 Bytes -> Algo RING proto SIMPLE channel{Lo..Hi}={0..1}
[1,0]<stdout>:appmana-023:57771:57771 [0] NCCL INFO AllReduce: 262144 Bytes -> Algo RING proto SIMPLE channel{Lo..Hi}={0..1}
[1,0]<stdout>:appmana-023:57771:57771 [0] NCCL INFO AllReduce: 262144 Bytes -> Algo RING proto SIMPLE channel{Lo..Hi}={0..1}
[1,0]<stdout>:appmana-023:57771:57771 [0] NCCL INFO AllReduce: 262144 Bytes -> Algo RING proto SIMPLE channel{Lo..Hi}={0..1}
[1,0]<stdout>:appmana-023:57771:57771 [0] NCCL INFO AllReduce: 262144 Bytes -> Algo RING proto SIMPLE channel{Lo..Hi}={0..1}
[1,0]<stdout>:appmana-023:57771:57771 [0] NCCL INFO AllReduce: 262144 Bytes -> Algo RING proto SIMPLE channel{Lo..Hi}={0..1}
[1,0]<stdout>:appmana-023:57771:57771 [0] NCCL INFO AllReduce: 262144 Bytes -> Algo RING proto SIMPLE channel{Lo..Hi}={0..1}
[1,0]<stdout>:appmana-023:57771:57771 [0] NCCL INFO AllReduce: 262144 Bytes -> Algo RING proto SIMPLE channel{Lo..Hi}={0..1}
[1,0]<stdout>:appmana-023:57771:57771 [0] NCCL INFO AllReduce: 262144 Bytes -> Algo RING proto SIMPLE channel{Lo..Hi}={0..1}
[1,0]<stdout>:appmana-023:57771:57771 [0] NCCL INFO AllReduce: 262144 Bytes -> Algo RING proto SIMPLE channel{Lo..Hi}={0..1}
[1,0]<stdout>:appmana-023:57771:57771 [0] NCCL INFO AllReduce: 262144 Bytes -> Algo RING proto SIMPLE channel{Lo..Hi}={0..1}
[1,0]<stdout>:appmana-023:57771:57771 [0] NCCL INFO AllReduce: 262144 Bytes -> Algo RING proto SIMPLE channel{Lo..Hi}={0..1}
[1,0]<stdout>:   272.57    0.96    0.96       0appmana-023:57771:57771 [0] NCCL INFO AllReduce: 262144 Bytes -> Algo RING proto SIMPLE channel{Lo..Hi}={0..1}
[1,0]<stdout>:appmana-023:57771:57771 [0] NCCL INFO AllReduce: 262144 Bytes -> Algo RING proto SIMPLE channel{Lo..Hi}={0..1}
[1,0]<stdout>:appmana-023:57771:57771 [0] NCCL INFO AllReduce: 262144 Bytes -> Algo RING proto SIMPLE channel{Lo..Hi}={0..1}
[1,0]<stdout>:appmana-023:57771:57771 [0] NCCL INFO AllReduce: 262144 Bytes -> Algo RING proto SIMPLE channel{Lo..Hi}={0..1}
[1,0]<stdout>:appmana-023:57771:57771 [0] NCCL INFO AllReduce: 262144 Bytes -> Algo RING proto SIMPLE channel{Lo..Hi}={0..1}
[1,0]<stdout>:appmana-023:57771:57771 [0] NCCL INFO AllReduce: 262144 Bytes -> Algo RING proto SIMPLE channel{Lo..Hi}={0..1}
[1,0]<stdout>:appmana-023:57771:57771 [0] NCCL INFO AllReduce: 262144 Bytes -> Algo RING proto SIMPLE channel{Lo..Hi}={0..1}
[1,0]<stdout>:appmana-023:57771:57771 [0] NCCL INFO AllReduce: 262144 Bytes -> Algo RING proto SIMPLE channel{Lo..Hi}={0..1}
[1,0]<stdout>:appmana-023:57771:57771 [0] NCCL INFO AllReduce: 262144 Bytes -> Algo RING proto SIMPLE channel{Lo..Hi}={0..1}
[1,0]<stdout>:appmana-023:57771:57771 [0] NCCL INFO AllReduce: 262144 Bytes -> Algo RING proto SIMPLE channel{Lo..Hi}={0..1}
[1,0]<stdout>:appmana-023:57771:57771 [0] NCCL INFO AllReduce: 262144 Bytes -> Algo RING proto SIMPLE channel{Lo..Hi}={0..1}
[1,0]<stdout>:appmana-023:57771:57771 [0] NCCL INFO AllReduce: 262144 Bytes -> Algo RING proto SIMPLE channel{Lo..Hi}={0..1}
[1,0]<stdout>:appmana-023:57771:57771 [0] NCCL INFO AllReduce: 262144 Bytes -> Algo RING proto SIMPLE channel{Lo..Hi}={0..1}
[1,0]<stdout>:appmana-023:57771:57771 [0] NCCL INFO AllReduce: 262144 Bytes -> Algo RING proto SIMPLE channel{Lo..Hi}={0..1}
[1,0]<stdout>:appmana-023:57771:57771 [0] NCCL INFO AllReduce: 262144 Bytes -> Algo RING proto SIMPLE channel{Lo..Hi}={0..1}
[1,0]<stdout>:appmana-023:57771:57771 [0] NCCL INFO AllReduce: 262144 Bytes -> Algo RING proto SIMPLE channel{Lo..Hi}={0..1}
[1,0]<stdout>:appmana-023:57771:57771 [0] NCCL INFO AllReduce: 262144 Bytes -> Algo RING proto SIMPLE channel{Lo..Hi}={0..1}
[1,0]<stdout>:appmana-023:57771:57771 [0] NCCL INFO AllReduce: 262144 Bytes -> Algo RING proto SIMPLE channel{Lo..Hi}={0..1}
[1,0]<stdout>:appmana-023:57771:57771 [0] NCCL INFO AllReduce: 262144 Bytes -> Algo RING proto SIMPLE channel{Lo..Hi}={0..1}
[1,0]<stdout>:appmana-023:57771:57771 [0] NCCL INFO AllReduce: 262144 Bytes -> Algo RING proto SIMPLE channel{Lo..Hi}={0..1}
[1,0]<stdout>:appmana-023:57771:57771 [0] NCCL INFO AllReduce: 262144 Bytes -> Algo RING proto SIMPLE channel{Lo..Hi}={0..1}
[1,0]<stdout>:appmana-023:57771:57771 [0] NCCL INFO AllReduce: 262144 Bytes -> Algo RING proto SIMPLE channel{Lo..Hi}={0..1}
[1,0]<stdout>:   274.25    0.96    0.96       0
[1,0]<stdout>:      524288        131072     float     sum      -1appmana-023:57771:57771 [0] NCCL INFO AllReduce: 524288 Bytes -> Algo RING proto SIMPLE channel{Lo..Hi}={0..1}
[1,0]<stdout>:appmana-023:57771:57771 [0] NCCL INFO AllReduce: 524288 Bytes -> Algo RING proto SIMPLE channel{Lo..Hi}={0..1}
[1,0]<stdout>:appmana-023:57771:57771 [0] NCCL INFO AllReduce: 524288 Bytes -> Algo RING proto SIMPLE channel{Lo..Hi}={0..1}
[1,0]<stdout>:appmana-023:57771:57771 [0] NCCL INFO AllReduce: 524288 Bytes -> Algo RING proto SIMPLE channel{Lo..Hi}={0..1}
[1,0]<stdout>:appmana-023:57771:57771 [0] NCCL INFO AllReduce: 524288 Bytes -> Algo RING proto SIMPLE channel{Lo..Hi}={0..1}
[1,0]<stdout>:appmana-023:57771:57771 [0] NCCL INFO AllReduce: 524288 Bytes -> Algo RING proto SIMPLE channel{Lo..Hi}={0..1}
[1,0]<stdout>:appmana-023:57771:57771 [0] NCCL INFO AllReduce: 524288 Bytes -> Algo RING proto SIMPLE channel{Lo..Hi}={0..1}
[1,0]<stdout>:appmana-023:57771:57771 [0] NCCL INFO AllReduce: 524288 Bytes -> Algo RING proto SIMPLE channel{Lo..Hi}={0..1}
[1,0]<stdout>:appmana-023:57771:57771 [0] NCCL INFO AllReduce: 524288 Bytes -> Algo RING proto SIMPLE channel{Lo..Hi}={0..1}
[1,0]<stdout>:appmana-023:57771:57771 [0] NCCL INFO AllReduce: 524288 Bytes -> Algo RING proto SIMPLE channel{Lo..Hi}={0..1}
[1,0]<stdout>:appmana-023:57771:57771 [0] NCCL INFO AllReduce: 524288 Bytes -> Algo RING proto SIMPLE channel{Lo..Hi}={0..1}
[1,0]<stdout>:appmana-023:57771:57771 [0] NCCL INFO AllReduce: 524288 Bytes -> Algo RING proto SIMPLE channel{Lo..Hi}={0..1}
[1,0]<stdout>:appmana-023:57771:57771 [0] NCCL INFO AllReduce: 524288 Bytes -> Algo RING proto SIMPLE channel{Lo..Hi}={0..1}
[1,0]<stdout>:appmana-023:57771:57771 [0] NCCL INFO AllReduce: 524288 Bytes -> Algo RING proto SIMPLE channel{Lo..Hi}={0..1}
[1,0]<stdout>:appmana-023:57771:57771 [0] NCCL INFO AllReduce: 524288 Bytes -> Algo RING proto SIMPLE channel{Lo..Hi}={0..1}
[1,0]<stdout>:appmana-023:57771:57771 [0] NCCL INFO AllReduce: 524288 Bytes -> Algo RING proto SIMPLE channel{Lo..Hi}={0..1}
[1,0]<stdout>:appmana-023:57771:57771 [0] NCCL INFO AllReduce: 524288 Bytes -> Algo RING proto SIMPLE channel{Lo..Hi}={0..1}
[1,0]<stdout>:appmana-023:57771:57771 [0] NCCL INFO AllReduce: 524288 Bytes -> Algo RING proto SIMPLE channel{Lo..Hi}={0..1}
[1,0]<stdout>:appmana-023:57771:57771 [0] NCCL INFO AllReduce: 524288 Bytes -> Algo RING proto SIMPLE channel{Lo..Hi}={0..1}
[1,0]<stdout>:appmana-023:57771:57771 [0] NCCL INFO AllReduce: 524288 Bytes -> Algo RING proto SIMPLE channel{Lo..Hi}={0..1}
[1,0]<stdout>:appmana-023:57771:57771 [0] NCCL INFO AllReduce: 524288 Bytes -> Algo RING proto SIMPLE channel{Lo..Hi}={0..1}
[1,0]<stdout>:appmana-023:57771:57771 [0] NCCL INFO AllReduce: 524288 Bytes -> Algo RING proto SIMPLE channel{Lo..Hi}={0..1}
[1,0]<stdout>:   434.63    1.21    1.21       0appmana-023:57771:57771 [0] NCCL INFO AllReduce: 524288 Bytes -> Algo RING proto SIMPLE channel{Lo..Hi}={0..1}
[1,0]<stdout>:appmana-023:57771:57771 [0] NCCL INFO AllReduce: 524288 Bytes -> Algo RING proto SIMPLE channel{Lo..Hi}={0..1}
[1,0]<stdout>:appmana-023:57771:57771 [0] NCCL INFO AllReduce: 524288 Bytes -> Algo RING proto SIMPLE channel{Lo..Hi}={0..1}
[1,0]<stdout>:appmana-023:57771:57771 [0] NCCL INFO AllReduce: 524288 Bytes -> Algo RING proto SIMPLE channel{Lo..Hi}={0..1}
[1,0]<stdout>:appmana-023:57771:57771 [0] NCCL INFO AllReduce: 524288 Bytes -> Algo RING proto SIMPLE channel{Lo..Hi}={0..1}
[1,0]<stdout>:appmana-023:57771:57771 [0] NCCL INFO AllReduce: 524288 Bytes -> Algo RING proto SIMPLE channel{Lo..Hi}={0..1}
[1,0]<stdout>:appmana-023:57771:57771 [0] NCCL INFO AllReduce: 524288 Bytes -> Algo RING proto SIMPLE channel{Lo..Hi}={0..1}
[1,0]<stdout>:appmana-023:57771:57771 [0] NCCL INFO AllReduce: 524288 Bytes -> Algo RING proto SIMPLE channel{Lo..Hi}={0..1}
[1,0]<stdout>:appmana-023:57771:57771 [0] NCCL INFO AllReduce: 524288 Bytes -> Algo RING proto SIMPLE channel{Lo..Hi}={0..1}
[1,0]<stdout>:appmana-023:57771:57771 [0] NCCL INFO AllReduce: 524288 Bytes -> Algo RING proto SIMPLE channel{Lo..Hi}={0..1}
[1,0]<stdout>:appmana-023:57771:57771 [0] NCCL INFO AllReduce: 524288 Bytes -> Algo RING proto SIMPLE channel{Lo..Hi}={0..1}
[1,0]<stdout>:appmana-023:57771:57771 [0] NCCL INFO AllReduce: 524288 Bytes -> Algo RING proto SIMPLE channel{Lo..Hi}={0..1}
[1,0]<stdout>:appmana-023:57771:57771 [0] NCCL INFO AllReduce: 524288 Bytes -> Algo RING proto SIMPLE channel{Lo..Hi}={0..1}
[1,0]<stdout>:appmana-023:57771:57771 [0] NCCL INFO AllReduce: 524288 Bytes -> Algo RING proto SIMPLE channel{Lo..Hi}={0..1}
[1,0]<stdout>:appmana-023:57771:57771 [0] NCCL INFO AllReduce: 524288 Bytes -> Algo RING proto SIMPLE channel{Lo..Hi}={0..1}
[1,0]<stdout>:appmana-023:57771:57771 [0] NCCL INFO AllReduce: 524288 Bytes -> Algo RING proto SIMPLE channel{Lo..Hi}={0..1}
[1,0]<stdout>:appmana-023:57771:57771 [0] NCCL INFO AllReduce: 524288 Bytes -> Algo RING proto SIMPLE channel{Lo..Hi}={0..1}
[1,0]<stdout>:appmana-023:57771:57771 [0] NCCL INFO AllReduce: 524288 Bytes -> Algo RING proto SIMPLE channel{Lo..Hi}={0..1}
[1,0]<stdout>:appmana-023:57771:57771 [0] NCCL INFO AllReduce: 524288 Bytes -> Algo RING proto SIMPLE channel{Lo..Hi}={0..1}
[1,0]<stdout>:appmana-023:57771:57771 [0] NCCL INFO AllReduce: 524288 Bytes -> Algo RING proto SIMPLE channel{Lo..Hi}={0..1}
[1,0]<stdout>:appmana-023:57771:57771 [0] NCCL INFO AllReduce: 524288 Bytes -> Algo RING proto SIMPLE channel{Lo..Hi}={0..1}
[1,0]<stdout>:appmana-023:57771:57771 [0] NCCL INFO AllReduce: 524288 Bytes -> Algo RING proto SIMPLE channel{Lo..Hi}={0..1}
[1,0]<stdout>:   432.86    1.21    1.21       0
[1,0]<stdout>:     1048576        262144     float     sum      -1appmana-023:57771:57771 [0] NCCL INFO AllReduce: 1048576 Bytes -> Algo RING proto SIMPLE channel{Lo..Hi}={0..1}
[1,0]<stdout>:appmana-023:57771:57771 [0] NCCL INFO AllReduce: 1048576 Bytes -> Algo RING proto SIMPLE channel{Lo..Hi}={0..1}
[1,0]<stdout>:appmana-023:57771:57771 [0] NCCL INFO AllReduce: 1048576 Bytes -> Algo RING proto SIMPLE channel{Lo..Hi}={0..1}
[1,0]<stdout>:appmana-023:57771:57771 [0] NCCL INFO AllReduce: 1048576 Bytes -> Algo RING proto SIMPLE channel{Lo..Hi}={0..1}
[1,0]<stdout>:appmana-023:57771:57771 [0] NCCL INFO AllReduce: 1048576 Bytes -> Algo RING proto SIMPLE channel{Lo..Hi}={0..1}
[1,0]<stdout>:appmana-023:57771:57771 [0] NCCL INFO AllReduce: 1048576 Bytes -> Algo RING proto SIMPLE channel{Lo..Hi}={0..1}
[1,0]<stdout>:appmana-023:57771:57771 [0] NCCL INFO AllReduce: 1048576 Bytes -> Algo RING proto SIMPLE channel{Lo..Hi}={0..1}
[1,0]<stdout>:appmana-023:57771:57771 [0] NCCL INFO AllReduce: 1048576 Bytes -> Algo RING proto SIMPLE channel{Lo..Hi}={0..1}
[1,0]<stdout>:appmana-023:57771:57771 [0] NCCL INFO AllReduce: 1048576 Bytes -> Algo RING proto SIMPLE channel{Lo..Hi}={0..1}
[1,0]<stdout>:appmana-023:57771:57771 [0] NCCL INFO AllReduce: 1048576 Bytes -> Algo RING proto SIMPLE channel{Lo..Hi}={0..1}
[1,0]<stdout>:appmana-023:57771:57771 [0] NCCL INFO AllReduce: 1048576 Bytes -> Algo RING proto SIMPLE channel{Lo..Hi}={0..1}
[1,0]<stdout>:appmana-023:57771:57771 [0] NCCL INFO AllReduce: 1048576 Bytes -> Algo RING proto SIMPLE channel{Lo..Hi}={0..1}
[1,0]<stdout>:appmana-023:57771:57771 [0] NCCL INFO AllReduce: 1048576 Bytes -> Algo RING proto SIMPLE channel{Lo..Hi}={0..1}
[1,0]<stdout>:appmana-023:57771:57771 [0] NCCL INFO AllReduce: 1048576 Bytes -> Algo RING proto SIMPLE channel{Lo..Hi}={0..1}
[1,0]<stdout>:appmana-023:57771:57771 [0] NCCL INFO AllReduce: 1048576 Bytes -> Algo RING proto SIMPLE channel{Lo..Hi}={0..1}
[1,0]<stdout>:appmana-023:57771:57771 [0] NCCL INFO AllReduce: 1048576 Bytes -> Algo RING proto SIMPLE channel{Lo..Hi}={0..1}
[1,0]<stdout>:appmana-023:57771:57771 [0] NCCL INFO AllReduce: 1048576 Bytes -> Algo RING proto SIMPLE channel{Lo..Hi}={0..1}
[1,0]<stdout>:appmana-023:57771:57771 [0] NCCL INFO AllReduce: 1048576 Bytes -> Algo RING proto SIMPLE channel{Lo..Hi}={0..1}
[1,0]<stdout>:appmana-023:57771:57771 [0] NCCL INFO AllReduce: 1048576 Bytes -> Algo RING proto SIMPLE channel{Lo..Hi}={0..1}
[1,0]<stdout>:appmana-023:57771:57771 [0] NCCL INFO AllReduce: 1048576 Bytes -> Algo RING proto SIMPLE channel{Lo..Hi}={0..1}
[1,0]<stdout>:appmana-023:57771:57771 [0] NCCL INFO AllReduce: 1048576 Bytes -> Algo RING proto SIMPLE channel{Lo..Hi}={0..1}
[1,0]<stdout>:appmana-023:57771:57771 [0] NCCL INFO AllReduce: 1048576 Bytes -> Algo RING proto SIMPLE channel{Lo..Hi}={0..1}
[1,0]<stdout>:   767.67    1.37    1.37       0appmana-023:57771:57771 [0] NCCL INFO AllReduce: 1048576 Bytes -> Algo RING proto SIMPLE channel{Lo..Hi}={0..1}
[1,0]<stdout>:appmana-023:57771:57771 [0] NCCL INFO AllReduce: 1048576 Bytes -> Algo RING proto SIMPLE channel{Lo..Hi}={0..1}
[1,0]<stdout>:appmana-023:57771:57771 [0] NCCL INFO AllReduce: 1048576 Bytes -> Algo RING proto SIMPLE channel{Lo..Hi}={0..1}
[1,0]<stdout>:appmana-023:57771:57771 [0] NCCL INFO AllReduce: 1048576 Bytes -> Algo RING proto SIMPLE channel{Lo..Hi}={0..1}
[1,0]<stdout>:appmana-023:57771:57771 [0] NCCL INFO AllReduce: 1048576 Bytes -> Algo RING proto SIMPLE channel{Lo..Hi}={0..1}
[1,0]<stdout>:appmana-023:57771:57771 [0] NCCL INFO AllReduce: 1048576 Bytes -> Algo RING proto SIMPLE channel{Lo..Hi}={0..1}
[1,0]<stdout>:appmana-023:57771:57771 [0] NCCL INFO AllReduce: 1048576 Bytes -> Algo RING proto SIMPLE channel{Lo..Hi}={0..1}
[1,0]<stdout>:appmana-023:57771:57771 [0] NCCL INFO AllReduce: 1048576 Bytes -> Algo RING proto SIMPLE channel{Lo..Hi}={0..1}
[1,0]<stdout>:appmana-023:57771:57771 [0] NCCL INFO AllReduce: 1048576 Bytes -> Algo RING proto SIMPLE channel{Lo..Hi}={0..1}
[1,0]<stdout>:appmana-023:57771:57771 [0] NCCL INFO AllReduce: 1048576 Bytes -> Algo RING proto SIMPLE channel{Lo..Hi}={0..1}
[1,0]<stdout>:appmana-023:57771:57771 [0] NCCL INFO AllReduce: 1048576 Bytes -> Algo RING proto SIMPLE channel{Lo..Hi}={0..1}
[1,0]<stdout>:appmana-023:57771:57771 [0] NCCL INFO AllReduce: 1048576 Bytes -> Algo RING proto SIMPLE channel{Lo..Hi}={0..1}
[1,0]<stdout>:appmana-023:57771:57771 [0] NCCL INFO AllReduce: 1048576 Bytes -> Algo RING proto SIMPLE channel{Lo..Hi}={0..1}
[1,0]<stdout>:appmana-023:57771:57771 [0] NCCL INFO AllReduce: 1048576 Bytes -> Algo RING proto SIMPLE channel{Lo..Hi}={0..1}
[1,0]<stdout>:appmana-023:57771:57771 [0] NCCL INFO AllReduce: 1048576 Bytes -> Algo RING proto SIMPLE channel{Lo..Hi}={0..1}
[1,0]<stdout>:appmana-023:57771:57771 [0] NCCL INFO AllReduce: 1048576 Bytes -> Algo RING proto SIMPLE channel{Lo..Hi}={0..1}
[1,0]<stdout>:appmana-023:57771:57771 [0] NCCL INFO AllReduce: 1048576 Bytes -> Algo RING proto SIMPLE channel{Lo..Hi}={0..1}
[1,0]<stdout>:appmana-023:57771:57771 [0] NCCL INFO AllReduce: 1048576 Bytes -> Algo RING proto SIMPLE channel{Lo..Hi}={0..1}
[1,0]<stdout>:appmana-023:57771:57771 [0] NCCL INFO AllReduce: 1048576 Bytes -> Algo RING proto SIMPLE channel{Lo..Hi}={0..1}
[1,0]<stdout>:appmana-023:57771:57771 [0] NCCL INFO AllReduce: 1048576 Bytes -> Algo RING proto SIMPLE channel{Lo..Hi}={0..1}
[1,0]<stdout>:appmana-023:57771:57771 [0] NCCL INFO AllReduce: 1048576 Bytes -> Algo RING proto SIMPLE channel{Lo..Hi}={0..1}
[1,0]<stdout>:appmana-023:57771:57771 [0] NCCL INFO AllReduce: 1048576 Bytes -> Algo RING proto SIMPLE channel{Lo..Hi}={0..1}
[1,0]<stdout>:   778.40    1.35    1.35       0
[1,0]<stdout>:     2097152        524288     float     sum      -1appmana-023:57771:57771 [0] NCCL INFO AllReduce: 2097152 Bytes -> Algo RING proto SIMPLE channel{Lo..Hi}={0..1}
[1,0]<stdout>:appmana-023:57771:57771 [0] NCCL INFO AllReduce: 2097152 Bytes -> Algo RING proto SIMPLE channel{Lo..Hi}={0..1}
[1,0]<stdout>:appmana-023:57771:57771 [0] NCCL INFO AllReduce: 2097152 Bytes -> Algo RING proto SIMPLE channel{Lo..Hi}={0..1}
[1,0]<stdout>:appmana-023:57771:57771 [0] NCCL INFO AllReduce: 2097152 Bytes -> Algo RING proto SIMPLE channel{Lo..Hi}={0..1}
[1,0]<stdout>:appmana-023:57771:57771 [0] NCCL INFO AllReduce: 2097152 Bytes -> Algo RING proto SIMPLE channel{Lo..Hi}={0..1}
[1,0]<stdout>:appmana-023:57771:57771 [0] NCCL INFO AllReduce: 2097152 Bytes -> Algo RING proto SIMPLE channel{Lo..Hi}={0..1}
[1,0]<stdout>:appmana-023:57771:57771 [0] NCCL INFO AllReduce: 2097152 Bytes -> Algo RING proto SIMPLE channel{Lo..Hi}={0..1}
[1,0]<stdout>:appmana-023:57771:57771 [0] NCCL INFO AllReduce: 2097152 Bytes -> Algo RING proto SIMPLE channel{Lo..Hi}={0..1}
[1,0]<stdout>:appmana-023:57771:57771 [0] NCCL INFO AllReduce: 2097152 Bytes -> Algo RING proto SIMPLE channel{Lo..Hi}={0..1}
[1,0]<stdout>:appmana-023:57771:57771 [0] NCCL INFO AllReduce: 2097152 Bytes -> Algo RING proto SIMPLE channel{Lo..Hi}={0..1}
[1,0]<stdout>:appmana-023:57771:57771 [0] NCCL INFO AllReduce: 2097152 Bytes -> Algo RING proto SIMPLE channel{Lo..Hi}={0..1}
[1,0]<stdout>:appmana-023:57771:57771 [0] NCCL INFO AllReduce: 2097152 Bytes -> Algo RING proto SIMPLE channel{Lo..Hi}={0..1}
[1,0]<stdout>:appmana-023:57771:57771 [0] NCCL INFO AllReduce: 2097152 Bytes -> Algo RING proto SIMPLE channel{Lo..Hi}={0..1}
[1,0]<stdout>:appmana-023:57771:57771 [0] NCCL INFO AllReduce: 2097152 Bytes -> Algo RING proto SIMPLE channel{Lo..Hi}={0..1}
[1,0]<stdout>:appmana-023:57771:57771 [0] NCCL INFO AllReduce: 2097152 Bytes -> Algo RING proto SIMPLE channel{Lo..Hi}={0..1}
[1,0]<stdout>:appmana-023:57771:57771 [0] NCCL INFO AllReduce: 2097152 Bytes -> Algo RING proto SIMPLE channel{Lo..Hi}={0..1}
[1,0]<stdout>:appmana-023:57771:57771 [0] NCCL INFO AllReduce: 2097152 Bytes -> Algo RING proto SIMPLE channel{Lo..Hi}={0..1}
[1,0]<stdout>:appmana-023:57771:57771 [0] NCCL INFO AllReduce: 2097152 Bytes -> Algo RING proto SIMPLE channel{Lo..Hi}={0..1}
[1,0]<stdout>:appmana-023:57771:57771 [0] NCCL INFO AllReduce: 2097152 Bytes -> Algo RING proto SIMPLE channel{Lo..Hi}={0..1}
[1,0]<stdout>:appmana-023:57771:57771 [0] NCCL INFO AllReduce: 2097152 Bytes -> Algo RING proto SIMPLE channel{Lo..Hi}={0..1}
[1,0]<stdout>:appmana-023:57771:57771 [0] NCCL INFO AllReduce: 2097152 Bytes -> Algo RING proto SIMPLE channel{Lo..Hi}={0..1}
[1,0]<stdout>:appmana-023:57771:57771 [0] NCCL INFO AllReduce: 2097152 Bytes -> Algo RING proto SIMPLE channel{Lo..Hi}={0..1}
[1,0]<stdout>:  1415.14    1.48    1.48       0appmana-023:57771:57771 [0] NCCL INFO AllReduce: 2097152 Bytes -> Algo RING proto SIMPLE channel{Lo..Hi}={0..1}
[1,0]<stdout>:appmana-023:57771:57771 [0] NCCL INFO AllReduce: 2097152 Bytes -> Algo RING proto SIMPLE channel{Lo..Hi}={0..1}
[1,0]<stdout>:appmana-023:57771:57771 [0] NCCL INFO AllReduce: 2097152 Bytes -> Algo RING proto SIMPLE channel{Lo..Hi}={0..1}
[1,0]<stdout>:appmana-023:57771:57771 [0] NCCL INFO AllReduce: 2097152 Bytes -> Algo RING proto SIMPLE channel{Lo..Hi}={0..1}
[1,0]<stdout>:appmana-023:57771:57771 [0] NCCL INFO AllReduce: 2097152 Bytes -> Algo RING proto SIMPLE channel{Lo..Hi}={0..1}
[1,0]<stdout>:appmana-023:57771:57771 [0] NCCL INFO AllReduce: 2097152 Bytes -> Algo RING proto SIMPLE channel{Lo..Hi}={0..1}
[1,0]<stdout>:appmana-023:57771:57771 [0] NCCL INFO AllReduce: 2097152 Bytes -> Algo RING proto SIMPLE channel{Lo..Hi}={0..1}
[1,0]<stdout>:appmana-023:57771:57771 [0] NCCL INFO AllReduce: 2097152 Bytes -> Algo RING proto SIMPLE channel{Lo..Hi}={0..1}
[1,0]<stdout>:appmana-023:57771:57771 [0] NCCL INFO AllReduce: 2097152 Bytes -> Algo RING proto SIMPLE channel{Lo..Hi}={0..1}
[1,0]<stdout>:appmana-023:57771:57771 [0] NCCL INFO AllReduce: 2097152 Bytes -> Algo RING proto SIMPLE channel{Lo..Hi}={0..1}
[1,0]<stdout>:appmana-023:57771:57771 [0] NCCL INFO AllReduce: 2097152 Bytes -> Algo RING proto SIMPLE channel{Lo..Hi}={0..1}
[1,0]<stdout>:appmana-023:57771:57771 [0] NCCL INFO AllReduce: 2097152 Bytes -> Algo RING proto SIMPLE channel{Lo..Hi}={0..1}
[1,0]<stdout>:appmana-023:57771:57771 [0] NCCL INFO AllReduce: 2097152 Bytes -> Algo RING proto SIMPLE channel{Lo..Hi}={0..1}
[1,0]<stdout>:appmana-023:57771:57771 [0] NCCL INFO AllReduce: 2097152 Bytes -> Algo RING proto SIMPLE channel{Lo..Hi}={0..1}
[1,0]<stdout>:appmana-023:57771:57771 [0] NCCL INFO AllReduce: 2097152 Bytes -> Algo RING proto SIMPLE channel{Lo..Hi}={0..1}
[1,0]<stdout>:appmana-023:57771:57771 [0] NCCL INFO AllReduce: 2097152 Bytes -> Algo RING proto SIMPLE channel{Lo..Hi}={0..1}
[1,0]<stdout>:appmana-023:57771:57771 [0] NCCL INFO AllReduce: 2097152 Bytes -> Algo RING proto SIMPLE channel{Lo..Hi}={0..1}
[1,0]<stdout>:appmana-023:57771:57771 [0] NCCL INFO AllReduce: 2097152 Bytes -> Algo RING proto SIMPLE channel{Lo..Hi}={0..1}
[1,0]<stdout>:appmana-023:57771:57771 [0] NCCL INFO AllReduce: 2097152 Bytes -> Algo RING proto SIMPLE channel{Lo..Hi}={0..1}
[1,0]<stdout>:appmana-023:57771:57771 [0] NCCL INFO AllReduce: 2097152 Bytes -> Algo RING proto SIMPLE channel{Lo..Hi}={0..1}
[1,0]<stdout>:appmana-023:57771:57771 [0] NCCL INFO AllReduce: 2097152 Bytes -> Algo RING proto SIMPLE channel{Lo..Hi}={0..1}
[1,0]<stdout>:appmana-023:57771:57771 [0] NCCL INFO AllReduce: 2097152 Bytes -> Algo RING proto SIMPLE channel{Lo..Hi}={0..1}
[1,0]<stdout>:  1408.78    1.49    1.49       0
[1,0]<stdout>:     4194304       1048576     float     sum      -1appmana-023:57771:57771 [0] NCCL INFO AllReduce: 4194304 Bytes -> Algo RING proto SIMPLE channel{Lo..Hi}={0..1}
[1,0]<stdout>:appmana-023:57771:57771 [0] NCCL INFO AllReduce: 4194304 Bytes -> Algo RING proto SIMPLE channel{Lo..Hi}={0..1}
[1,0]<stdout>:appmana-023:57771:57771 [0] NCCL INFO AllReduce: 4194304 Bytes -> Algo RING proto SIMPLE channel{Lo..Hi}={0..1}
[1,0]<stdout>:appmana-023:57771:57771 [0] NCCL INFO AllReduce: 4194304 Bytes -> Algo RING proto SIMPLE channel{Lo..Hi}={0..1}
[1,0]<stdout>:appmana-023:57771:57771 [0] NCCL INFO AllReduce: 4194304 Bytes -> Algo RING proto SIMPLE channel{Lo..Hi}={0..1}
[1,0]<stdout>:appmana-023:57771:57771 [0] NCCL INFO AllReduce: 4194304 Bytes -> Algo RING proto SIMPLE channel{Lo..Hi}={0..1}
[1,0]<stdout>:appmana-023:57771:57771 [0] NCCL INFO AllReduce: 4194304 Bytes -> Algo RING proto SIMPLE channel{Lo..Hi}={0..1}
[1,0]<stdout>:appmana-023:57771:57771 [0] NCCL INFO AllReduce: 4194304 Bytes -> Algo RING proto SIMPLE channel{Lo..Hi}={0..1}
[1,0]<stdout>:appmana-023:57771:57771 [0] NCCL INFO AllReduce: 4194304 Bytes -> Algo RING proto SIMPLE channel{Lo..Hi}={0..1}
[1,0]<stdout>:appmana-023:57771:57771 [0] NCCL INFO AllReduce: 4194304 Bytes -> Algo RING proto SIMPLE channel{Lo..Hi}={0..1}
[1,0]<stdout>:appmana-023:57771:57771 [0] NCCL INFO AllReduce: 4194304 Bytes -> Algo RING proto SIMPLE channel{Lo..Hi}={0..1}
[1,0]<stdout>:appmana-023:57771:57771 [0] NCCL INFO AllReduce: 4194304 Bytes -> Algo RING proto SIMPLE channel{Lo..Hi}={0..1}
[1,0]<stdout>:appmana-023:57771:57771 [0] NCCL INFO AllReduce: 4194304 Bytes -> Algo RING proto SIMPLE channel{Lo..Hi}={0..1}
[1,0]<stdout>:appmana-023:57771:57771 [0] NCCL INFO AllReduce: 4194304 Bytes -> Algo RING proto SIMPLE channel{Lo..Hi}={0..1}
[1,0]<stdout>:appmana-023:57771:57771 [0] NCCL INFO AllReduce: 4194304 Bytes -> Algo RING proto SIMPLE channel{Lo..Hi}={0..1}
[1,0]<stdout>:appmana-023:57771:57771 [0] NCCL INFO AllReduce: 4194304 Bytes -> Algo RING proto SIMPLE channel{Lo..Hi}={0..1}
[1,0]<stdout>:appmana-023:57771:57771 [0] NCCL INFO AllReduce: 4194304 Bytes -> Algo RING proto SIMPLE channel{Lo..Hi}={0..1}
[1,0]<stdout>:appmana-023:57771:57771 [0] NCCL INFO AllReduce: 4194304 Bytes -> Algo RING proto SIMPLE channel{Lo..Hi}={0..1}
[1,0]<stdout>:appmana-023:57771:57771 [0] NCCL INFO AllReduce: 4194304 Bytes -> Algo RING proto SIMPLE channel{Lo..Hi}={0..1}
[1,0]<stdout>:appmana-023:57771:57771 [0] NCCL INFO AllReduce: 4194304 Bytes -> Algo RING proto SIMPLE channel{Lo..Hi}={0..1}
[1,0]<stdout>:appmana-023:57771:57771 [0] NCCL INFO AllReduce: 4194304 Bytes -> Algo RING proto SIMPLE channel{Lo..Hi}={0..1}
[1,0]<stdout>:appmana-023:57771:57771 [0] NCCL INFO AllReduce: 4194304 Bytes -> Algo RING proto SIMPLE channel{Lo..Hi}={0..1}
[1,0]<stdout>:  2522.33    1.66    1.66       0appmana-023:57771:57771 [0] NCCL INFO AllReduce: 4194304 Bytes -> Algo RING proto SIMPLE channel{Lo..Hi}={0..1}
[1,0]<stdout>:appmana-023:57771:57771 [0] NCCL INFO AllReduce: 4194304 Bytes -> Algo RING proto SIMPLE channel{Lo..Hi}={0..1}
[1,0]<stdout>:appmana-023:57771:57771 [0] NCCL INFO AllReduce: 4194304 Bytes -> Algo RING proto SIMPLE channel{Lo..Hi}={0..1}
[1,0]<stdout>:appmana-023:57771:57771 [0] NCCL INFO AllReduce: 4194304 Bytes -> Algo RING proto SIMPLE channel{Lo..Hi}={0..1}
[1,0]<stdout>:appmana-023:57771:57771 [0] NCCL INFO AllReduce: 4194304 Bytes -> Algo RING proto SIMPLE channel{Lo..Hi}={0..1}
[1,0]<stdout>:appmana-023:57771:57771 [0] NCCL INFO AllReduce: 4194304 Bytes -> Algo RING proto SIMPLE channel{Lo..Hi}={0..1}
[1,0]<stdout>:appmana-023:57771:57771 [0] NCCL INFO AllReduce: 4194304 Bytes -> Algo RING proto SIMPLE channel{Lo..Hi}={0..1}
[1,0]<stdout>:appmana-023:57771:57771 [0] NCCL INFO AllReduce: 4194304 Bytes -> Algo RING proto SIMPLE channel{Lo..Hi}={0..1}
[1,0]<stdout>:appmana-023:57771:57771 [0] NCCL INFO AllReduce: 4194304 Bytes -> Algo RING proto SIMPLE channel{Lo..Hi}={0..1}
[1,0]<stdout>:appmana-023:57771:57771 [0] NCCL INFO AllReduce: 4194304 Bytes -> Algo RING proto SIMPLE channel{Lo..Hi}={0..1}
[1,0]<stdout>:appmana-023:57771:57771 [0] NCCL INFO AllReduce: 4194304 Bytes -> Algo RING proto SIMPLE channel{Lo..Hi}={0..1}
[1,0]<stdout>:appmana-023:57771:57771 [0] NCCL INFO AllReduce: 4194304 Bytes -> Algo RING proto SIMPLE channel{Lo..Hi}={0..1}
[1,0]<stdout>:appmana-023:57771:57771 [0] NCCL INFO AllReduce: 4194304 Bytes -> Algo RING proto SIMPLE channel{Lo..Hi}={0..1}
[1,0]<stdout>:appmana-023:57771:57771 [0] NCCL INFO AllReduce: 4194304 Bytes -> Algo RING proto SIMPLE channel{Lo..Hi}={0..1}
[1,0]<stdout>:appmana-023:57771:57771 [0] NCCL INFO AllReduce: 4194304 Bytes -> Algo RING proto SIMPLE channel{Lo..Hi}={0..1}
[1,0]<stdout>:appmana-023:57771:57771 [0] NCCL INFO AllReduce: 4194304 Bytes -> Algo RING proto SIMPLE channel{Lo..Hi}={0..1}
[1,0]<stdout>:appmana-023:57771:57771 [0] NCCL INFO AllReduce: 4194304 Bytes -> Algo RING proto SIMPLE channel{Lo..Hi}={0..1}
[1,0]<stdout>:appmana-023:57771:57771 [0] NCCL INFO AllReduce: 4194304 Bytes -> Algo RING proto SIMPLE channel{Lo..Hi}={0..1}
[1,0]<stdout>:appmana-023:57771:57771 [0] NCCL INFO AllReduce: 4194304 Bytes -> Algo RING proto SIMPLE channel{Lo..Hi}={0..1}
[1,0]<stdout>:appmana-023:57771:57771 [0] NCCL INFO AllReduce: 4194304 Bytes -> Algo RING proto SIMPLE channel{Lo..Hi}={0..1}
[1,0]<stdout>:appmana-023:57771:57771 [0] NCCL INFO AllReduce: 4194304 Bytes -> Algo RING proto SIMPLE channel{Lo..Hi}={0..1}
[1,0]<stdout>:appmana-023:57771:57771 [0] NCCL INFO AllReduce: 4194304 Bytes -> Algo RING proto SIMPLE channel{Lo..Hi}={0..1}
[1,0]<stdout>:  2589.30    1.62    1.62       0
[1,0]<stdout>:     8388608       2097152     float     sum      -1appmana-023:57771:57771 [0] NCCL INFO AllReduce: 8388608 Bytes -> Algo RING proto SIMPLE channel{Lo..Hi}={0..1}
[1,0]<stdout>:appmana-023:57771:57771 [0] NCCL INFO AllReduce: 8388608 Bytes -> Algo RING proto SIMPLE channel{Lo..Hi}={0..1}
[1,0]<stdout>:appmana-023:57771:57771 [0] NCCL INFO AllReduce: 8388608 Bytes -> Algo RING proto SIMPLE channel{Lo..Hi}={0..1}
[1,0]<stdout>:appmana-023:57771:57771 [0] NCCL INFO AllReduce: 8388608 Bytes -> Algo RING proto SIMPLE channel{Lo..Hi}={0..1}
[1,0]<stdout>:appmana-023:57771:57771 [0] NCCL INFO AllReduce: 8388608 Bytes -> Algo RING proto SIMPLE channel{Lo..Hi}={0..1}
[1,0]<stdout>:appmana-023:57771:57771 [0] NCCL INFO AllReduce: 8388608 Bytes -> Algo RING proto SIMPLE channel{Lo..Hi}={0..1}
[1,0]<stdout>:appmana-023:57771:57771 [0] NCCL INFO AllReduce: 8388608 Bytes -> Algo RING proto SIMPLE channel{Lo..Hi}={0..1}
[1,0]<stdout>:appmana-023:57771:57771 [0] NCCL INFO AllReduce: 8388608 Bytes -> Algo RING proto SIMPLE channel{Lo..Hi}={0..1}
[1,0]<stdout>:appmana-023:57771:57771 [0] NCCL INFO AllReduce: 8388608 Bytes -> Algo RING proto SIMPLE channel{Lo..Hi}={0..1}
[1,0]<stdout>:appmana-023:57771:57771 [0] NCCL INFO AllReduce: 8388608 Bytes -> Algo RING proto SIMPLE channel{Lo..Hi}={0..1}
[1,0]<stdout>:appmana-023:57771:57771 [0] NCCL INFO AllReduce: 8388608 Bytes -> Algo RING proto SIMPLE channel{Lo..Hi}={0..1}
[1,0]<stdout>:appmana-023:57771:57771 [0] NCCL INFO AllReduce: 8388608 Bytes -> Algo RING proto SIMPLE channel{Lo..Hi}={0..1}
[1,0]<stdout>:appmana-023:57771:57771 [0] NCCL INFO AllReduce: 8388608 Bytes -> Algo RING proto SIMPLE channel{Lo..Hi}={0..1}
[1,0]<stdout>:appmana-023:57771:57771 [0] NCCL INFO AllReduce: 8388608 Bytes -> Algo RING proto SIMPLE channel{Lo..Hi}={0..1}
[1,0]<stdout>:appmana-023:57771:57771 [0] NCCL INFO AllReduce: 8388608 Bytes -> Algo RING proto SIMPLE channel{Lo..Hi}={0..1}
[1,0]<stdout>:appmana-023:57771:57771 [0] NCCL INFO AllReduce: 8388608 Bytes -> Algo RING proto SIMPLE channel{Lo..Hi}={0..1}
[1,0]<stdout>:appmana-023:57771:57771 [0] NCCL INFO AllReduce: 8388608 Bytes -> Algo RING proto SIMPLE channel{Lo..Hi}={0..1}
[1,0]<stdout>:appmana-023:57771:57771 [0] NCCL INFO AllReduce: 8388608 Bytes -> Algo RING proto SIMPLE channel{Lo..Hi}={0..1}
[1,0]<stdout>:appmana-023:57771:57771 [0] NCCL INFO AllReduce: 8388608 Bytes -> Algo RING proto SIMPLE channel{Lo..Hi}={0..1}
[1,0]<stdout>:appmana-023:57771:57771 [0] NCCL INFO AllReduce: 8388608 Bytes -> Algo RING proto SIMPLE channel{Lo..Hi}={0..1}
[1,0]<stdout>:appmana-023:57771:57771 [0] NCCL INFO AllReduce: 8388608 Bytes -> Algo RING proto SIMPLE channel{Lo..Hi}={0..1}
[1,0]<stdout>:appmana-023:57771:57771 [0] NCCL INFO AllReduce: 8388608 Bytes -> Algo RING proto SIMPLE channel{Lo..Hi}={0..1}
[1,0]<stdout>:  4891.85    1.71    1.71       0appmana-023:57771:57771 [0] NCCL INFO AllReduce: 8388608 Bytes -> Algo RING proto SIMPLE channel{Lo..Hi}={0..1}
[1,0]<stdout>:appmana-023:57771:57771 [0] NCCL INFO AllReduce: 8388608 Bytes -> Algo RING proto SIMPLE channel{Lo..Hi}={0..1}
[1,0]<stdout>:appmana-023:57771:57771 [0] NCCL INFO AllReduce: 8388608 Bytes -> Algo RING proto SIMPLE channel{Lo..Hi}={0..1}
[1,0]<stdout>:appmana-023:57771:57771 [0] NCCL INFO AllReduce: 8388608 Bytes -> Algo RING proto SIMPLE channel{Lo..Hi}={0..1}
[1,0]<stdout>:appmana-023:57771:57771 [0] NCCL INFO AllReduce: 8388608 Bytes -> Algo RING proto SIMPLE channel{Lo..Hi}={0..1}
[1,0]<stdout>:appmana-023:57771:57771 [0] NCCL INFO AllReduce: 8388608 Bytes -> Algo RING proto SIMPLE channel{Lo..Hi}={0..1}
[1,0]<stdout>:appmana-023:57771:57771 [0] NCCL INFO AllReduce: 8388608 Bytes -> Algo RING proto SIMPLE channel{Lo..Hi}={0..1}
[1,0]<stdout>:appmana-023:57771:57771 [0] NCCL INFO AllReduce: 8388608 Bytes -> Algo RING proto SIMPLE channel{Lo..Hi}={0..1}
[1,0]<stdout>:appmana-023:57771:57771 [0] NCCL INFO AllReduce: 8388608 Bytes -> Algo RING proto SIMPLE channel{Lo..Hi}={0..1}
[1,0]<stdout>:appmana-023:57771:57771 [0] NCCL INFO AllReduce: 8388608 Bytes -> Algo RING proto SIMPLE channel{Lo..Hi}={0..1}
[1,0]<stdout>:appmana-023:57771:57771 [0] NCCL INFO AllReduce: 8388608 Bytes -> Algo RING proto SIMPLE channel{Lo..Hi}={0..1}
[1,0]<stdout>:appmana-023:57771:57771 [0] NCCL INFO AllReduce: 8388608 Bytes -> Algo RING proto SIMPLE channel{Lo..Hi}={0..1}
[1,0]<stdout>:appmana-023:57771:57771 [0] NCCL INFO AllReduce: 8388608 Bytes -> Algo RING proto SIMPLE channel{Lo..Hi}={0..1}
[1,0]<stdout>:appmana-023:57771:57771 [0] NCCL INFO AllReduce: 8388608 Bytes -> Algo RING proto SIMPLE channel{Lo..Hi}={0..1}
[1,0]<stdout>:appmana-023:57771:57771 [0] NCCL INFO AllReduce: 8388608 Bytes -> Algo RING proto SIMPLE channel{Lo..Hi}={0..1}
[1,0]<stdout>:appmana-023:57771:57771 [0] NCCL INFO AllReduce: 8388608 Bytes -> Algo RING proto SIMPLE channel{Lo..Hi}={0..1}
[1,0]<stdout>:appmana-023:57771:57771 [0] NCCL INFO AllReduce: 8388608 Bytes -> Algo RING proto SIMPLE channel{Lo..Hi}={0..1}
[1,0]<stdout>:appmana-023:57771:57771 [0] NCCL INFO AllReduce: 8388608 Bytes -> Algo RING proto SIMPLE channel{Lo..Hi}={0..1}
[1,0]<stdout>:appmana-023:57771:57771 [0] NCCL INFO AllReduce: 8388608 Bytes -> Algo RING proto SIMPLE channel{Lo..Hi}={0..1}
[1,0]<stdout>:appmana-023:57771:57771 [0] NCCL INFO AllReduce: 8388608 Bytes -> Algo RING proto SIMPLE channel{Lo..Hi}={0..1}
[1,0]<stdout>:appmana-023:57771:57771 [0] NCCL INFO AllReduce: 8388608 Bytes -> Algo RING proto SIMPLE channel{Lo..Hi}={0..1}
[1,0]<stdout>:appmana-023:57771:57771 [0] NCCL INFO AllReduce: 8388608 Bytes -> Algo RING proto SIMPLE channel{Lo..Hi}={0..1}
[1,0]<stdout>:  4826.17    1.74    1.74       0
[1,0]<stdout>:    16777216       4194304     float     sum      -1appmana-023:57771:57771 [0] NCCL INFO AllReduce: 16777216 Bytes -> Algo RING proto SIMPLE channel{Lo..Hi}={0..1}
[1,0]<stdout>:appmana-023:57771:57771 [0] NCCL INFO AllReduce: 16777216 Bytes -> Algo RING proto SIMPLE channel{Lo..Hi}={0..1}
[1,0]<stdout>:appmana-023:57771:57771 [0] NCCL INFO AllReduce: 16777216 Bytes -> Algo RING proto SIMPLE channel{Lo..Hi}={0..1}
[1,0]<stdout>:appmana-023:57771:57771 [0] NCCL INFO AllReduce: 16777216 Bytes -> Algo RING proto SIMPLE channel{Lo..Hi}={0..1}
[1,0]<stdout>:appmana-023:57771:57771 [0] NCCL INFO AllReduce: 16777216 Bytes -> Algo RING proto SIMPLE channel{Lo..Hi}={0..1}
[1,0]<stdout>:appmana-023:57771:57771 [0] NCCL INFO AllReduce: 16777216 Bytes -> Algo RING proto SIMPLE channel{Lo..Hi}={0..1}
[1,0]<stdout>:appmana-023:57771:57771 [0] NCCL INFO AllReduce: 16777216 Bytes -> Algo RING proto SIMPLE channel{Lo..Hi}={0..1}
[1,0]<stdout>:appmana-023:57771:57771 [0] NCCL INFO AllReduce: 16777216 Bytes -> Algo RING proto SIMPLE channel{Lo..Hi}={0..1}
[1,0]<stdout>:appmana-023:57771:57771 [0] NCCL INFO AllReduce: 16777216 Bytes -> Algo RING proto SIMPLE channel{Lo..Hi}={0..1}
[1,0]<stdout>:appmana-023:57771:57771 [0] NCCL INFO AllReduce: 16777216 Bytes -> Algo RING proto SIMPLE channel{Lo..Hi}={0..1}
[1,0]<stdout>:appmana-023:57771:57771 [0] NCCL INFO AllReduce: 16777216 Bytes -> Algo RING proto SIMPLE channel{Lo..Hi}={0..1}
[1,0]<stdout>:appmana-023:57771:57771 [0] NCCL INFO AllReduce: 16777216 Bytes -> Algo RING proto SIMPLE channel{Lo..Hi}={0..1}
[1,0]<stdout>:appmana-023:57771:57771 [0] NCCL INFO AllReduce: 16777216 Bytes -> Algo RING proto SIMPLE channel{Lo..Hi}={0..1}
[1,0]<stdout>:appmana-023:57771:57771 [0] NCCL INFO AllReduce: 16777216 Bytes -> Algo RING proto SIMPLE channel{Lo..Hi}={0..1}
[1,0]<stdout>:appmana-023:57771:57771 [0] NCCL INFO AllReduce: 16777216 Bytes -> Algo RING proto SIMPLE channel{Lo..Hi}={0..1}
[1,0]<stdout>:appmana-023:57771:57771 [0] NCCL INFO AllReduce: 16777216 Bytes -> Algo RING proto SIMPLE channel{Lo..Hi}={0..1}
[1,0]<stdout>:appmana-023:57771:57771 [0] NCCL INFO AllReduce: 16777216 Bytes -> Algo RING proto SIMPLE channel{Lo..Hi}={0..1}
[1,0]<stdout>:appmana-023:57771:57771 [0] NCCL INFO AllReduce: 16777216 Bytes -> Algo RING proto SIMPLE channel{Lo..Hi}={0..1}
[1,0]<stdout>:appmana-023:57771:57771 [0] NCCL INFO AllReduce: 16777216 Bytes -> Algo RING proto SIMPLE channel{Lo..Hi}={0..1}
[1,0]<stdout>:appmana-023:57771:57771 [0] NCCL INFO AllReduce: 16777216 Bytes -> Algo RING proto SIMPLE channel{Lo..Hi}={0..1}
[1,0]<stdout>:appmana-023:57771:57771 [0] NCCL INFO AllReduce: 16777216 Bytes -> Algo RING proto SIMPLE channel{Lo..Hi}={0..1}
[1,0]<stdout>:appmana-023:57771:57771 [0] NCCL INFO AllReduce: 16777216 Bytes -> Algo RING proto SIMPLE channel{Lo..Hi}={0..1}
[1,0]<stdout>:  9483.90    1.77    1.77       0appmana-023:57771:57771 [0] NCCL INFO AllReduce: 16777216 Bytes -> Algo RING proto SIMPLE channel{Lo..Hi}={0..1}
[1,0]<stdout>:appmana-023:57771:57771 [0] NCCL INFO AllReduce: 16777216 Bytes -> Algo RING proto SIMPLE channel{Lo..Hi}={0..1}
[1,0]<stdout>:appmana-023:57771:57771 [0] NCCL INFO AllReduce: 16777216 Bytes -> Algo RING proto SIMPLE channel{Lo..Hi}={0..1}
[1,0]<stdout>:appmana-023:57771:57771 [0] NCCL INFO AllReduce: 16777216 Bytes -> Algo RING proto SIMPLE channel{Lo..Hi}={0..1}
[1,0]<stdout>:appmana-023:57771:57771 [0] NCCL INFO AllReduce: 16777216 Bytes -> Algo RING proto SIMPLE channel{Lo..Hi}={0..1}
[1,0]<stdout>:appmana-023:57771:57771 [0] NCCL INFO AllReduce: 16777216 Bytes -> Algo RING proto SIMPLE channel{Lo..Hi}={0..1}
[1,0]<stdout>:appmana-023:57771:57771 [0] NCCL INFO AllReduce: 16777216 Bytes -> Algo RING proto SIMPLE channel{Lo..Hi}={0..1}
[1,0]<stdout>:appmana-023:57771:57771 [0] NCCL INFO AllReduce: 16777216 Bytes -> Algo RING proto SIMPLE channel{Lo..Hi}={0..1}
[1,0]<stdout>:appmana-023:57771:57771 [0] NCCL INFO AllReduce: 16777216 Bytes -> Algo RING proto SIMPLE channel{Lo..Hi}={0..1}
[1,0]<stdout>:appmana-023:57771:57771 [0] NCCL INFO AllReduce: 16777216 Bytes -> Algo RING proto SIMPLE channel{Lo..Hi}={0..1}
[1,0]<stdout>:appmana-023:57771:57771 [0] NCCL INFO AllReduce: 16777216 Bytes -> Algo RING proto SIMPLE channel{Lo..Hi}={0..1}
[1,0]<stdout>:appmana-023:57771:57771 [0] NCCL INFO AllReduce: 16777216 Bytes -> Algo RING proto SIMPLE channel{Lo..Hi}={0..1}
[1,0]<stdout>:appmana-023:57771:57771 [0] NCCL INFO AllReduce: 16777216 Bytes -> Algo RING proto SIMPLE channel{Lo..Hi}={0..1}
[1,0]<stdout>:appmana-023:57771:57771 [0] NCCL INFO AllReduce: 16777216 Bytes -> Algo RING proto SIMPLE channel{Lo..Hi}={0..1}
[1,0]<stdout>:appmana-023:57771:57771 [0] NCCL INFO AllReduce: 16777216 Bytes -> Algo RING proto SIMPLE channel{Lo..Hi}={0..1}
[1,0]<stdout>:appmana-023:57771:57771 [0] NCCL INFO AllReduce: 16777216 Bytes -> Algo RING proto SIMPLE channel{Lo..Hi}={0..1}
[1,0]<stdout>:appmana-023:57771:57771 [0] NCCL INFO AllReduce: 16777216 Bytes -> Algo RING proto SIMPLE channel{Lo..Hi}={0..1}
[1,0]<stdout>:appmana-023:57771:57771 [0] NCCL INFO AllReduce: 16777216 Bytes -> Algo RING proto SIMPLE channel{Lo..Hi}={0..1}
[1,0]<stdout>:appmana-023:57771:57771 [0] NCCL INFO AllReduce: 16777216 Bytes -> Algo RING proto SIMPLE channel{Lo..Hi}={0..1}
[1,0]<stdout>:appmana-023:57771:57771 [0] NCCL INFO AllReduce: 16777216 Bytes -> Algo RING proto SIMPLE channel{Lo..Hi}={0..1}
[1,0]<stdout>:appmana-023:57771:57771 [0] NCCL INFO AllReduce: 16777216 Bytes -> Algo RING proto SIMPLE channel{Lo..Hi}={0..1}
[1,0]<stdout>:appmana-023:57771:57771 [0] NCCL INFO AllReduce: 16777216 Bytes -> Algo RING proto SIMPLE channel{Lo..Hi}={0..1}
[1,0]<stdout>:  9654.27    1.74    1.74       0
[1,0]<stdout>:    33554432       8388608     float     sum      -1appmana-023:57771:57771 [0] NCCL INFO AllReduce: 33554432 Bytes -> Algo RING proto SIMPLE channel{Lo..Hi}={0..1}
[1,0]<stdout>:appmana-023:57771:57771 [0] NCCL INFO AllReduce: 33554432 Bytes -> Algo RING proto SIMPLE channel{Lo..Hi}={0..1}
[1,0]<stdout>:appmana-023:57771:57771 [0] NCCL INFO AllReduce: 33554432 Bytes -> Algo RING proto SIMPLE channel{Lo..Hi}={0..1}
[1,0]<stdout>:appmana-023:57771:57771 [0] NCCL INFO AllReduce: 33554432 Bytes -> Algo RING proto SIMPLE channel{Lo..Hi}={0..1}
[1,0]<stdout>:appmana-023:57771:57771 [0] NCCL INFO AllReduce: 33554432 Bytes -> Algo RING proto SIMPLE channel{Lo..Hi}={0..1}
[1,0]<stdout>:appmana-023:57771:57771 [0] NCCL INFO AllReduce: 33554432 Bytes -> Algo RING proto SIMPLE channel{Lo..Hi}={0..1}
[1,0]<stdout>:appmana-023:57771:57771 [0] NCCL INFO AllReduce: 33554432 Bytes -> Algo RING proto SIMPLE channel{Lo..Hi}={0..1}
[1,0]<stdout>:appmana-023:57771:57771 [0] NCCL INFO AllReduce: 33554432 Bytes -> Algo RING proto SIMPLE channel{Lo..Hi}={0..1}
[1,0]<stdout>:appmana-023:57771:57771 [0] NCCL INFO AllReduce: 33554432 Bytes -> Algo RING proto SIMPLE channel{Lo..Hi}={0..1}
[1,0]<stdout>:appmana-023:57771:57771 [0] NCCL INFO AllReduce: 33554432 Bytes -> Algo RING proto SIMPLE channel{Lo..Hi}={0..1}
[1,0]<stdout>:appmana-023:57771:57771 [0] NCCL INFO AllReduce: 33554432 Bytes -> Algo RING proto SIMPLE channel{Lo..Hi}={0..1}
[1,0]<stdout>:appmana-023:57771:57771 [0] NCCL INFO AllReduce: 33554432 Bytes -> Algo RING proto SIMPLE channel{Lo..Hi}={0..1}
[1,0]<stdout>:appmana-023:57771:57771 [0] NCCL INFO AllReduce: 33554432 Bytes -> Algo RING proto SIMPLE channel{Lo..Hi}={0..1}
[1,0]<stdout>:appmana-023:57771:57771 [0] NCCL INFO AllReduce: 33554432 Bytes -> Algo RING proto SIMPLE channel{Lo..Hi}={0..1}
[1,0]<stdout>:appmana-023:57771:57771 [0] NCCL INFO AllReduce: 33554432 Bytes -> Algo RING proto SIMPLE channel{Lo..Hi}={0..1}
[1,0]<stdout>:appmana-023:57771:57771 [0] NCCL INFO AllReduce: 33554432 Bytes -> Algo RING proto SIMPLE channel{Lo..Hi}={0..1}
[1,0]<stdout>:appmana-023:57771:57771 [0] NCCL INFO AllReduce: 33554432 Bytes -> Algo RING proto SIMPLE channel{Lo..Hi}={0..1}
[1,0]<stdout>:appmana-023:57771:57771 [0] NCCL INFO AllReduce: 33554432 Bytes -> Algo RING proto SIMPLE channel{Lo..Hi}={0..1}
[1,0]<stdout>:appmana-023:57771:57771 [0] NCCL INFO AllReduce: 33554432 Bytes -> Algo RING proto SIMPLE channel{Lo..Hi}={0..1}
[1,0]<stdout>:appmana-023:57771:57771 [0] NCCL INFO AllReduce: 33554432 Bytes -> Algo RING proto SIMPLE channel{Lo..Hi}={0..1}
[1,0]<stdout>:appmana-023:57771:57771 [0] NCCL INFO AllReduce: 33554432 Bytes -> Algo RING proto SIMPLE channel{Lo..Hi}={0..1}
[1,0]<stdout>:appmana-023:57771:57771 [0] NCCL INFO AllReduce: 33554432 Bytes -> Algo RING proto SIMPLE channel{Lo..Hi}={0..1}
[1,0]<stdout>:  19442.1    1.73    1.73       0appmana-023:57771:57771 [0] NCCL INFO AllReduce: 33554432 Bytes -> Algo RING proto SIMPLE channel{Lo..Hi}={0..1}
[1,0]<stdout>:appmana-023:57771:57771 [0] NCCL INFO AllReduce: 33554432 Bytes -> Algo RING proto SIMPLE channel{Lo..Hi}={0..1}
[1,0]<stdout>:appmana-023:57771:57771 [0] NCCL INFO AllReduce: 33554432 Bytes -> Algo RING proto SIMPLE channel{Lo..Hi}={0..1}
[1,0]<stdout>:appmana-023:57771:57771 [0] NCCL INFO AllReduce: 33554432 Bytes -> Algo RING proto SIMPLE channel{Lo..Hi}={0..1}
[1,0]<stdout>:appmana-023:57771:57771 [0] NCCL INFO AllReduce: 33554432 Bytes -> Algo RING proto SIMPLE channel{Lo..Hi}={0..1}
[1,0]<stdout>:appmana-023:57771:57771 [0] NCCL INFO AllReduce: 33554432 Bytes -> Algo RING proto SIMPLE channel{Lo..Hi}={0..1}
[1,0]<stdout>:appmana-023:57771:57771 [0] NCCL INFO AllReduce: 33554432 Bytes -> Algo RING proto SIMPLE channel{Lo..Hi}={0..1}
[1,0]<stdout>:appmana-023:57771:57771 [0] NCCL INFO AllReduce: 33554432 Bytes -> Algo RING proto SIMPLE channel{Lo..Hi}={0..1}
[1,0]<stdout>:appmana-023:57771:57771 [0] NCCL INFO AllReduce: 33554432 Bytes -> Algo RING proto SIMPLE channel{Lo..Hi}={0..1}
[1,0]<stdout>:appmana-023:57771:57771 [0] NCCL INFO AllReduce: 33554432 Bytes -> Algo RING proto SIMPLE channel{Lo..Hi}={0..1}
[1,0]<stdout>:appmana-023:57771:57771 [0] NCCL INFO AllReduce: 33554432 Bytes -> Algo RING proto SIMPLE channel{Lo..Hi}={0..1}
[1,0]<stdout>:appmana-023:57771:57771 [0] NCCL INFO AllReduce: 33554432 Bytes -> Algo RING proto SIMPLE channel{Lo..Hi}={0..1}
[1,0]<stdout>:appmana-023:57771:57771 [0] NCCL INFO AllReduce: 33554432 Bytes -> Algo RING proto SIMPLE channel{Lo..Hi}={0..1}
[1,0]<stdout>:appmana-023:57771:57771 [0] NCCL INFO AllReduce: 33554432 Bytes -> Algo RING proto SIMPLE channel{Lo..Hi}={0..1}
[1,0]<stdout>:appmana-023:57771:57771 [0] NCCL INFO AllReduce: 33554432 Bytes -> Algo RING proto SIMPLE channel{Lo..Hi}={0..1}
[1,0]<stdout>:appmana-023:57771:57771 [0] NCCL INFO AllReduce: 33554432 Bytes -> Algo RING proto SIMPLE channel{Lo..Hi}={0..1}
[1,0]<stdout>:appmana-023:57771:57771 [0] NCCL INFO AllReduce: 33554432 Bytes -> Algo RING proto SIMPLE channel{Lo..Hi}={0..1}
[1,0]<stdout>:appmana-023:57771:57771 [0] NCCL INFO AllReduce: 33554432 Bytes -> Algo RING proto SIMPLE channel{Lo..Hi}={0..1}
[1,0]<stdout>:appmana-023:57771:57771 [0] NCCL INFO AllReduce: 33554432 Bytes -> Algo RING proto SIMPLE channel{Lo..Hi}={0..1}
[1,0]<stdout>:appmana-023:57771:57771 [0] NCCL INFO AllReduce: 33554432 Bytes -> Algo RING proto SIMPLE channel{Lo..Hi}={0..1}
[1,0]<stdout>:appmana-023:57771:57771 [0] NCCL INFO AllReduce: 33554432 Bytes -> Algo RING proto SIMPLE channel{Lo..Hi}={0..1}
[1,0]<stdout>:appmana-023:57771:57771 [0] NCCL INFO AllReduce: 33554432 Bytes -> Algo RING proto SIMPLE channel{Lo..Hi}={0..1}
[1,0]<stdout>:  19225.4    1.75    1.75       0
[1,0]<stdout>:    67108864      16777216     float     sum      -1appmana-023:57771:57771 [0] NCCL INFO AllReduce: 67108864 Bytes -> Algo RING proto SIMPLE channel{Lo..Hi}={0..1}
[1,0]<stdout>:appmana-023:57771:57771 [0] NCCL INFO AllReduce: 67108864 Bytes -> Algo RING proto SIMPLE channel{Lo..Hi}={0..1}
[1,0]<stdout>:appmana-023:57771:57771 [0] NCCL INFO AllReduce: 67108864 Bytes -> Algo RING proto SIMPLE channel{Lo..Hi}={0..1}
[1,0]<stdout>:appmana-023:57771:57771 [0] NCCL INFO AllReduce: 67108864 Bytes -> Algo RING proto SIMPLE channel{Lo..Hi}={0..1}
[1,0]<stdout>:appmana-023:57771:57771 [0] NCCL INFO AllReduce: 67108864 Bytes -> Algo RING proto SIMPLE channel{Lo..Hi}={0..1}
[1,0]<stdout>:appmana-023:57771:57771 [0] NCCL INFO AllReduce: 67108864 Bytes -> Algo RING proto SIMPLE channel{Lo..Hi}={0..1}
[1,0]<stdout>:appmana-023:57771:57771 [0] NCCL INFO AllReduce: 67108864 Bytes -> Algo RING proto SIMPLE channel{Lo..Hi}={0..1}
[1,0]<stdout>:appmana-023:57771:57771 [0] NCCL INFO AllReduce: 67108864 Bytes -> Algo RING proto SIMPLE channel{Lo..Hi}={0..1}
[1,0]<stdout>:appmana-023:57771:57771 [0] NCCL INFO AllReduce: 67108864 Bytes -> Algo RING proto SIMPLE channel{Lo..Hi}={0..1}
[1,0]<stdout>:appmana-023:57771:57771 [0] NCCL INFO AllReduce: 67108864 Bytes -> Algo RING proto SIMPLE channel{Lo..Hi}={0..1}
[1,0]<stdout>:appmana-023:57771:57771 [0] NCCL INFO AllReduce: 67108864 Bytes -> Algo RING proto SIMPLE channel{Lo..Hi}={0..1}
[1,0]<stdout>:appmana-023:57771:57771 [0] NCCL INFO AllReduce: 67108864 Bytes -> Algo RING proto SIMPLE channel{Lo..Hi}={0..1}
[1,0]<stdout>:appmana-023:57771:57771 [0] NCCL INFO AllReduce: 67108864 Bytes -> Algo RING proto SIMPLE channel{Lo..Hi}={0..1}
[1,0]<stdout>:appmana-023:57771:57771 [0] NCCL INFO AllReduce: 67108864 Bytes -> Algo RING proto SIMPLE channel{Lo..Hi}={0..1}
[1,0]<stdout>:appmana-023:57771:57771 [0] NCCL INFO AllReduce: 67108864 Bytes -> Algo RING proto SIMPLE channel{Lo..Hi}={0..1}
[1,0]<stdout>:appmana-023:57771:57771 [0] NCCL INFO AllReduce: 67108864 Bytes -> Algo RING proto SIMPLE channel{Lo..Hi}={0..1}
[1,0]<stdout>:appmana-023:57771:57771 [0] NCCL INFO AllReduce: 67108864 Bytes -> Algo RING proto SIMPLE channel{Lo..Hi}={0..1}
[1,0]<stdout>:appmana-023:57771:57771 [0] NCCL INFO AllReduce: 67108864 Bytes -> Algo RING proto SIMPLE channel{Lo..Hi}={0..1}
[1,0]<stdout>:appmana-023:57771:57771 [0] NCCL INFO AllReduce: 67108864 Bytes -> Algo RING proto SIMPLE channel{Lo..Hi}={0..1}
[1,0]<stdout>:appmana-023:57771:57771 [0] NCCL INFO AllReduce: 67108864 Bytes -> Algo RING proto SIMPLE channel{Lo..Hi}={0..1}
[1,0]<stdout>:appmana-023:57771:57771 [0] NCCL INFO AllReduce: 67108864 Bytes -> Algo RING proto SIMPLE channel{Lo..Hi}={0..1}
[1,0]<stdout>:appmana-023:57771:57771 [0] NCCL INFO AllReduce: 67108864 Bytes -> Algo RING proto SIMPLE channel{Lo..Hi}={0..1}
[1,0]<stdout>:  38912.3    1.72    1.72       0appmana-023:57771:57771 [0] NCCL INFO AllReduce: 67108864 Bytes -> Algo RING proto SIMPLE channel{Lo..Hi}={0..1}
[1,0]<stdout>:appmana-023:57771:57771 [0] NCCL INFO AllReduce: 67108864 Bytes -> Algo RING proto SIMPLE channel{Lo..Hi}={0..1}
[1,0]<stdout>:appmana-023:57771:57771 [0] NCCL INFO AllReduce: 67108864 Bytes -> Algo RING proto SIMPLE channel{Lo..Hi}={0..1}
[1,0]<stdout>:appmana-023:57771:57771 [0] NCCL INFO AllReduce: 67108864 Bytes -> Algo RING proto SIMPLE channel{Lo..Hi}={0..1}
[1,0]<stdout>:appmana-023:57771:57771 [0] NCCL INFO AllReduce: 67108864 Bytes -> Algo RING proto SIMPLE channel{Lo..Hi}={0..1}
[1,0]<stdout>:appmana-023:57771:57771 [0] NCCL INFO AllReduce: 67108864 Bytes -> Algo RING proto SIMPLE channel{Lo..Hi}={0..1}
[1,0]<stdout>:appmana-023:57771:57771 [0] NCCL INFO AllReduce: 67108864 Bytes -> Algo RING proto SIMPLE channel{Lo..Hi}={0..1}
[1,0]<stdout>:appmana-023:57771:57771 [0] NCCL INFO AllReduce: 67108864 Bytes -> Algo RING proto SIMPLE channel{Lo..Hi}={0..1}
[1,0]<stdout>:appmana-023:57771:57771 [0] NCCL INFO AllReduce: 67108864 Bytes -> Algo RING proto SIMPLE channel{Lo..Hi}={0..1}
[1,0]<stdout>:appmana-023:57771:57771 [0] NCCL INFO AllReduce: 67108864 Bytes -> Algo RING proto SIMPLE channel{Lo..Hi}={0..1}
[1,0]<stdout>:appmana-023:57771:57771 [0] NCCL INFO AllReduce: 67108864 Bytes -> Algo RING proto SIMPLE channel{Lo..Hi}={0..1}
[1,0]<stdout>:appmana-023:57771:57771 [0] NCCL INFO AllReduce: 67108864 Bytes -> Algo RING proto SIMPLE channel{Lo..Hi}={0..1}
[1,0]<stdout>:appmana-023:57771:57771 [0] NCCL INFO AllReduce: 67108864 Bytes -> Algo RING proto SIMPLE channel{Lo..Hi}={0..1}
[1,0]<stdout>:appmana-023:57771:57771 [0] NCCL INFO AllReduce: 67108864 Bytes -> Algo RING proto SIMPLE channel{Lo..Hi}={0..1}
[1,0]<stdout>:appmana-023:57771:57771 [0] NCCL INFO AllReduce: 67108864 Bytes -> Algo RING proto SIMPLE channel{Lo..Hi}={0..1}
[1,0]<stdout>:appmana-023:57771:57771 [0] NCCL INFO AllReduce: 67108864 Bytes -> Algo RING proto SIMPLE channel{Lo..Hi}={0..1}
[1,0]<stdout>:appmana-023:57771:57771 [0] NCCL INFO AllReduce: 67108864 Bytes -> Algo RING proto SIMPLE channel{Lo..Hi}={0..1}
[1,0]<stdout>:appmana-023:57771:57771 [0] NCCL INFO AllReduce: 67108864 Bytes -> Algo RING proto SIMPLE channel{Lo..Hi}={0..1}
[1,0]<stdout>:appmana-023:57771:57771 [0] NCCL INFO AllReduce: 67108864 Bytes -> Algo RING proto SIMPLE channel{Lo..Hi}={0..1}
[1,0]<stdout>:appmana-023:57771:57771 [0] NCCL INFO AllReduce: 67108864 Bytes -> Algo RING proto SIMPLE channel{Lo..Hi}={0..1}
[1,0]<stdout>:appmana-023:57771:57771 [0] NCCL INFO AllReduce: 67108864 Bytes -> Algo RING proto SIMPLE channel{Lo..Hi}={0..1}
[1,0]<stdout>:appmana-023:57771:57771 [0] NCCL INFO AllReduce: 67108864 Bytes -> Algo RING proto SIMPLE channel{Lo..Hi}={0..1}
[1,0]<stdout>:  38834.2    1.73    1.73       0
[1,0]<stdout>:   134217728      33554432     float     sum      -1appmana-023:57771:57771 [0] NCCL INFO AllReduce: 134217728 Bytes -> Algo RING proto SIMPLE channel{Lo..Hi}={0..1}
[1,0]<stdout>:appmana-023:57771:57771 [0] NCCL INFO AllReduce: 134217728 Bytes -> Algo RING proto SIMPLE channel{Lo..Hi}={0..1}
[1,0]<stdout>:appmana-023:57771:57771 [0] NCCL INFO AllReduce: 134217728 Bytes -> Algo RING proto SIMPLE channel{Lo..Hi}={0..1}
[1,0]<stdout>:appmana-023:57771:57771 [0] NCCL INFO AllReduce: 134217728 Bytes -> Algo RING proto SIMPLE channel{Lo..Hi}={0..1}
[1,0]<stdout>:appmana-023:57771:57771 [0] NCCL INFO AllReduce: 134217728 Bytes -> Algo RING proto SIMPLE channel{Lo..Hi}={0..1}
[1,0]<stdout>:appmana-023:57771:57771 [0] NCCL INFO AllReduce: 134217728 Bytes -> Algo RING proto SIMPLE channel{Lo..Hi}={0..1}
[1,0]<stdout>:appmana-023:57771:57771 [0] NCCL INFO AllReduce: 134217728 Bytes -> Algo RING proto SIMPLE channel{Lo..Hi}={0..1}
[1,0]<stdout>:appmana-023:57771:57771 [0] NCCL INFO AllReduce: 134217728 Bytes -> Algo RING proto SIMPLE channel{Lo..Hi}={0..1}
[1,0]<stdout>:appmana-023:57771:57771 [0] NCCL INFO AllReduce: 134217728 Bytes -> Algo RING proto SIMPLE channel{Lo..Hi}={0..1}
[1,0]<stdout>:appmana-023:57771:57771 [0] NCCL INFO AllReduce: 134217728 Bytes -> Algo RING proto SIMPLE channel{Lo..Hi}={0..1}
[1,0]<stdout>:appmana-023:57771:57771 [0] NCCL INFO AllReduce: 134217728 Bytes -> Algo RING proto SIMPLE channel{Lo..Hi}={0..1}
[1,0]<stdout>:appmana-023:57771:57771 [0] NCCL INFO AllReduce: 134217728 Bytes -> Algo RING proto SIMPLE channel{Lo..Hi}={0..1}
[1,0]<stdout>:appmana-023:57771:57771 [0] NCCL INFO AllReduce: 134217728 Bytes -> Algo RING proto SIMPLE channel{Lo..Hi}={0..1}
[1,0]<stdout>:appmana-023:57771:57771 [0] NCCL INFO AllReduce: 134217728 Bytes -> Algo RING proto SIMPLE channel{Lo..Hi}={0..1}
[1,0]<stdout>:appmana-023:57771:57771 [0] NCCL INFO AllReduce: 134217728 Bytes -> Algo RING proto SIMPLE channel{Lo..Hi}={0..1}
[1,0]<stdout>:appmana-023:57771:57771 [0] NCCL INFO AllReduce: 134217728 Bytes -> Algo RING proto SIMPLE channel{Lo..Hi}={0..1}
[1,0]<stdout>:appmana-023:57771:57771 [0] NCCL INFO AllReduce: 134217728 Bytes -> Algo RING proto SIMPLE channel{Lo..Hi}={0..1}
[1,0]<stdout>:appmana-023:57771:57771 [0] NCCL INFO AllReduce: 134217728 Bytes -> Algo RING proto SIMPLE channel{Lo..Hi}={0..1}
[1,0]<stdout>:appmana-023:57771:57771 [0] NCCL INFO AllReduce: 134217728 Bytes -> Algo RING proto SIMPLE channel{Lo..Hi}={0..1}
[1,0]<stdout>:appmana-023:57771:57771 [0] NCCL INFO AllReduce: 134217728 Bytes -> Algo RING proto SIMPLE channel{Lo..Hi}={0..1}
[1,0]<stdout>:appmana-023:57771:57771 [0] NCCL INFO AllReduce: 134217728 Bytes -> Algo RING proto SIMPLE channel{Lo..Hi}={0..1}
[1,0]<stdout>:appmana-023:57771:57771 [0] NCCL INFO AllReduce: 134217728 Bytes -> Algo RING proto SIMPLE channel{Lo..Hi}={0..1}
[1,0]<stdout>:  77921.6    1.72    1.72       0appmana-023:57771:57771 [0] NCCL INFO AllReduce: 134217728 Bytes -> Algo RING proto SIMPLE channel{Lo..Hi}={0..1}
[1,0]<stdout>:appmana-023:57771:57771 [0] NCCL INFO AllReduce: 134217728 Bytes -> Algo RING proto SIMPLE channel{Lo..Hi}={0..1}
[1,0]<stdout>:appmana-023:57771:57771 [0] NCCL INFO AllReduce: 134217728 Bytes -> Algo RING proto SIMPLE channel{Lo..Hi}={0..1}
[1,0]<stdout>:appmana-023:57771:57771 [0] NCCL INFO AllReduce: 134217728 Bytes -> Algo RING proto SIMPLE channel{Lo..Hi}={0..1}
[1,0]<stdout>:appmana-023:57771:57771 [0] NCCL INFO AllReduce: 134217728 Bytes -> Algo RING proto SIMPLE channel{Lo..Hi}={0..1}
[1,0]<stdout>:appmana-023:57771:57771 [0] NCCL INFO AllReduce: 134217728 Bytes -> Algo RING proto SIMPLE channel{Lo..Hi}={0..1}
[1,0]<stdout>:appmana-023:57771:57771 [0] NCCL INFO AllReduce: 134217728 Bytes -> Algo RING proto SIMPLE channel{Lo..Hi}={0..1}
[1,0]<stdout>:appmana-023:57771:57771 [0] NCCL INFO AllReduce: 134217728 Bytes -> Algo RING proto SIMPLE channel{Lo..Hi}={0..1}
[1,0]<stdout>:appmana-023:57771:57771 [0] NCCL INFO AllReduce: 134217728 Bytes -> Algo RING proto SIMPLE channel{Lo..Hi}={0..1}
[1,0]<stdout>:appmana-023:57771:57771 [0] NCCL INFO AllReduce: 134217728 Bytes -> Algo RING proto SIMPLE channel{Lo..Hi}={0..1}
[1,0]<stdout>:appmana-023:57771:57771 [0] NCCL INFO AllReduce: 134217728 Bytes -> Algo RING proto SIMPLE channel{Lo..Hi}={0..1}
[1,0]<stdout>:appmana-023:57771:57771 [0] NCCL INFO AllReduce: 134217728 Bytes -> Algo RING proto SIMPLE channel{Lo..Hi}={0..1}
[1,0]<stdout>:appmana-023:57771:57771 [0] NCCL INFO AllReduce: 134217728 Bytes -> Algo RING proto SIMPLE channel{Lo..Hi}={0..1}
[1,0]<stdout>:appmana-023:57771:57771 [0] NCCL INFO AllReduce: 134217728 Bytes -> Algo RING proto SIMPLE channel{Lo..Hi}={0..1}
[1,0]<stdout>:appmana-023:57771:57771 [0] NCCL INFO AllReduce: 134217728 Bytes -> Algo RING proto SIMPLE channel{Lo..Hi}={0..1}
[1,0]<stdout>:appmana-023:57771:57771 [0] NCCL INFO AllReduce: 134217728 Bytes -> Algo RING proto SIMPLE channel{Lo..Hi}={0..1}
[1,0]<stdout>:appmana-023:57771:57771 [0] NCCL INFO AllReduce: 134217728 Bytes -> Algo RING proto SIMPLE channel{Lo..Hi}={0..1}
[1,0]<stdout>:appmana-023:57771:57771 [0] NCCL INFO AllReduce: 134217728 Bytes -> Algo RING proto SIMPLE channel{Lo..Hi}={0..1}
[1,0]<stdout>:appmana-023:57771:57771 [0] NCCL INFO AllReduce: 134217728 Bytes -> Algo RING proto SIMPLE channel{Lo..Hi}={0..1}
[1,0]<stdout>:appmana-023:57771:57771 [0] NCCL INFO AllReduce: 134217728 Bytes -> Algo RING proto SIMPLE channel{Lo..Hi}={0..1}
[1,0]<stdout>:appmana-023:57771:57771 [0] NCCL INFO AllReduce: 134217728 Bytes -> Algo RING proto SIMPLE channel{Lo..Hi}={0..1}
[1,0]<stdout>:appmana-023:57771:57771 [0] NCCL INFO AllReduce: 134217728 Bytes -> Algo RING proto SIMPLE channel{Lo..Hi}={0..1}
[1,0]<stdout>:  78601.0    1.71    1.71       0
[1,0]<stdout>:   268435456      67108864     float     sum      -1appmana-023:57771:57771 [0] NCCL INFO AllReduce: 268435456 Bytes -> Algo RING proto SIMPLE channel{Lo..Hi}={0..1}
[1,0]<stdout>:appmana-023:57771:57771 [0] NCCL INFO AllReduce: 268435456 Bytes -> Algo RING proto SIMPLE channel{Lo..Hi}={0..1}
[1,0]<stdout>:appmana-023:57771:57771 [0] NCCL INFO AllReduce: 268435456 Bytes -> Algo RING proto SIMPLE channel{Lo..Hi}={0..1}
[1,0]<stdout>:appmana-023:57771:57771 [0] NCCL INFO AllReduce: 268435456 Bytes -> Algo RING proto SIMPLE channel{Lo..Hi}={0..1}
[1,0]<stdout>:appmana-023:57771:57771 [0] NCCL INFO AllReduce: 268435456 Bytes -> Algo RING proto SIMPLE channel{Lo..Hi}={0..1}
[1,0]<stdout>:appmana-023:57771:57771 [0] NCCL INFO AllReduce: 268435456 Bytes -> Algo RING proto SIMPLE channel{Lo..Hi}={0..1}
[1,0]<stdout>:appmana-023:57771:57771 [0] NCCL INFO AllReduce: 268435456 Bytes -> Algo RING proto SIMPLE channel{Lo..Hi}={0..1}
[1,0]<stdout>:appmana-023:57771:57771 [0] NCCL INFO AllReduce: 268435456 Bytes -> Algo RING proto SIMPLE channel{Lo..Hi}={0..1}
[1,0]<stdout>:appmana-023:57771:57771 [0] NCCL INFO AllReduce: 268435456 Bytes -> Algo RING proto SIMPLE channel{Lo..Hi}={0..1}
[1,0]<stdout>:appmana-023:57771:57771 [0] NCCL INFO AllReduce: 268435456 Bytes -> Algo RING proto SIMPLE channel{Lo..Hi}={0..1}
[1,0]<stdout>:appmana-023:57771:57771 [0] NCCL INFO AllReduce: 268435456 Bytes -> Algo RING proto SIMPLE channel{Lo..Hi}={0..1}
[1,0]<stdout>:appmana-023:57771:57771 [0] NCCL INFO AllReduce: 268435456 Bytes -> Algo RING proto SIMPLE channel{Lo..Hi}={0..1}
[1,0]<stdout>:appmana-023:57771:57771 [0] NCCL INFO AllReduce: 268435456 Bytes -> Algo RING proto SIMPLE channel{Lo..Hi}={0..1}
[1,0]<stdout>:appmana-023:57771:57771 [0] NCCL INFO AllReduce: 268435456 Bytes -> Algo RING proto SIMPLE channel{Lo..Hi}={0..1}
[1,0]<stdout>:appmana-023:57771:57771 [0] NCCL INFO AllReduce: 268435456 Bytes -> Algo RING proto SIMPLE channel{Lo..Hi}={0..1}
[1,0]<stdout>:appmana-023:57771:57771 [0] NCCL INFO AllReduce: 268435456 Bytes -> Algo RING proto SIMPLE channel{Lo..Hi}={0..1}
[1,0]<stdout>:appmana-023:57771:57771 [0] NCCL INFO AllReduce: 268435456 Bytes -> Algo RING proto SIMPLE channel{Lo..Hi}={0..1}
[1,0]<stdout>:appmana-023:57771:57771 [0] NCCL INFO AllReduce: 268435456 Bytes -> Algo RING proto SIMPLE channel{Lo..Hi}={0..1}
[1,0]<stdout>:appmana-023:57771:57771 [0] NCCL INFO AllReduce: 268435456 Bytes -> Algo RING proto SIMPLE channel{Lo..Hi}={0..1}
[1,0]<stdout>:appmana-023:57771:57771 [0] NCCL INFO AllReduce: 268435456 Bytes -> Algo RING proto SIMPLE channel{Lo..Hi}={0..1}
[1,0]<stdout>:appmana-023:57771:57771 [0] NCCL INFO AllReduce: 268435456 Bytes -> Algo RING proto SIMPLE channel{Lo..Hi}={0..1}
[1,0]<stdout>:appmana-023:57771:57771 [0] NCCL INFO AllReduce: 268435456 Bytes -> Algo RING proto SIMPLE channel{Lo..Hi}={0..1}
[1,0]<stdout>:   156868    1.71    1.71       0appmana-023:57771:57771 [0] NCCL INFO AllReduce: 268435456 Bytes -> Algo RING proto SIMPLE channel{Lo..Hi}={0..1}
[1,0]<stdout>:appmana-023:57771:57771 [0] NCCL INFO AllReduce: 268435456 Bytes -> Algo RING proto SIMPLE channel{Lo..Hi}={0..1}
[1,0]<stdout>:appmana-023:57771:57771 [0] NCCL INFO AllReduce: 268435456 Bytes -> Algo RING proto SIMPLE channel{Lo..Hi}={0..1}
[1,0]<stdout>:appmana-023:57771:57771 [0] NCCL INFO AllReduce: 268435456 Bytes -> Algo RING proto SIMPLE channel{Lo..Hi}={0..1}
[1,0]<stdout>:appmana-023:57771:57771 [0] NCCL INFO AllReduce: 268435456 Bytes -> Algo RING proto SIMPLE channel{Lo..Hi}={0..1}
[1,0]<stdout>:appmana-023:57771:57771 [0] NCCL INFO AllReduce: 268435456 Bytes -> Algo RING proto SIMPLE channel{Lo..Hi}={0..1}
[1,0]<stdout>:appmana-023:57771:57771 [0] NCCL INFO AllReduce: 268435456 Bytes -> Algo RING proto SIMPLE channel{Lo..Hi}={0..1}
[1,0]<stdout>:appmana-023:57771:57771 [0] NCCL INFO AllReduce: 268435456 Bytes -> Algo RING proto SIMPLE channel{Lo..Hi}={0..1}
[1,0]<stdout>:appmana-023:57771:57771 [0] NCCL INFO AllReduce: 268435456 Bytes -> Algo RING proto SIMPLE channel{Lo..Hi}={0..1}
[1,0]<stdout>:appmana-023:57771:57771 [0] NCCL INFO AllReduce: 268435456 Bytes -> Algo RING proto SIMPLE channel{Lo..Hi}={0..1}
[1,0]<stdout>:appmana-023:57771:57771 [0] NCCL INFO AllReduce: 268435456 Bytes -> Algo RING proto SIMPLE channel{Lo..Hi}={0..1}
[1,0]<stdout>:appmana-023:57771:57771 [0] NCCL INFO AllReduce: 268435456 Bytes -> Algo RING proto SIMPLE channel{Lo..Hi}={0..1}
[1,0]<stdout>:appmana-023:57771:57771 [0] NCCL INFO AllReduce: 268435456 Bytes -> Algo RING proto SIMPLE channel{Lo..Hi}={0..1}
[1,0]<stdout>:appmana-023:57771:57771 [0] NCCL INFO AllReduce: 268435456 Bytes -> Algo RING proto SIMPLE channel{Lo..Hi}={0..1}
[1,0]<stdout>:appmana-023:57771:57771 [0] NCCL INFO AllReduce: 268435456 Bytes -> Algo RING proto SIMPLE channel{Lo..Hi}={0..1}
[1,0]<stdout>:appmana-023:57771:57771 [0] NCCL INFO AllReduce: 268435456 Bytes -> Algo RING proto SIMPLE channel{Lo..Hi}={0..1}
[1,0]<stdout>:appmana-023:57771:57771 [0] NCCL INFO AllReduce: 268435456 Bytes -> Algo RING proto SIMPLE channel{Lo..Hi}={0..1}
[1,0]<stdout>:appmana-023:57771:57771 [0] NCCL INFO AllReduce: 268435456 Bytes -> Algo RING proto SIMPLE channel{Lo..Hi}={0..1}
[1,0]<stdout>:appmana-023:57771:57771 [0] NCCL INFO AllReduce: 268435456 Bytes -> Algo RING proto SIMPLE channel{Lo..Hi}={0..1}
[1,0]<stdout>:appmana-023:57771:57771 [0] NCCL INFO AllReduce: 268435456 Bytes -> Algo RING proto SIMPLE channel{Lo..Hi}={0..1}
[1,0]<stdout>:appmana-023:57771:57771 [0] NCCL INFO AllReduce: 268435456 Bytes -> Algo RING proto SIMPLE channel{Lo..Hi}={0..1}
[1,0]<stdout>:appmana-023:57771:57771 [0] NCCL INFO AllReduce: 268435456 Bytes -> Algo RING proto SIMPLE channel{Lo..Hi}={0..1}
[1,0]<stdout>:   392594    0.68    0.68       0
[1,0]<stdout>:# Out of bounds values : 0 OK
[1,0]<stdout>:# Avg bus bandwidth    : 0.703693 
[1,0]<stdout>:#
[1,0]<stdout>:# Collective test concluded: all_reduce_perf
[1,0]<stdout>:#
[1,0]<stdout>:
