[1,0]<stdout>:# nccl-tests version 2.19.7 nccl-headers=23007 nccl-library=23007
[1,0]<stdout>:# Collective test starting: all_gather_perf
[1,0]<stdout>:# nThread 1 nGpus 1 minBytes 8 maxBytes 268435456 step: 2(factor) warmup iters: 1 iters: 20 agg iters: 1 validation: 1 graph: 0 unalign: 0
[1,0]<stdout>:#
[1,0]<stdout>:# Using devices
[1,0]<stdout>:#  Rank  0 Group  0 Pid  61108 on appmana-023 device  0 [0000:01:00] NVIDIA GeForce RTX 3090
[1,0]<stdout>:#  Rank  1 Group  0 Pid  63654 on appmana-025 device  0 [0000:01:00] NVIDIA GeForce RTX 3090
[1,0]<stdout>:appmana-023:61108:61108 [0] NCCL INFO ncclOsDlopen(libnccl-env.so) failed: libnccl-env.so: cannot open shared object file: No such file or directory
[1,0]<stdout>:appmana-023:61108:61108 [0] NCCL INFO ENV/Plugin: Could not find: libnccl-env.so
[1,0]<stdout>:appmana-023:61108:61108 [0] NCCL INFO NCCL_SOCKET_IFNAME set by environment to enp110s0
[1,0]<stdout>:appmana-023:61108:61108 [0] NCCL INFO NCCL_SOCKET_IFNAME set to enp110s0
[1,0]<stdout>:appmana-023:61108:61121 [0] NCCL INFO Socket handshake magic 0x564ab9f2fc4b9d6c (built-in default)
[1,0]<stdout>:appmana-023:61108:61108 [0] NCCL INFO cudaDriverVersion 13030
[1,0]<stdout>:appmana-023:61108:61108 [0] NCCL INFO NCCL version 2.30.7+cuda13.1
[1,0]<stdout>:appmana-023:61108:61108 [0] NCCL INFO NCCL git version appmana/rdma-routing nccl4py-v0.2.0-562-g25f37fd-dirty
[1,1]<stdout>:appmana-025:63654:63654 [0] NCCL INFO ncclOsDlopen(libnccl-env.so) failed: libnccl-env.so: cannot open shared object file: No such file or directory
[1,1]<stdout>:appmana-025:63654:63654 [0] NCCL INFO ENV/Plugin: Could not find: libnccl-env.so
[1,1]<stdout>:appmana-025:63654:63654 [0] NCCL INFO cudaDriverVersion 13030
[1,1]<stdout>:appmana-025:63654:63654 [0] NCCL INFO NCCL_SOCKET_IFNAME set by environment to enp110s0
[1,1]<stdout>:appmana-025:63654:63654 [0] NCCL INFO NCCL_SOCKET_IFNAME set to enp110s0
[1,1]<stdout>:appmana-025:63654:63654 [0] NCCL INFO NCCL version 2.30.7+cuda13.1
[1,1]<stdout>:appmana-025:63654:63654 [0] NCCL INFO NCCL git version appmana/rdma-routing nccl4py-v0.2.0-562-g25f37fd-dirty
[1,0]<stdout>:appmana-023:61108:61108 [0] NCCL INFO Comm config nvlinkCentricSched set to 1
[1,1]<stdout>:appmana-025:63654:63654 [0] NCCL INFO Comm config nvlinkCentricSched set to 1
[1,1]<stdout>:appmana-025:63654:63654 [0] NCCL INFO ncclOsDlopen(libnccl-net.so) failed: libnccl-net.so: cannot open shared object file: No such file or directory
[1,1]<stdout>:appmana-025:63654:63654 [0] NCCL INFO NET/Plugin: Could not find: libnccl-net.so
[1,1]<stdout>:appmana-025:63654:63654 [0] NCCL INFO NCCL_IB_DISABLE set by environment to 0.
[1,1]<stdout>:appmana-025:63654:63654 [0] NCCL INFO dlvsym failed on mlx5dv_get_data_direct_sysfs_path - /lib/x86_64-linux-gnu/libmlx5.so: undefined symbol: mlx5dv_get_data_direct_sysfs_path, version MLX5_1.25 version MLX5_1.25
[1,1]<stdout>:appmana-025:63654:63654 [0] NCCL INFO dlvsym failed on mlx5dv_reg_dmabuf_mr - /lib/x86_64-linux-gnu/libmlx5.so: undefined symbol: mlx5dv_reg_dmabuf_mr, version MLX5_1.25 version MLX5_1.25
[1,1]<stdout>:appmana-025:63654:63654 [0] NCCL INFO NCCL_SOCKET_IFNAME set by environment to enp110s0
[1,1]<stdout>:appmana-025:63654:63654 [0] NCCL INFO NCCL_IB_HCA set to =usb4_rdma0
[1,1]<stdout>:
[1,1]<stdout>:[2026-08-18 21:31:54] appmana-025:63654:63654 [0] transport/net_ib/init.cc:67 (ncclIbGetPciPath) NCCL WARN Could not find real path of usb4_rdma0 (/sys/class/infiniband/usb4_rdma0/device)
[1,1]<stdout>:appmana-025:63654:63654 [0] NCCL INFO NET/IB: [1] usb4_rdma0:uverbs1:1/RoCE provider=None speed=2500 context=0x5613af044f00 pciPath=(null) ar=0 oooRqSize=0
[1,1]<stdout>:appmana-025:63654:63654 [0] NCCL INFO NCCL_IB_MERGE_NICS set by environment to 0.
[1,1]<stdout>:appmana-025:63654:63654 [0] NCCL INFO NET/IB : Made virtual device [0] name=usb4_rdma0 speed=2500 ndevs=1 rail=-1 plane=-1
[1,1]<stdout>:appmana-025:63654:63654 [0] NCCL INFO NET/IB : Using [0]usb4_rdma0:1/RoCE [RO]; OOB enp110s0:10.2.0.67<0>
[1,1]<stdout>:appmana-025:63654:63654 [0] NCCL INFO Initialized NET plugin IB
[1,1]<stdout>:appmana-025:63654:63654 [0] NCCL INFO Assigned NET plugin IB to comm
[1,1]<stdout>:appmana-025:63654:63654 [0] NCCL INFO ncclOsDlopen(libnccl-rma.so) failed: libnccl-rma.so: cannot open shared object file: No such file or directory
[1,1]<stdout>:appmana-025:63654:63654 [0] NCCL INFO RMA/Plugin: Could not find: libnccl-rma.so
[1,1]<stdout>:appmana-025:63654:63654 [0] NCCL INFO RMA/Plugin: Failed to load external plugin libnccl-rma.so, dlHandle: (nil), ncclRma: (nil)
[1,1]<stdout>:appmana-025:63654:63654 [0] NCCL INFO Unable to use GIN: Peermem is not supported, nor DMA-BUF.
[1,1]<stdout>:appmana-025:63654:63654 [0] NCCL INFO RMA/Plugin: Failed to initialize any plugin
[1,1]<stdout>:appmana-025:63654:63654 [0] NCCL INFO ncclOsDlopen(libnccl-gin.so) failed: libnccl-gin.so: cannot open shared object file: No such file or directory
[1,1]<stdout>:appmana-025:63654:63654 [0] NCCL INFO GIN/Plugin: Could not find: libnccl-gin.so
[1,1]<stdout>:appmana-025:63654:63654 [0] NCCL INFO GIN/Plugin: Failed to load external plugin libnccl-gin.so, dlHandle: (nil), ncclGin: (nil)
[1,1]<stdout>:appmana-025:63654:63654 [0] NCCL INFO GIN/Plugin: Failed to initialize any GIN plugin
[1,1]<stdout>:appmana-025:63654:63654 [0] NCCL INFO Using network IB
[1,1]<stdout>:appmana-025:63654:63654 [0] NCCL INFO Loaded NVML from libnvidia-ml.so.1
[1,1]<stdout>:appmana-025:63654:63654 [0] NCCL INFO [Rank 1] ncclCommInitRankConfig comm 0x5613aa998660 rank 1 nranks 2 cudaDev 0 nvmlDev 0 busId 1000 commId 0x3910ae0faf807f3d - Init START
[1,1]<stdout>:appmana-025:63654:63654 [0] NCCL INFO Socket handshake magic 0x564ab9f2fc4b9d6c (built-in default)
[1,0]<stdout>:appmana-023:61108:61108 [0] NCCL INFO ncclOsDlopen(libnccl-net.so) failed: libnccl-net.so: cannot open shared object file: No such file or directory
[1,0]<stdout>:appmana-023:61108:61108 [0] NCCL INFO NET/Plugin: Could not find: libnccl-net.so
[1,0]<stdout>:appmana-023:61108:61108 [0] NCCL INFO NCCL_IB_DISABLE set by environment to 0.
[1,0]<stdout>:appmana-023:61108:61108 [0] NCCL INFO dlvsym failed on mlx5dv_get_data_direct_sysfs_path - /lib/x86_64-linux-gnu/libmlx5.so: undefined symbol: mlx5dv_get_data_direct_sysfs_path, version MLX5_1.25 version MLX5_1.25
[1,0]<stdout>:appmana-023:61108:61108 [0] NCCL INFO dlvsym failed on mlx5dv_reg_dmabuf_mr - /lib/x86_64-linux-gnu/libmlx5.so: undefined symbol: mlx5dv_reg_dmabuf_mr, version MLX5_1.25 version MLX5_1.25
[1,0]<stdout>:appmana-023:61108:61108 [0] NCCL INFO NCCL_SOCKET_IFNAME set by environment to enp110s0
[1,0]<stdout>:appmana-023:61108:61108 [0] NCCL INFO NCCL_IB_HCA set to =usb4_rdma0
[1,0]<stdout>:
[1,0]<stdout>:[2026-08-18 21:31:54] appmana-023:61108:61108 [0] transport/net_ib/init.cc:67 (ncclIbGetPciPath) NCCL WARN Could not find real path of usb4_rdma0 (/sys/class/infiniband/usb4_rdma0/device)
[1,0]<stdout>:appmana-023:61108:61108 [0] NCCL INFO NET/IB: [1] usb4_rdma0:uverbs1:1/RoCE provider=None speed=2500 context=0x55ca8e401830 pciPath=(null) ar=0 oooRqSize=0
[1,0]<stdout>:appmana-023:61108:61108 [0] NCCL INFO NCCL_IB_MERGE_NICS set by environment to 0.
[1,0]<stdout>:appmana-023:61108:61108 [0] NCCL INFO NET/IB : Made virtual device [0] name=usb4_rdma0 speed=2500 ndevs=1 rail=-1 plane=-1
[1,0]<stdout>:appmana-023:61108:61108 [0] NCCL INFO NET/IB : Using [0]usb4_rdma0:1/RoCE [RO]; OOB enp110s0:10.2.0.61<0>
[1,0]<stdout>:appmana-023:61108:61108 [0] NCCL INFO Initialized NET plugin IB
[1,0]<stdout>:appmana-023:61108:61108 [0] NCCL INFO Assigned NET plugin IB to comm
[1,0]<stdout>:appmana-023:61108:61108 [0] NCCL INFO ncclOsDlopen(libnccl-rma.so) failed: libnccl-rma.so: cannot open shared object file: No such file or directory
[1,0]<stdout>:appmana-023:61108:61108 [0] NCCL INFO RMA/Plugin: Could not find: libnccl-rma.so
[1,0]<stdout>:appmana-023:61108:61108 [0] NCCL INFO RMA/Plugin: Failed to load external plugin libnccl-rma.so, dlHandle: (nil), ncclRma: (nil)
[1,0]<stdout>:appmana-023:61108:61108 [0] NCCL INFO Unable to use GIN: Peermem is not supported, nor DMA-BUF.
[1,0]<stdout>:appmana-023:61108:61108 [0] NCCL INFO RMA/Plugin: Failed to initialize any plugin
[1,0]<stdout>:appmana-023:61108:61108 [0] NCCL INFO ncclOsDlopen(libnccl-gin.so) failed: libnccl-gin.so: cannot open shared object file: No such file or directory
[1,0]<stdout>:appmana-023:61108:61108 [0] NCCL INFO GIN/Plugin: Could not find: libnccl-gin.so
[1,0]<stdout>:appmana-023:61108:61108 [0] NCCL INFO GIN/Plugin: Failed to load external plugin libnccl-gin.so, dlHandle: (nil), ncclGin: (nil)
[1,0]<stdout>:appmana-023:61108:61108 [0] NCCL INFO GIN/Plugin: Failed to initialize any GIN plugin
[1,0]<stdout>:appmana-023:61108:61108 [0] NCCL INFO Using network IB
[1,0]<stdout>:appmana-023:61108:61108 [0] NCCL INFO Loaded NVML from libnvidia-ml.so.1
[1,0]<stdout>:appmana-023:61108:61108 [0] NCCL INFO [Rank 0] ncclCommInitRankConfig comm 0x55ca89d5d930 rank 0 nranks 2 cudaDev 0 nvmlDev 0 busId 1000 commId 0x3910ae0faf807f3d - Init START
[1,0]<stdout>:appmana-023:61108:61108 [0] NCCL INFO RAS client listening socket at 127.0.0.1<28028>
[1,1]<stdout>:appmana-025:63654:63654 [0] NCCL INFO RAS client listening socket at 127.0.0.1<28028>
[1,1]<stdout>:appmana-025:63654:63654 [0] NCCL INFO Topology detection: could not read /sys/devices/system/node/node4294967295/cpumap, using empty affinity
[1,0]<stdout>:appmana-023:61108:61108 [0] NCCL INFO Topology detection: could not read /sys/devices/system/node/node4294967295/cpumap, using empty affinity
[1,1]<stdout>:appmana-025:63654:63654 [0] NCCL INFO TOPO/NET : Importing network plugins to topology
[1,1]<stdout>:appmana-025:63654:63654 [0] NCCL INFO NET/IB : GPU Direct RDMA Disabled for HCA 0 'usb4_rdma0'
[1,1]<stdout>:appmana-025:63654:63654 [0] NCCL INFO ncclTopoPopulateNics : Filled usb4_rdma0 in topo with pciPath=(null) net=1 gin=(null) rma=(null) keep=1 coll=(null) rail=-1 plane=-1
[1,0]<stdout>:appmana-023:61108:61108 [0] NCCL INFO TOPO/NET : Importing network plugins to topology
[1,0]<stdout>:appmana-023:61108:61108 [0] NCCL INFO NET/IB : GPU Direct RDMA Disabled for HCA 0 'usb4_rdma0'
[1,0]<stdout>:appmana-023:61108:61108 [0] NCCL INFO ncclTopoPopulateNics : Filled usb4_rdma0 in topo with pciPath=(null) net=1 gin=(null) rma=(null) keep=1 coll=(null) rail=-1 plane=-1
[1,1]<stdout>:appmana-025:63654:63654 [0] NCCL INFO === System : maxBw 0.3 totalBw 24.0 ===
[1,1]<stdout>:appmana-025:63654:63654 [0] NCCL INFO CPU/0-ffffffffffffff (1/2/-1)
[1,1]<stdout>:appmana-025:63654:63654 [0] NCCL INFO + PCI[5000.0] - NIC/0-0
[1,1]<stdout>:appmana-025:63654:63654 [0] NCCL INFO                 + NET[0.3] - NET/0-0 (0/e96043feffdc5c00/1/0.312500)
[1,1]<stdout>:appmana-025:63654:63654 [0] NCCL INFO + PCI[24.0] - DEV/0-1000 (10de220410283880)
[1,1]<stdout>:appmana-025:63654:63654 [0] NCCL INFO               + LOC[5000.0] - GPU/0-1000
[1,1]<stdout>:appmana-025:63654:63654 [0] NCCL INFO ==========================================
[1,1]<stdout>:appmana-025:63654:63654 [0] NCCL INFO GPU/0-1000 :GPU/0-1000 (0/5000.0/LOC) CPU/0-ffffffffffffff (2/24.0/PHB) NET/0-0 (4/0.3/PHB) DEV/0-1000 (1/5000.0/LOC) 
[1,1]<stdout>:appmana-025:63654:63654 [0] NCCL INFO NET/0-0 :GPU/0-1000 (4/0.3/PHB) CPU/0-ffffffffffffff (2/0.3/PHB) NET/0-0 (0/5000.0/LOC) DEV/0-1000 (3/0.3/PHB) 
[1,1]<stdout>:appmana-025:63654:63654 [0] NCCL INFO ncclTopoGetCpuAffinity: Affinity for GPU 0 is empty, ignoring. (GPU affinity =  ; CPU affinity = 0,16).
[1,1]<stdout>:appmana-025:63654:63654 [0] NCCL INFO Pattern 4, crossNic 0, nChannels 1, bw 0.240000/0.240000, type LOC/PHB, sameChannels 1
[1,1]<stdout>:appmana-025:63654:63654 [0] NCCL INFO  0 : NET/0-0 GPU/0-1000 NET/0-0
[1,1]<stdout>:appmana-025:63654:63654 [0] NCCL INFO Pattern 3, crossNic 0, nChannels 1, bw 1.200000/0.240000, type LOC/PHB, sameChannels 1
[1,1]<stdout>:appmana-025:63654:63654 [0] NCCL INFO  0 : NET/0-0 GPU/0-1000 NET/0-0
[1,1]<stdout>:appmana-025:63654:63654 [0] NCCL INFO Rank 1: 1 Net devices
[1,1]<stdout>:appmana-025:63654:63654 [0] NCCL INFO Rank 1: 0 CollNet devices
[1,0]<stdout>:appmana-023:61108:61108 [0] NCCL INFO === System : maxBw 0.3 totalBw 3.0 ===
[1,0]<stdout>:appmana-023:61108:61108 [0] NCCL INFO CPU/0-ffffffffffffff (1/2/-1)
[1,0]<stdout>:appmana-023:61108:61108 [0] NCCL INFO + PCI[5000.0] - NIC/0-0
[1,0]<stdout>:appmana-023:61108:61108 [0] NCCL INFO                 + NET[0.3] - NET/0-0 (0/f5aa13fefff9e400/1/0.312500)
[1,0]<stdout>:appmana-023:61108:61108 [0] NCCL INFO + PCI[3.0] - DEV/0-1000 (10de220410283880)
[1,0]<stdout>:appmana-023:61108:61108 [0] NCCL INFO              + LOC[5000.0] - GPU/0-1000
[1,0]<stdout>:appmana-023:61108:61108 [0] NCCL INFO ==========================================
[1,0]<stdout>:appmana-023:61108:61108 [0] NCCL INFO GPU/0-1000 :GPU/0-1000 (0/5000.0/LOC) CPU/0-ffffffffffffff (2/3.0/PHB) NET/0-0 (4/0.3/PHB) DEV/0-1000 (1/5000.0/LOC) 
[1,0]<stdout>:appmana-023:61108:61108 [0] NCCL INFO NET/0-0 :GPU/0-1000 (4/0.3/PHB) CPU/0-ffffffffffffff (2/0.3/PHB) NET/0-0 (0/5000.0/LOC) DEV/0-1000 (3/0.3/PHB) 
[1,0]<stdout>:appmana-023:61108:61108 [0] NCCL INFO ncclTopoGetCpuAffinity: Affinity for GPU 0 is empty, ignoring. (GPU affinity =  ; CPU affinity = 0,16).
[1,0]<stdout>:appmana-023:61108:61108 [0] NCCL INFO Pattern 4, crossNic 0, nChannels 1, bw 0.240000/0.240000, type LOC/PHB, sameChannels 1
[1,0]<stdout>:appmana-023:61108:61108 [0] NCCL INFO  0 : NET/0-0 GPU/0-1000 NET/0-0
[1,0]<stdout>:appmana-023:61108:61108 [0] NCCL INFO Pattern 3, crossNic 0, nChannels 1, bw 1.200000/0.240000, type LOC/PHB, sameChannels 1
[1,0]<stdout>:appmana-023:61108:61108 [0] NCCL INFO  0 : NET/0-0 GPU/0-1000 NET/0-0
[1,0]<stdout>:appmana-023:61108:61108 [0] NCCL INFO Rank 0: 1 Net devices
[1,0]<stdout>:appmana-023:61108:61108 [0] NCCL INFO Rank 0: 0 CollNet devices
[1,0]<stdout>:appmana-023:61108:61108 [0] NCCL INFO Local Net device counts across ranks: min 1 max 1
[1,0]<stdout>:appmana-023:61108:61108 [0] NCCL INFO Local CollNet device counts across ranks: min 0 max 0
[1,0]<stdout>:appmana-023:61108:61108 [0] NCCL INFO comm 0x55ca89d5d930 rank 0 nRanks 2 nNodes 2 localRanks 1 localRank 0 MNNVL 0
[1,0]<stdout>:appmana-023:61108:61108 [0] NCCL INFO Tree 0 : -1 -> 0 -> 1/-1/-1
[1,0]<stdout>:appmana-023:61108:61108 [0] NCCL INFO Tree 1 : 1 -> 0 -> -1/-1/-1
[1,0]<stdout>:appmana-023:61108:61108 [0] NCCL INFO Channel 00/02 : 0 1
[1,0]<stdout>:appmana-023:61108:61108 [0] NCCL INFO Channel 01/02 : 0 1
[1,0]<stdout>:appmana-023:61108:61108 [0] NCCL INFO Ring 00 : 1 -> 0 -> 1
[1,0]<stdout>:appmana-023:61108:61108 [0] NCCL INFO Ring 01 : 1 -> 0 -> 1
[1,0]<stdout>:appmana-023:61108:61108 [0] NCCL INFO Trees [0] 1/-1/-1->0->-1 [1] -1/-1/-1->0->1
[1,0]<stdout>:appmana-023:61108:61108 [0] NCCL INFO P2P Chunksize set to 131072
[1,0]<stdout>:appmana-023:61108:61108 [0] NCCL INFO Tuning P2P operations with maxP2pPeers = 2
[1,1]<stdout>:appmana-025:63654:63654 [0] NCCL INFO comm 0x5613aa998660 rank 1 nRanks 2 nNodes 2 localRanks 1 localRank 0 MNNVL 0
[1,1]<stdout>:appmana-025:63654:63654 [0] NCCL INFO Tree 0 : 0 -> 1 -> -1/-1/-1
[1,1]<stdout>:appmana-025:63654:63654 [0] NCCL INFO Tree 1 : -1 -> 1 -> 0/-1/-1
[1,1]<stdout>:appmana-025:63654:63654 [0] NCCL INFO Ring 00 : 0 -> 1 -> 0
[1,1]<stdout>:appmana-025:63654:63654 [0] NCCL INFO Ring 01 : 0 -> 1 -> 0
[1,1]<stdout>:appmana-025:63654:63654 [0] NCCL INFO Trees [0] -1/-1/-1->1->0 [1] 0/-1/-1->1->-1
[1,1]<stdout>:appmana-025:63654:63654 [0] NCCL INFO P2P Chunksize set to 131072
[1,1]<stdout>:appmana-025:63654:63654 [0] NCCL INFO Tuning P2P operations with maxP2pPeers = 2
[1,0]<stdout>:appmana-023:61108:61108 [0] NCCL INFO ncclOsDlopen(libnccl-profiler.so) failed: libnccl-profiler.so: cannot open shared object file: No such file or directory
[1,0]<stdout>:appmana-023:61108:61108 [0] NCCL INFO PROFILER/Plugin: Could not find: libnccl-profiler.so
[1,0]<stdout>:appmana-023:61108:61108 [0] NCCL INFO Check P2P Type isAllDirectP2p 1 directMode 0 isAllCudaP2p 1
[1,1]<stdout>:appmana-025:63654:63654 [0] NCCL INFO ncclOsDlopen(libnccl-profiler.so) failed: libnccl-profiler.so: cannot open shared object file: No such file or directory
[1,1]<stdout>:appmana-025:63654:63654 [0] NCCL INFO PROFILER/Plugin: Could not find: libnccl-profiler.so
[1,1]<stdout>:appmana-025:63654:63654 [0] NCCL INFO Check P2P Type isAllDirectP2p 1 directMode 0 isAllCudaP2p 1
[1,0]<stdout>:appmana-023:61108:61138 [0] NCCL INFO [Proxy Service] Device 0 CPU core 16
[1,0]<stdout>:appmana-023:61108:61108 [0] NCCL INFO ncclP2pSchedule: group size used is 1
[1,0]<stdout>:appmana-023:61108:61138 [0] NCCL INFO proxy listening socket at 10.2.0.61<40015>
[1,1]<stdout>:appmana-025:63654:63679 [0] NCCL INFO [Proxy Service] Device 0 CPU core 16
[1,1]<stdout>:appmana-025:63654:63654 [0] NCCL INFO ncclP2pSchedule: group size used is 1
[1,1]<stdout>:appmana-025:63654:63679 [0] NCCL INFO proxy listening socket at 10.2.0.67<34163>
[1,1]<stdout>:appmana-025:63654:63680 [0] NCCL INFO [Proxy Service UDS] Device 0 CPU core 16
[1,1]<stdout>:appmana-025:63654:63654 [0] NCCL INFO ncclOsDlopen(libnccl-tuner.so) failed: libnccl-tuner.so: cannot open shared object file: No such file or directory
[1,1]<stdout>:appmana-025:63654:63654 [0] NCCL INFO TUNER/Plugin: Could not find: libnccl-tuner.so
[1,1]<stdout>:appmana-025:63654:63654 [0] NCCL INFO NCCL_PROTO set by environment to Simple
[1,1]<stdout>:appmana-025:63654:63654 [0] NCCL INFO NCCL_ALGO set by environment to Ring
[1,1]<stdout>:appmana-025:63654:63654 [0] NCCL INFO threadThresholds 8/8/64 | 16/8/64 | 512 | 512
[1,1]<stdout>:appmana-025:63654:63654 [0] NCCL INFO 2 coll channels, 2 collnet channels, 0 nvls channels, 2 p2p channels, 1 p2p channels per peer
[1,1]<stdout>:appmana-025:63654:63654 [0] NCCL INFO Symmetric memory is not supported. cuMemEnable 1, globalGinSupport 0, cuMemGdrSupport 0
[1,0]<stdout>:appmana-023:61108:61108 [0] NCCL INFO ncclOsDlopen(libnccl-tuner.so) failed: libnccl-tuner.so: cannot open shared object file: No such file or directory
[1,0]<stdout>:appmana-023:61108:61108 [0] NCCL INFO TUNER/Plugin: Could not find: libnccl-tuner.so
[1,0]<stdout>:appmana-023:61108:61108 [0] NCCL INFO NCCL_PROTO set by environment to Simple
[1,0]<stdout>:appmana-023:61108:61108 [0] NCCL INFO NCCL_ALGO set by environment to Ring
[1,0]<stdout>:appmana-023:61108:61108 [0] NCCL INFO Enabled NCCL Func/Proto/Algo Matrix:
[1,0]<stdout>:     Function |       LL     LL128    Simple   |          Tree           Ring  CollNetDirect   CollNetChain           NVLS       NVLSTree            PAT  
[1,0]<stdout>:    Broadcast |        0         0         1   |             0              1              0              0              0              0              0  
[1,0]<stdout>:       Reduce |        0         0         1   |             0              1              0              0              0              0              0  
[1,0]<stdout>:    AllGather |        0         0         1   |             0              1              0              0              0              0              0  
[1,0]<stdout>:ReduceScatter |        0         0         1   |             0              1              0              0              0              0              0  
[1,0]<stdout>:    AllReduce |        0         0         1   |             0              1              0              0              0              0              0  
[1,0]<stdout>:
[1,0]<stdout>:appmana-023:61108:61108 [0] NCCL INFO   Algorithm   |                            Tree                  |                            Ring                  |                   CollNetDirect                  |
[1,0]<stdout>:appmana-023:61108:61108 [0] NCCL INFO   Protocol    |             LL |          LL128 |         Simple |             LL |          LL128 |         Simple |             LL |          LL128 |         Simple |
[1,1]<stdout>:appmana-025:63654:63654 [0] NCCL INFO ncclCommInitRankConfig comm 0x5613aa998660 rank 1 nranks 2 cudaDev 0 nvmlDev 0 busId 1000 commId 0x3910ae0faf807f3d - Init COMPLETE
[1,1]<stdout>:appmana-025:63654:63654 [0] NCCL INFO Init timings - ncclCommInitRankConfig: rank 1 nranks 2 total 0.19 (kernels 0.13, alloc 0.02, bootstrap 0.03, allgathers 0.00, topo 0.01, graphs 0.00, connections 0.00, rest 0.00)
[1,0]<stdout>:appmana-023:61108:61108 [0] NCCL INFO  Max NThreads |            512 |            640 |            512 |            512 |            640 |            256 |              0 |              0 |            640 |
[1,0]<stdout>:appmana-023:61108:61108 [0] NCCL INFO     Broadcast |     0.0/   0.0 |     0.0/   0.0 |     0.0/   0.0 |     9.3/   0.0 |    18.0/   0.0 |    22.4/   0.2 |     0.0/   0.0 |     0.0/   0.0 |     0.0/   0.0 |
[1,0]<stdout>:appmana-023:61108:61108 [0] NCCL INFO        Reduce |     0.0/   0.0 |     0.0/   0.0 |     0.0/   0.0 |     9.3/   0.0 |    18.0/   0.0 |    22.4/   0.2 |     0.0/   0.0 |     0.0/   0.0 |     0.0/   0.0 |
[1,0]<stdout>:appmana-023:61108:61108 [0] NCCL INFO     AllGather |     0.0/   0.0 |     0.0/   0.0 |     0.0/   0.0 |    11.6/   0.0 |    22.5/   0.0 |    22.4/   0.5 |     5.0/   0.0 |     8.5/   0.0 |    14.0/   0.0 |
[1,0]<stdout>:appmana-023:61108:61108 [0] NCCL INFO ReduceScatter |     0.0/   0.0 |     0.0/   0.0 |     0.0/   0.0 |    11.6/   0.0 |    22.5/   0.0 |    22.4/   0.5 |     5.0/   0.0 |     8.5/   0.0 |    14.0/   0.0 |
[1,0]<stdout>:appmana-023:61108:61108 [0] NCCL INFO     AllReduce |    16.8/   0.0 |    31.0/   0.0 |    36.4/   0.0 |    16.6/   0.0 |    31.0/   0.0 |    36.4/   0.2 |     5.0/   0.0 |     8.5/   0.0 |    14.0/   0.0 |
[1,0]<stdout>:appmana-023:61108:61108 [0] NCCL INFO   Algorithm   |                    CollNetChain                  |                            NVLS                  |                        NVLSTree                  |
[1,0]<stdout>:appmana-023:61108:61108 [0] NCCL INFO   Protocol    |             LL |          LL128 |         Simple |             LL |          LL128 |         Simple |             LL |          LL128 |         Simple |
[1,0]<stdout>:appmana-023:61108:61108 [0] NCCL INFO  Max NThreads |              0 |              0 |            640 |              0 |              0 |            640 |              0 |              0 |            640 |
[1,0]<stdout>:appmana-023:61108:61108 [0] NCCL INFO     Broadcast |     0.0/   0.0 |     0.0/   0.0 |     0.0/   0.0 |     0.0/   0.0 |     0.0/   0.0 |     0.0/   0.0 |     0.0/   0.0 |     0.0/   0.0 |     0.0/   0.0 |
[1,0]<stdout>:appmana-023:61108:61108 [0] NCCL INFO        Reduce |     0.0/   0.0 |     0.0/   0.0 |     0.0/   0.0 |     0.0/   0.0 |     0.0/   0.0 |     0.0/   0.0 |     0.0/   0.0 |     0.0/   0.0 |     0.0/   0.0 |
[1,0]<stdout>:appmana-023:61108:61108 [0] NCCL INFO     AllGather |     0.0/   0.0 |     0.0/   0.0 |     0.0/   0.0 |     0.0/   0.0 |     0.0/   0.0 |     0.0/   0.0 |     0.0/   0.0 |     0.0/   0.0 |     0.0/   0.0 |
[1,0]<stdout>:appmana-023:61108:61108 [0] NCCL INFO ReduceScatter |     0.0/   0.0 |     0.0/   0.0 |     0.0/   0.0 |     0.0/   0.0 |     0.0/   0.0 |     0.0/   0.0 |     0.0/   0.0 |     0.0/   0.0 |     0.0/   0.0 |
[1,0]<stdout>:appmana-023:61108:61108 [0] NCCL INFO     AllReduce |     5.0/   0.0 |     8.5/   0.0 |    14.0/   0.0 |     0.0/   0.0 |     0.0/   0.0 |     0.0/   0.0 |     0.0/   0.0 |     0.0/   0.0 |     0.0/   0.0 |
[1,0]<stdout>:appmana-023:61108:61108 [0] NCCL INFO   Algorithm   |                             PAT                  |
[1,0]<stdout>:appmana-023:61108:61108 [0] NCCL INFO   Protocol    |             LL |          LL128 |         Simple |             LL |          LL128 |         Simple |             LL |          LL128 |         Simple |
[1,0]<stdout>:appmana-023:61108:61108 [0] NCCL INFO  Max NThreads |              0 |              0 |              0 |
[1,0]<stdout>:appmana-023:61108:61108 [0] NCCL INFO     Broadcast |     0.0/   0.0 |     0.0/   0.0 |     0.0/   0.0 |
[1,0]<stdout>:appmana-023:61108:61108 [0] NCCL INFO        Reduce |     0.0/   0.0 |     0.0/   0.0 |     0.0/   0.0 |
[1,0]<stdout>:appmana-023:61108:61108 [0] NCCL INFO     AllGather |     0.0/   0.0 |     0.0/   0.0 |    17.6/   0.0 |
[1,0]<stdout>:appmana-023:61108:61108 [0] NCCL INFO ReduceScatter |     0.0/   0.0 |     0.0/   0.0 |    17.6/   0.0 |
[1,0]<stdout>:appmana-023:61108:61108 [0] NCCL INFO     AllReduce |     0.0/   0.0 |     0.0/   0.0 |     0.0/   0.0 |
[1,0]<stdout>:appmana-023:61108:61108 [0] NCCL INFO threadThresholds 8/8/64 | 16/8/64 | 512 | 512
[1,0]<stdout>:appmana-023:61108:61108 [0] NCCL INFO 2 coll channels, 2 collnet channels, 0 nvls channels, 2 p2p channels, 1 p2p channels per peer
[1,0]<stdout>:appmana-023:61108:61108 [0] NCCL INFO Symmetric memory is not supported. cuMemEnable 1, globalGinSupport 0, cuMemGdrSupport 0
[1,0]<stdout>:appmana-023:61108:61108 [0] NCCL INFO CC Off, workFifoBytes 1048576
[1,0]<stdout>:appmana-023:61108:61108 [0] NCCL INFO ncclCommInitRankConfig comm 0x55ca89d5d930 rank 0 nranks 2 cudaDev 0 nvmlDev 0 busId 1000 commId 0x3910ae0faf807f3d - Init COMPLETE
[1,0]<stdout>:appmana-023:61108:61108 [0] NCCL INFO Init timings - ncclCommInitRankConfig: rank 0 nranks 2 total 0.19 (kernels 0.16, alloc 0.02, bootstrap 0.00, allgathers 0.00, topo 0.01, graphs 0.00, connections 0.00, rest 0.00)
[1,0]<stdout>:appmana-023:61108:61139 [0] NCCL INFO [Proxy Service UDS] Device 0 CPU core 0
[1,0]<stdout>:#
[1,0]<stdout>:#                                                              out-of-place                       in-place          
[1,0]<stdout>:#       size         count      type   redop    root     time   algbw   busbw  #wrong     time   algbw   busbw  #wrong 
[1,0]<stdout>:#        (B)    (elements)                               (us)  (GB/s)  (GB/s)             (us)  (GB/s)  (GB/s)         
[1,0]<stdout>:appmana-023:61108:61108 [0] NCCL INFO Symmetric VA size=24GB
[1,0]<stdout>:appmana-023:61108:61108 [0] NCCL INFO RRTRACE ncclTopoGetNetDev: rank 0 peer 0 ch 0 -> netDev 0 (netId 0x0) graph=1
[1,1]<stdout>:appmana-025:63654:63654 [0] NCCL INFO Symmetric VA size=24GB
[1,1]<stdout>:appmana-025:63654:63654 [0] NCCL INFO RRTRACE ncclTopoGetNetDev: rank 1 peer 1 ch 0 -> netDev 0 (netId 0x0) graph=1
[1,1]<stdout>:appmana-025:63654:63681 [0] NCCL INFO [Proxy Progress] Device 0 CPU core 16
[1,1]<stdout>:appmana-025:63654:63654 [0] NCCL INFO Channel 00/0 : 0[0] -> 1[0] [receive] via NET/IB/0
[1,1]<stdout>:appmana-025:63654:63654 [0] NCCL INFO RRTRACE ncclTopoGetNetDev: rank 1 peer 1 ch 1 -> netDev 0 (netId 0x0) graph=1
[1,1]<stdout>:appmana-025:63654:63654 [0] NCCL INFO Channel 01/0 : 0[0] -> 1[0] [receive] via NET/IB/0
[1,1]<stdout>:appmana-025:63654:63654 [0] NCCL INFO RRTRACE ncclTopoGetNetDev: rank 1 peer 0 ch 0 -> netDev 0 (netId 0x0) graph=1
[1,1]<stdout>:appmana-025:63654:63654 [0] NCCL INFO Channel 00/0 : 1[0] -> 0[0] [send] via NET/IB/0
[1,1]<stdout>:appmana-025:63654:63654 [0] NCCL INFO RRTRACE ncclTopoGetNetDev: rank 1 peer 0 ch 1 -> netDev 0 (netId 0x0) graph=1
[1,1]<stdout>:appmana-025:63654:63654 [0] NCCL INFO Channel 01/0 : 1[0] -> 0[0] [send] via NET/IB/0
[1,0]<stdout>:appmana-023:61108:61140 [0] NCCL INFO [Proxy Progress] Device 0 CPU core 16
[1,0]<stdout>:appmana-023:61108:61108 [0] NCCL INFO Channel 00/0 : 1[0] -> 0[0] [receive] via NET/IB/0
[1,0]<stdout>:appmana-023:61108:61108 [0] NCCL INFO RRTRACE ncclTopoGetNetDev: rank 0 peer 0 ch 1 -> netDev 0 (netId 0x0) graph=1
[1,0]<stdout>:appmana-023:61108:61108 [0] NCCL INFO Channel 01/0 : 1[0] -> 0[0] [receive] via NET/IB/0
[1,0]<stdout>:appmana-023:61108:61108 [0] NCCL INFO RRTRACE ncclTopoGetNetDev: rank 0 peer 1 ch 0 -> netDev 0 (netId 0x0) graph=1
[1,0]<stdout>:appmana-023:61108:61108 [0] NCCL INFO Channel 00/0 : 0[0] -> 1[0] [send] via NET/IB/0
[1,0]<stdout>:appmana-023:61108:61108 [0] NCCL INFO RRTRACE ncclTopoGetNetDev: rank 0 peer 1 ch 1 -> netDev 0 (netId 0x0) graph=1
[1,0]<stdout>:appmana-023:61108:61108 [0] NCCL INFO Channel 01/0 : 0[0] -> 1[0] [send] via NET/IB/0
[1,1]<stdout>:appmana-025:63654:63679 [0] NCCL INFO NET/IB: ncclIbResiliencyInit: Resiliency is disabled on the send communicator (comm=0x7a7c44010000)
[1,0]<stdout>:appmana-023:61108:61138 [0] NCCL INFO NET/IB: ncclIbResiliencyInit: Resiliency is disabled on the send communicator (comm=0x7394cc010000)
[1,1]<stdout>:appmana-025:63654:63679 [0] NCCL INFO NET/IB: ncclIbResiliencyInit: Resiliency is disabled on the recv communicator (comm=0x7a7c44054000)
[1,1]<stdout>:appmana-025:63654:63679 [0] NCCL INFO NET/IB: ncclIbRecvCommInit: Receive work requests will be posted on-demand
[1,0]<stdout>:appmana-023:61108:61138 [0] NCCL INFO NET/IB: ncclIbSenderQpsCreate: QP created: port=1 dev=0 devName=usb4_rdma0 ndevs=1 nmdevs=1 qp_num=154 pkey=0 pd=0x7394cc00c500 oooRq=0
[1,0]<stdout>:appmana-023:61108:61138 [0] NCCL INFO Call to ibv_query_ece not supported
[1,0]<stdout>:appmana-023:61108:61138 [0] NCCL INFO NCCL_IB_ADDR_FAMILY set by environment to AF_INET6
[1,1]<stdout>:appmana-025:63654:63679 [0] NCCL INFO NET/IB: ncclIbResiliencyInit: Resiliency is disabled on the send communicator (comm=0x7a7c4409c000)
[1,1]<stdout>:appmana-025:63654:63679 [0] NCCL INFO NET/IB: ncclIbResiliencyInit: Resiliency is disabled on the recv communicator (comm=0x7a7c440e0000)
[1,1]<stdout>:appmana-025:63654:63679 [0] NCCL INFO NET/IB: ncclIbRecvCommInit: Receive work requests will be posted on-demand
[1,0]<stdout>:appmana-023:61108:61138 [0] NCCL INFO NET/IB: ncclIbConnectImpl: NCCL Dev 0 IbDev 0 Port 1 qp_num 154 mtu 5 GID 1 (234AC4268DBC3DFD/100000000000000) ctsFifoRkey=0x2294 ctsFifoLkey=0x2294
[1,0]<stdout>:appmana-023:61108:61138 [0] NCCL INFO NET/IB: ncclIbResiliencyInit: Resiliency is disabled on the recv communicator (comm=0x7394cc054000)
[1,0]<stdout>:appmana-023:61108:61138 [0] NCCL INFO NET/IB: ncclIbRecvCommInit: Receive work requests will be posted on-demand
[1,1]<stdout>:appmana-025:63654:63679 [0] NCCL INFO NET/IB: ncclIbSenderQpsCreate: QP created: port=1 dev=0 devName=usb4_rdma0 ndevs=1 nmdevs=1 qp_num=154 pkey=0 pd=0x7a7c4400ce70 oooRq=0
[1,1]<stdout>:appmana-025:63654:63679 [0] NCCL INFO Call to ibv_query_ece not supported
[1,1]<stdout>:appmana-025:63654:63679 [0] NCCL INFO NCCL_IB_ADDR_FAMILY set by environment to AF_INET6
[1,0]<stdout>:appmana-023:61108:61138 [0] NCCL INFO NET/IB: ncclIbResiliencyInit: Resiliency is disabled on the send communicator (comm=0x7394cc09c000)
[1,1]<stdout>:appmana-025:63654:63679 [0] NCCL INFO NET/IB: ncclIbConnectImpl: NCCL Dev 0 IbDev 0 Port 1 qp_num 154 mtu 5 GID 1 (234AC4268DBC3DFD/200000000000000) ctsFifoRkey=0x220e ctsFifoLkey=0x220e
[1,1]<stdout>:appmana-025:63654:63679 [0] NCCL INFO NCCL_IB_ADDR_FAMILY set by environment to AF_INET6
[1,0]<stdout>:appmana-023:61108:61138 [0] NCCL INFO NCCL_IB_ADDR_FAMILY set by environment to AF_INET6
[1,1]<stdout>:appmana-025:63654:63679 [0] NCCL INFO NET/IB: ncclIbReceiverQpsCreateToRts: QP created: port=1 dev=0 devName=usb4_rdma0 ndevs=1 nmdevs=1 qp_num=155 pkey=0 pd=0x7a7c4400ce70 oooRq=0
[1,0]<stdout>:appmana-023:61108:61138 [0] NCCL INFO NET/IB: ncclIbReceiverQpsCreateToRts: QP created: port=1 dev=0 devName=usb4_rdma0 ndevs=1 nmdevs=1 qp_num=155 pkey=0 pd=0x7394cc00c500 oooRq=0
[1,0]<stdout>:appmana-023:61108:61138 [0] NCCL INFO NET/IB: ncclIbSenderQpsCreate: QP created: port=1 dev=0 devName=usb4_rdma0 ndevs=1 nmdevs=1 qp_num=156 pkey=0 pd=0x7394cc00c500 oooRq=0
[1,0]<stdout>:appmana-023:61108:61138 [0] NCCL INFO Call to ibv_query_ece not supported
[1,0]<stdout>:appmana-023:61108:61138 [0] NCCL INFO NCCL_IB_ADDR_FAMILY set by environment to AF_INET6
[1,0]<stdout>:appmana-023:61108:61138 [0] NCCL INFO NET/IB: ncclIbConnectImpl: NCCL Dev 0 IbDev 0 Port 1 qp_num 156 mtu 5 GID 1 (234AC4268DBC3DFD/100000000000000) ctsFifoRkey=0x26d4 ctsFifoLkey=0x26d4
[1,0]<stdout>:appmana-023:61108:61138 [0] NCCL INFO NET/IB: ncclIbResiliencyInit: Resiliency is disabled on the recv communicator (comm=0x7394cc0e0000)
[1,0]<stdout>:appmana-023:61108:61138 [0] NCCL INFO NET/IB: ncclIbRecvCommInit: Receive work requests will be posted on-demand
[1,1]<stdout>:appmana-025:63654:63679 [0] NCCL INFO NET/IB: ncclIbSenderQpsCreate: QP created: port=1 dev=0 devName=usb4_rdma0 ndevs=1 nmdevs=1 qp_num=156 pkey=0 pd=0x7a7c4400ce70 oooRq=0
[1,1]<stdout>:appmana-025:63654:63679 [0] NCCL INFO Call to ibv_query_ece not supported
[1,1]<stdout>:appmana-025:63654:63679 [0] NCCL INFO NCCL_IB_ADDR_FAMILY set by environment to AF_INET6
[1,1]<stdout>:appmana-025:63654:63679 [0] NCCL INFO NET/IB: ncclIbConnectImpl: NCCL Dev 0 IbDev 0 Port 1 qp_num 156 mtu 5 GID 1 (234AC4268DBC3DFD/200000000000000) ctsFifoRkey=0x2d9f ctsFifoLkey=0x2d9f
[1,1]<stdout>:appmana-025:63654:63679 [0] NCCL INFO NCCL_IB_ADDR_FAMILY set by environment to AF_INET6
[1,1]<stdout>:appmana-025:63654:63679 [0] NCCL INFO NET/IB: ncclIbReceiverQpsCreateToRts: QP created: port=1 dev=0 devName=usb4_rdma0 ndevs=1 nmdevs=1 qp_num=157 pkey=0 pd=0x7a7c4400ce70 oooRq=0
[1,0]<stdout>:appmana-023:61108:61138 [0] NCCL INFO NCCL_IB_ADDR_FAMILY set by environment to AF_INET6
[1,0]<stdout>:appmana-023:61108:61138 [0] NCCL INFO NET/IB: ncclIbReceiverQpsCreateToRts: QP created: port=1 dev=0 devName=usb4_rdma0 ndevs=1 nmdevs=1 qp_num=157 pkey=0 pd=0x7394cc00c500 oooRq=0
[1,0]<stdout>:appmana-023:61108:61108 [0] NCCL INFO Connected all rings, use ring PXN 0 GDR 0
[1,0]<stdout>:appmana-023:61108:61108 [0] NCCL INFO AllGather: 16 Bytes -> Algo RING proto SIMPLE channel{Lo..Hi}={0..0}
[1,1]<stdout>:appmana-025:63654:63654 [0] NCCL INFO Connected all rings, use ring PXN 0 GDR 0
[1,0]<stdout>:appmana-023:61108:61108 [0] NCCL INFO AllGather: 32 Bytes -> Algo RING proto SIMPLE channel{Lo..Hi}={0..0}
[1,0]<stdout>:appmana-023:61108:61108 [0] NCCL INFO AllGather: 64 Bytes -> Algo RING proto SIMPLE channel{Lo..Hi}={0..0}
[1,0]<stdout>:appmana-023:61108:61108 [0] NCCL INFO AllGather: 128 Bytes -> Algo RING proto SIMPLE channel{Lo..Hi}={0..0}
[1,0]<stdout>:appmana-023:61108:61108 [0] NCCL INFO AllGather: 256 Bytes -> Algo RING proto SIMPLE channel{Lo..Hi}={0..0}
[1,0]<stdout>:appmana-023:61108:61108 [0] NCCL INFO AllGather: 512 Bytes -> Algo RING proto SIMPLE channel{Lo..Hi}={0..0}
[1,0]<stdout>:appmana-023:61108:61108 [0] NCCL INFO AllGather: 1024 Bytes -> Algo RING proto SIMPLE channel{Lo..Hi}={0..0}
[1,0]<stdout>:appmana-023:61108:61108 [0] NCCL INFO AllGather: 2048 Bytes -> Algo RING proto SIMPLE channel{Lo..Hi}={0..0}
[1,0]<stdout>:appmana-023:61108:61108 [0] NCCL INFO AllGather: 4096 Bytes -> Algo RING proto SIMPLE channel{Lo..Hi}={0..0}
[1,0]<stdout>:appmana-023:61108:61108 [0] NCCL INFO AllGather: 8192 Bytes -> Algo RING proto SIMPLE channel{Lo..Hi}={0..0}
[1,0]<stdout>:appmana-023:61108:61108 [0] NCCL INFO AllGather: 16384 Bytes -> Algo RING proto SIMPLE channel{Lo..Hi}={0..0}
[1,0]<stdout>:appmana-023:61108:61108 [0] NCCL INFO AllGather: 32768 Bytes -> Algo RING proto SIMPLE channel{Lo..Hi}={0..1}
[1,0]<stdout>:appmana-023:61108:61108 [0] NCCL INFO AllGather: 65536 Bytes -> Algo RING proto SIMPLE channel{Lo..Hi}={0..1}
[1,0]<stdout>:appmana-023:61108:61108 [0] NCCL INFO AllGather: 131072 Bytes -> Algo RING proto SIMPLE channel{Lo..Hi}={0..1}
[1,0]<stdout>:appmana-023:61108:61108 [0] NCCL INFO AllGather: 262144 Bytes -> Algo RING proto SIMPLE channel{Lo..Hi}={0..1}
[1,0]<stdout>:appmana-023:61108:61108 [0] NCCL INFO AllGather: 524288 Bytes -> Algo RING proto SIMPLE channel{Lo..Hi}={0..1}
[1,0]<stdout>:appmana-023:61108:61108 [0] NCCL INFO AllGather: 1048576 Bytes -> Algo RING proto SIMPLE channel{Lo..Hi}={0..1}
[1,0]<stdout>:appmana-023:61108:61108 [0] NCCL INFO AllGather: 2097152 Bytes -> Algo RING proto SIMPLE channel{Lo..Hi}={0..1}
[1,0]<stdout>:appmana-023:61108:61108 [0] NCCL INFO AllGather: 4194304 Bytes -> Algo RING proto SIMPLE channel{Lo..Hi}={0..1}
[1,0]<stdout>:appmana-023:61108:61108 [0] NCCL INFO AllGather: 8388608 Bytes -> Algo RING proto SIMPLE channel{Lo..Hi}={0..1}
[1,0]<stdout>:appmana-023:61108:61108 [0] NCCL INFO AllGather: 16777216 Bytes -> Algo RING proto SIMPLE channel{Lo..Hi}={0..1}
[1,0]<stdout>:appmana-023:61108:61108 [0] NCCL INFO AllGather: 33554432 Bytes -> Algo RING proto SIMPLE channel{Lo..Hi}={0..1}
[1,0]<stdout>:appmana-023:61108:61108 [0] NCCL INFO AllGather: 67108864 Bytes -> Algo RING proto SIMPLE channel{Lo..Hi}={0..1}
[1,0]<stdout>:appmana-023:61108:61108 [0] NCCL INFO AllGather: 134217728 Bytes -> Algo RING proto SIMPLE channel{Lo..Hi}={0..1}
[1,0]<stdout>:           0             0     float    none      -1     0.77    0.00    0.00       0     0.73    0.00    0.00       0
[1,0]<stdout>:           0             0     float    none      -1     0.73    0.00    0.00       0     0.75    0.00    0.00       0
[1,0]<stdout>:          32             4     float    none      -1appmana-023:61108:61108 [0] NCCL INFO AllGather: 16 Bytes -> Algo RING proto SIMPLE channel{Lo..Hi}={0..0}
[1,0]<stdout>:appmana-023:61108:61108 [0] NCCL INFO AllGather: 16 Bytes -> Algo RING proto SIMPLE channel{Lo..Hi}={0..0}
[1,0]<stdout>:appmana-023:61108:61108 [0] NCCL INFO AllGather: 16 Bytes -> Algo RING proto SIMPLE channel{Lo..Hi}={0..0}
[1,0]<stdout>:appmana-023:61108:61108 [0] NCCL INFO AllGather: 16 Bytes -> Algo RING proto SIMPLE channel{Lo..Hi}={0..0}
[1,0]<stdout>:appmana-023:61108:61108 [0] NCCL INFO AllGather: 16 Bytes -> Algo RING proto SIMPLE channel{Lo..Hi}={0..0}
[1,0]<stdout>:appmana-023:61108:61108 [0] NCCL INFO AllGather: 16 Bytes -> Algo RING proto SIMPLE channel{Lo..Hi}={0..0}
[1,0]<stdout>:appmana-023:61108:61108 [0] NCCL INFO AllGather: 16 Bytes -> Algo RING proto SIMPLE channel{Lo..Hi}={0..0}
[1,0]<stdout>:appmana-023:61108:61108 [0] NCCL INFO AllGather: 16 Bytes -> Algo RING proto SIMPLE channel{Lo..Hi}={0..0}
[1,0]<stdout>:appmana-023:61108:61108 [0] NCCL INFO AllGather: 16 Bytes -> Algo RING proto SIMPLE channel{Lo..Hi}={0..0}
[1,0]<stdout>:appmana-023:61108:61108 [0] NCCL INFO AllGather: 16 Bytes -> Algo RING proto SIMPLE channel{Lo..Hi}={0..0}
[1,0]<stdout>:appmana-023:61108:61108 [0] NCCL INFO AllGather: 16 Bytes -> Algo RING proto SIMPLE channel{Lo..Hi}={0..0}
[1,0]<stdout>:appmana-023:61108:61108 [0] NCCL INFO AllGather: 16 Bytes -> Algo RING proto SIMPLE channel{Lo..Hi}={0..0}
[1,0]<stdout>:appmana-023:61108:61108 [0] NCCL INFO AllGather: 16 Bytes -> Algo RING proto SIMPLE channel{Lo..Hi}={0..0}
[1,0]<stdout>:appmana-023:61108:61108 [0] NCCL INFO AllGather: 16 Bytes -> Algo RING proto SIMPLE channel{Lo..Hi}={0..0}
[1,0]<stdout>:appmana-023:61108:61108 [0] NCCL INFO AllGather: 16 Bytes -> Algo RING proto SIMPLE channel{Lo..Hi}={0..0}
[1,0]<stdout>:appmana-023:61108:61108 [0] NCCL INFO AllGather: 16 Bytes -> Algo RING proto SIMPLE channel{Lo..Hi}={0..0}
[1,0]<stdout>:appmana-023:61108:61108 [0] NCCL INFO AllGather: 16 Bytes -> Algo RING proto SIMPLE channel{Lo..Hi}={0..0}
[1,0]<stdout>:appmana-023:61108:61108 [0] NCCL INFO AllGather: 16 Bytes -> Algo RING proto SIMPLE channel{Lo..Hi}={0..0}
[1,0]<stdout>:appmana-023:61108:61108 [0] NCCL INFO AllGather: 16 Bytes -> Algo RING proto SIMPLE channel{Lo..Hi}={0..0}
[1,0]<stdout>:appmana-023:61108:61108 [0] NCCL INFO AllGather: 16 Bytes -> Algo RING proto SIMPLE channel{Lo..Hi}={0..0}
[1,0]<stdout>:appmana-023:61108:61108 [0] NCCL INFO AllGather: 16 Bytes -> Algo RING proto SIMPLE channel{Lo..Hi}={0..0}
[1,0]<stdout>:appmana-023:61108:61108 [0] NCCL INFO AllGather: 16 Bytes -> Algo RING proto SIMPLE channel{Lo..Hi}={0..0}
[1,0]<stdout>:    48.54    0.00    0.00       0appmana-023:61108:61108 [0] NCCL INFO AllGather: 16 Bytes -> Algo RING proto SIMPLE channel{Lo..Hi}={0..0}
[1,0]<stdout>:appmana-023:61108:61108 [0] NCCL INFO AllGather: 16 Bytes -> Algo RING proto SIMPLE channel{Lo..Hi}={0..0}
[1,0]<stdout>:appmana-023:61108:61108 [0] NCCL INFO AllGather: 16 Bytes -> Algo RING proto SIMPLE channel{Lo..Hi}={0..0}
[1,0]<stdout>:appmana-023:61108:61108 [0] NCCL INFO AllGather: 16 Bytes -> Algo RING proto SIMPLE channel{Lo..Hi}={0..0}
[1,0]<stdout>:appmana-023:61108:61108 [0] NCCL INFO AllGather: 16 Bytes -> Algo RING proto SIMPLE channel{Lo..Hi}={0..0}
[1,0]<stdout>:appmana-023:61108:61108 [0] NCCL INFO AllGather: 16 Bytes -> Algo RING proto SIMPLE channel{Lo..Hi}={0..0}
[1,0]<stdout>:appmana-023:61108:61108 [0] NCCL INFO AllGather: 16 Bytes -> Algo RING proto SIMPLE channel{Lo..Hi}={0..0}
[1,0]<stdout>:appmana-023:61108:61108 [0] NCCL INFO AllGather: 16 Bytes -> Algo RING proto SIMPLE channel{Lo..Hi}={0..0}
[1,0]<stdout>:appmana-023:61108:61108 [0] NCCL INFO AllGather: 16 Bytes -> Algo RING proto SIMPLE channel{Lo..Hi}={0..0}
[1,0]<stdout>:appmana-023:61108:61108 [0] NCCL INFO AllGather: 16 Bytes -> Algo RING proto SIMPLE channel{Lo..Hi}={0..0}
[1,0]<stdout>:appmana-023:61108:61108 [0] NCCL INFO AllGather: 16 Bytes -> Algo RING proto SIMPLE channel{Lo..Hi}={0..0}
[1,0]<stdout>:appmana-023:61108:61108 [0] NCCL INFO AllGather: 16 Bytes -> Algo RING proto SIMPLE channel{Lo..Hi}={0..0}
[1,0]<stdout>:appmana-023:61108:61108 [0] NCCL INFO AllGather: 16 Bytes -> Algo RING proto SIMPLE channel{Lo..Hi}={0..0}
[1,0]<stdout>:appmana-023:61108:61108 [0] NCCL INFO AllGather: 16 Bytes -> Algo RING proto SIMPLE channel{Lo..Hi}={0..0}
[1,0]<stdout>:appmana-023:61108:61108 [0] NCCL INFO AllGather: 16 Bytes -> Algo RING proto SIMPLE channel{Lo..Hi}={0..0}
[1,0]<stdout>:appmana-023:61108:61108 [0] NCCL INFO AllGather: 16 Bytes -> Algo RING proto SIMPLE channel{Lo..Hi}={0..0}
[1,0]<stdout>:appmana-023:61108:61108 [0] NCCL INFO AllGather: 16 Bytes -> Algo RING proto SIMPLE channel{Lo..Hi}={0..0}
[1,0]<stdout>:appmana-023:61108:61108 [0] NCCL INFO AllGather: 16 Bytes -> Algo RING proto SIMPLE channel{Lo..Hi}={0..0}
[1,0]<stdout>:appmana-023:61108:61108 [0] NCCL INFO AllGather: 16 Bytes -> Algo RING proto SIMPLE channel{Lo..Hi}={0..0}
[1,0]<stdout>:appmana-023:61108:61108 [0] NCCL INFO AllGather: 16 Bytes -> Algo RING proto SIMPLE channel{Lo..Hi}={0..0}
[1,0]<stdout>:appmana-023:61108:61108 [0] NCCL INFO AllGather: 16 Bytes -> Algo RING proto SIMPLE channel{Lo..Hi}={0..0}
[1,0]<stdout>:appmana-023:61108:61108 [0] NCCL INFO AllGather: 16 Bytes -> Algo RING proto SIMPLE channel{Lo..Hi}={0..0}
[1,0]<stdout>:    46.80    0.00    0.00       0
[1,0]<stdout>:          64             8     float    none      -1appmana-023:61108:61108 [0] NCCL INFO AllGather: 32 Bytes -> Algo RING proto SIMPLE channel{Lo..Hi}={0..0}
[1,0]<stdout>:appmana-023:61108:61108 [0] NCCL INFO AllGather: 32 Bytes -> Algo RING proto SIMPLE channel{Lo..Hi}={0..0}
[1,0]<stdout>:appmana-023:61108:61108 [0] NCCL INFO AllGather: 32 Bytes -> Algo RING proto SIMPLE channel{Lo..Hi}={0..0}
[1,0]<stdout>:appmana-023:61108:61108 [0] NCCL INFO AllGather: 32 Bytes -> Algo RING proto SIMPLE channel{Lo..Hi}={0..0}
[1,0]<stdout>:appmana-023:61108:61108 [0] NCCL INFO AllGather: 32 Bytes -> Algo RING proto SIMPLE channel{Lo..Hi}={0..0}
[1,0]<stdout>:appmana-023:61108:61108 [0] NCCL INFO AllGather: 32 Bytes -> Algo RING proto SIMPLE channel{Lo..Hi}={0..0}
[1,0]<stdout>:appmana-023:61108:61108 [0] NCCL INFO AllGather: 32 Bytes -> Algo RING proto SIMPLE channel{Lo..Hi}={0..0}
[1,0]<stdout>:appmana-023:61108:61108 [0] NCCL INFO AllGather: 32 Bytes -> Algo RING proto SIMPLE channel{Lo..Hi}={0..0}
[1,0]<stdout>:appmana-023:61108:61108 [0] NCCL INFO AllGather: 32 Bytes -> Algo RING proto SIMPLE channel{Lo..Hi}={0..0}
[1,0]<stdout>:appmana-023:61108:61108 [0] NCCL INFO AllGather: 32 Bytes -> Algo RING proto SIMPLE channel{Lo..Hi}={0..0}
[1,0]<stdout>:appmana-023:61108:61108 [0] NCCL INFO AllGather: 32 Bytes -> Algo RING proto SIMPLE channel{Lo..Hi}={0..0}
[1,0]<stdout>:appmana-023:61108:61108 [0] NCCL INFO AllGather: 32 Bytes -> Algo RING proto SIMPLE channel{Lo..Hi}={0..0}
[1,0]<stdout>:appmana-023:61108:61108 [0] NCCL INFO AllGather: 32 Bytes -> Algo RING proto SIMPLE channel{Lo..Hi}={0..0}
[1,0]<stdout>:appmana-023:61108:61108 [0] NCCL INFO AllGather: 32 Bytes -> Algo RING proto SIMPLE channel{Lo..Hi}={0..0}
[1,0]<stdout>:appmana-023:61108:61108 [0] NCCL INFO AllGather: 32 Bytes -> Algo RING proto SIMPLE channel{Lo..Hi}={0..0}
[1,0]<stdout>:appmana-023:61108:61108 [0] NCCL INFO AllGather: 32 Bytes -> Algo RING proto SIMPLE channel{Lo..Hi}={0..0}
[1,0]<stdout>:appmana-023:61108:61108 [0] NCCL INFO AllGather: 32 Bytes -> Algo RING proto SIMPLE channel{Lo..Hi}={0..0}
[1,0]<stdout>:appmana-023:61108:61108 [0] NCCL INFO AllGather: 32 Bytes -> Algo RING proto SIMPLE channel{Lo..Hi}={0..0}
[1,0]<stdout>:appmana-023:61108:61108 [0] NCCL INFO AllGather: 32 Bytes -> Algo RING proto SIMPLE channel{Lo..Hi}={0..0}
[1,0]<stdout>:appmana-023:61108:61108 [0] NCCL INFO AllGather: 32 Bytes -> Algo RING proto SIMPLE channel{Lo..Hi}={0..0}
[1,0]<stdout>:appmana-023:61108:61108 [0] NCCL INFO AllGather: 32 Bytes -> Algo RING proto SIMPLE channel{Lo..Hi}={0..0}
[1,0]<stdout>:appmana-023:61108:61108 [0] NCCL INFO AllGather: 32 Bytes -> Algo RING proto SIMPLE channel{Lo..Hi}={0..0}
[1,0]<stdout>:    45.79    0.00    0.00       0appmana-023:61108:61108 [0] NCCL INFO AllGather: 32 Bytes -> Algo RING proto SIMPLE channel{Lo..Hi}={0..0}
[1,0]<stdout>:appmana-023:61108:61108 [0] NCCL INFO AllGather: 32 Bytes -> Algo RING proto SIMPLE channel{Lo..Hi}={0..0}
[1,0]<stdout>:appmana-023:61108:61108 [0] NCCL INFO AllGather: 32 Bytes -> Algo RING proto SIMPLE channel{Lo..Hi}={0..0}
[1,0]<stdout>:appmana-023:61108:61108 [0] NCCL INFO AllGather: 32 Bytes -> Algo RING proto SIMPLE channel{Lo..Hi}={0..0}
[1,0]<stdout>:appmana-023:61108:61108 [0] NCCL INFO AllGather: 32 Bytes -> Algo RING proto SIMPLE channel{Lo..Hi}={0..0}
[1,0]<stdout>:appmana-023:61108:61108 [0] NCCL INFO AllGather: 32 Bytes -> Algo RING proto SIMPLE channel{Lo..Hi}={0..0}
[1,0]<stdout>:appmana-023:61108:61108 [0] NCCL INFO AllGather: 32 Bytes -> Algo RING proto SIMPLE channel{Lo..Hi}={0..0}
[1,0]<stdout>:appmana-023:61108:61108 [0] NCCL INFO AllGather: 32 Bytes -> Algo RING proto SIMPLE channel{Lo..Hi}={0..0}
[1,0]<stdout>:appmana-023:61108:61108 [0] NCCL INFO AllGather: 32 Bytes -> Algo RING proto SIMPLE channel{Lo..Hi}={0..0}
[1,0]<stdout>:appmana-023:61108:61108 [0] NCCL INFO AllGather: 32 Bytes -> Algo RING proto SIMPLE channel{Lo..Hi}={0..0}
[1,0]<stdout>:appmana-023:61108:61108 [0] NCCL INFO AllGather: 32 Bytes -> Algo RING proto SIMPLE channel{Lo..Hi}={0..0}
[1,0]<stdout>:appmana-023:61108:61108 [0] NCCL INFO AllGather: 32 Bytes -> Algo RING proto SIMPLE channel{Lo..Hi}={0..0}
[1,0]<stdout>:appmana-023:61108:61108 [0] NCCL INFO AllGather: 32 Bytes -> Algo RING proto SIMPLE channel{Lo..Hi}={0..0}
[1,0]<stdout>:appmana-023:61108:61108 [0] NCCL INFO AllGather: 32 Bytes -> Algo RING proto SIMPLE channel{Lo..Hi}={0..0}
[1,0]<stdout>:appmana-023:61108:61108 [0] NCCL INFO AllGather: 32 Bytes -> Algo RING proto SIMPLE channel{Lo..Hi}={0..0}
[1,0]<stdout>:appmana-023:61108:61108 [0] NCCL INFO AllGather: 32 Bytes -> Algo RING proto SIMPLE channel{Lo..Hi}={0..0}
[1,0]<stdout>:appmana-023:61108:61108 [0] NCCL INFO AllGather: 32 Bytes -> Algo RING proto SIMPLE channel{Lo..Hi}={0..0}
[1,0]<stdout>:appmana-023:61108:61108 [0] NCCL INFO AllGather: 32 Bytes -> Algo RING proto SIMPLE channel{Lo..Hi}={0..0}
[1,0]<stdout>:appmana-023:61108:61108 [0] NCCL INFO AllGather: 32 Bytes -> Algo RING proto SIMPLE channel{Lo..Hi}={0..0}
[1,0]<stdout>:appmana-023:61108:61108 [0] NCCL INFO AllGather: 32 Bytes -> Algo RING proto SIMPLE channel{Lo..Hi}={0..0}
[1,0]<stdout>:appmana-023:61108:61108 [0] NCCL INFO AllGather: 32 Bytes -> Algo RING proto SIMPLE channel{Lo..Hi}={0..0}
[1,0]<stdout>:appmana-023:61108:61108 [0] NCCL INFO AllGather: 32 Bytes -> Algo RING proto SIMPLE channel{Lo..Hi}={0..0}
[1,0]<stdout>:    47.63    0.00    0.00       0
[1,0]<stdout>:         128            16     float    none      -1appmana-023:61108:61108 [0] NCCL INFO AllGather: 64 Bytes -> Algo RING proto SIMPLE channel{Lo..Hi}={0..0}
[1,0]<stdout>:appmana-023:61108:61108 [0] NCCL INFO AllGather: 64 Bytes -> Algo RING proto SIMPLE channel{Lo..Hi}={0..0}
[1,0]<stdout>:appmana-023:61108:61108 [0] NCCL INFO AllGather: 64 Bytes -> Algo RING proto SIMPLE channel{Lo..Hi}={0..0}
[1,0]<stdout>:appmana-023:61108:61108 [0] NCCL INFO AllGather: 64 Bytes -> Algo RING proto SIMPLE channel{Lo..Hi}={0..0}
[1,0]<stdout>:appmana-023:61108:61108 [0] NCCL INFO AllGather: 64 Bytes -> Algo RING proto SIMPLE channel{Lo..Hi}={0..0}
[1,0]<stdout>:appmana-023:61108:61108 [0] NCCL INFO AllGather: 64 Bytes -> Algo RING proto SIMPLE channel{Lo..Hi}={0..0}
[1,0]<stdout>:appmana-023:61108:61108 [0] NCCL INFO AllGather: 64 Bytes -> Algo RING proto SIMPLE channel{Lo..Hi}={0..0}
[1,0]<stdout>:appmana-023:61108:61108 [0] NCCL INFO AllGather: 64 Bytes -> Algo RING proto SIMPLE channel{Lo..Hi}={0..0}
[1,0]<stdout>:appmana-023:61108:61108 [0] NCCL INFO AllGather: 64 Bytes -> Algo RING proto SIMPLE channel{Lo..Hi}={0..0}
[1,0]<stdout>:appmana-023:61108:61108 [0] NCCL INFO AllGather: 64 Bytes -> Algo RING proto SIMPLE channel{Lo..Hi}={0..0}
[1,0]<stdout>:appmana-023:61108:61108 [0] NCCL INFO AllGather: 64 Bytes -> Algo RING proto SIMPLE channel{Lo..Hi}={0..0}
[1,0]<stdout>:appmana-023:61108:61108 [0] NCCL INFO AllGather: 64 Bytes -> Algo RING proto SIMPLE channel{Lo..Hi}={0..0}
[1,0]<stdout>:appmana-023:61108:61108 [0] NCCL INFO AllGather: 64 Bytes -> Algo RING proto SIMPLE channel{Lo..Hi}={0..0}
[1,0]<stdout>:appmana-023:61108:61108 [0] NCCL INFO AllGather: 64 Bytes -> Algo RING proto SIMPLE channel{Lo..Hi}={0..0}
[1,0]<stdout>:appmana-023:61108:61108 [0] NCCL INFO AllGather: 64 Bytes -> Algo RING proto SIMPLE channel{Lo..Hi}={0..0}
[1,0]<stdout>:appmana-023:61108:61108 [0] NCCL INFO AllGather: 64 Bytes -> Algo RING proto SIMPLE channel{Lo..Hi}={0..0}
[1,0]<stdout>:appmana-023:61108:61108 [0] NCCL INFO AllGather: 64 Bytes -> Algo RING proto SIMPLE channel{Lo..Hi}={0..0}
[1,0]<stdout>:appmana-023:61108:61108 [0] NCCL INFO AllGather: 64 Bytes -> Algo RING proto SIMPLE channel{Lo..Hi}={0..0}
[1,0]<stdout>:appmana-023:61108:61108 [0] NCCL INFO AllGather: 64 Bytes -> Algo RING proto SIMPLE channel{Lo..Hi}={0..0}
[1,0]<stdout>:appmana-023:61108:61108 [0] NCCL INFO AllGather: 64 Bytes -> Algo RING proto SIMPLE channel{Lo..Hi}={0..0}
[1,0]<stdout>:appmana-023:61108:61108 [0] NCCL INFO AllGather: 64 Bytes -> Algo RING proto SIMPLE channel{Lo..Hi}={0..0}
[1,0]<stdout>:appmana-023:61108:61108 [0] NCCL INFO AllGather: 64 Bytes -> Algo RING proto SIMPLE channel{Lo..Hi}={0..0}
[1,0]<stdout>:    48.75    0.00    0.00       0appmana-023:61108:61108 [0] NCCL INFO AllGather: 64 Bytes -> Algo RING proto SIMPLE channel{Lo..Hi}={0..0}
[1,0]<stdout>:appmana-023:61108:61108 [0] NCCL INFO AllGather: 64 Bytes -> Algo RING proto SIMPLE channel{Lo..Hi}={0..0}
[1,0]<stdout>:appmana-023:61108:61108 [0] NCCL INFO AllGather: 64 Bytes -> Algo RING proto SIMPLE channel{Lo..Hi}={0..0}
[1,0]<stdout>:appmana-023:61108:61108 [0] NCCL INFO AllGather: 64 Bytes -> Algo RING proto SIMPLE channel{Lo..Hi}={0..0}
[1,0]<stdout>:appmana-023:61108:61108 [0] NCCL INFO AllGather: 64 Bytes -> Algo RING proto SIMPLE channel{Lo..Hi}={0..0}
[1,0]<stdout>:appmana-023:61108:61108 [0] NCCL INFO AllGather: 64 Bytes -> Algo RING proto SIMPLE channel{Lo..Hi}={0..0}
[1,0]<stdout>:appmana-023:61108:61108 [0] NCCL INFO AllGather: 64 Bytes -> Algo RING proto SIMPLE channel{Lo..Hi}={0..0}
[1,0]<stdout>:appmana-023:61108:61108 [0] NCCL INFO AllGather: 64 Bytes -> Algo RING proto SIMPLE channel{Lo..Hi}={0..0}
[1,0]<stdout>:appmana-023:61108:61108 [0] NCCL INFO AllGather: 64 Bytes -> Algo RING proto SIMPLE channel{Lo..Hi}={0..0}
[1,0]<stdout>:appmana-023:61108:61108 [0] NCCL INFO AllGather: 64 Bytes -> Algo RING proto SIMPLE channel{Lo..Hi}={0..0}
[1,0]<stdout>:appmana-023:61108:61108 [0] NCCL INFO AllGather: 64 Bytes -> Algo RING proto SIMPLE channel{Lo..Hi}={0..0}
[1,0]<stdout>:appmana-023:61108:61108 [0] NCCL INFO AllGather: 64 Bytes -> Algo RING proto SIMPLE channel{Lo..Hi}={0..0}
[1,0]<stdout>:appmana-023:61108:61108 [0] NCCL INFO AllGather: 64 Bytes -> Algo RING proto SIMPLE channel{Lo..Hi}={0..0}
[1,0]<stdout>:appmana-023:61108:61108 [0] NCCL INFO AllGather: 64 Bytes -> Algo RING proto SIMPLE channel{Lo..Hi}={0..0}
[1,0]<stdout>:appmana-023:61108:61108 [0] NCCL INFO AllGather: 64 Bytes -> Algo RING proto SIMPLE channel{Lo..Hi}={0..0}
[1,0]<stdout>:appmana-023:61108:61108 [0] NCCL INFO AllGather: 64 Bytes -> Algo RING proto SIMPLE channel{Lo..Hi}={0..0}
[1,0]<stdout>:appmana-023:61108:61108 [0] NCCL INFO AllGather: 64 Bytes -> Algo RING proto SIMPLE channel{Lo..Hi}={0..0}
[1,0]<stdout>:appmana-023:61108:61108 [0] NCCL INFO AllGather: 64 Bytes -> Algo RING proto SIMPLE channel{Lo..Hi}={0..0}
[1,0]<stdout>:appmana-023:61108:61108 [0] NCCL INFO AllGather: 64 Bytes -> Algo RING proto SIMPLE channel{Lo..Hi}={0..0}
[1,0]<stdout>:appmana-023:61108:61108 [0] NCCL INFO AllGather: 64 Bytes -> Algo RING proto SIMPLE channel{Lo..Hi}={0..0}
[1,0]<stdout>:appmana-023:61108:61108 [0] NCCL INFO AllGather: 64 Bytes -> Algo RING proto SIMPLE channel{Lo..Hi}={0..0}
[1,0]<stdout>:appmana-023:61108:61108 [0] NCCL INFO AllGather: 64 Bytes -> Algo RING proto SIMPLE channel{Lo..Hi}={0..0}
[1,0]<stdout>:    47.52    0.00    0.00       0
[1,0]<stdout>:         256            32     float    none      -1appmana-023:61108:61108 [0] NCCL INFO AllGather: 128 Bytes -> Algo RING proto SIMPLE channel{Lo..Hi}={0..0}
[1,0]<stdout>:appmana-023:61108:61108 [0] NCCL INFO AllGather: 128 Bytes -> Algo RING proto SIMPLE channel{Lo..Hi}={0..0}
[1,0]<stdout>:appmana-023:61108:61108 [0] NCCL INFO AllGather: 128 Bytes -> Algo RING proto SIMPLE channel{Lo..Hi}={0..0}
[1,0]<stdout>:appmana-023:61108:61108 [0] NCCL INFO AllGather: 128 Bytes -> Algo RING proto SIMPLE channel{Lo..Hi}={0..0}
[1,0]<stdout>:appmana-023:61108:61108 [0] NCCL INFO AllGather: 128 Bytes -> Algo RING proto SIMPLE channel{Lo..Hi}={0..0}
[1,0]<stdout>:appmana-023:61108:61108 [0] NCCL INFO AllGather: 128 Bytes -> Algo RING proto SIMPLE channel{Lo..Hi}={0..0}
[1,0]<stdout>:appmana-023:61108:61108 [0] NCCL INFO AllGather: 128 Bytes -> Algo RING proto SIMPLE channel{Lo..Hi}={0..0}
[1,0]<stdout>:appmana-023:61108:61108 [0] NCCL INFO AllGather: 128 Bytes -> Algo RING proto SIMPLE channel{Lo..Hi}={0..0}
[1,0]<stdout>:appmana-023:61108:61108 [0] NCCL INFO AllGather: 128 Bytes -> Algo RING proto SIMPLE channel{Lo..Hi}={0..0}
[1,0]<stdout>:appmana-023:61108:61108 [0] NCCL INFO AllGather: 128 Bytes -> Algo RING proto SIMPLE channel{Lo..Hi}={0..0}
[1,0]<stdout>:appmana-023:61108:61108 [0] NCCL INFO AllGather: 128 Bytes -> Algo RING proto SIMPLE channel{Lo..Hi}={0..0}
[1,0]<stdout>:appmana-023:61108:61108 [0] NCCL INFO AllGather: 128 Bytes -> Algo RING proto SIMPLE channel{Lo..Hi}={0..0}
[1,0]<stdout>:appmana-023:61108:61108 [0] NCCL INFO AllGather: 128 Bytes -> Algo RING proto SIMPLE channel{Lo..Hi}={0..0}
[1,0]<stdout>:appmana-023:61108:61108 [0] NCCL INFO AllGather: 128 Bytes -> Algo RING proto SIMPLE channel{Lo..Hi}={0..0}
[1,0]<stdout>:appmana-023:61108:61108 [0] NCCL INFO AllGather: 128 Bytes -> Algo RING proto SIMPLE channel{Lo..Hi}={0..0}
[1,0]<stdout>:appmana-023:61108:61108 [0] NCCL INFO AllGather: 128 Bytes -> Algo RING proto SIMPLE channel{Lo..Hi}={0..0}
[1,0]<stdout>:appmana-023:61108:61108 [0] NCCL INFO AllGather: 128 Bytes -> Algo RING proto SIMPLE channel{Lo..Hi}={0..0}
[1,0]<stdout>:appmana-023:61108:61108 [0] NCCL INFO AllGather: 128 Bytes -> Algo RING proto SIMPLE channel{Lo..Hi}={0..0}
[1,0]<stdout>:appmana-023:61108:61108 [0] NCCL INFO AllGather: 128 Bytes -> Algo RING proto SIMPLE channel{Lo..Hi}={0..0}
[1,0]<stdout>:appmana-023:61108:61108 [0] NCCL INFO AllGather: 128 Bytes -> Algo RING proto SIMPLE channel{Lo..Hi}={0..0}
[1,0]<stdout>:appmana-023:61108:61108 [0] NCCL INFO AllGather: 128 Bytes -> Algo RING proto SIMPLE channel{Lo..Hi}={0..0}
[1,0]<stdout>:appmana-023:61108:61108 [0] NCCL INFO AllGather: 128 Bytes -> Algo RING proto SIMPLE channel{Lo..Hi}={0..0}
[1,0]<stdout>:    48.21    0.01    0.00       0appmana-023:61108:61108 [0] NCCL INFO AllGather: 128 Bytes -> Algo RING proto SIMPLE channel{Lo..Hi}={0..0}
[1,0]<stdout>:appmana-023:61108:61108 [0] NCCL INFO AllGather: 128 Bytes -> Algo RING proto SIMPLE channel{Lo..Hi}={0..0}
[1,0]<stdout>:appmana-023:61108:61108 [0] NCCL INFO AllGather: 128 Bytes -> Algo RING proto SIMPLE channel{Lo..Hi}={0..0}
[1,0]<stdout>:appmana-023:61108:61108 [0] NCCL INFO AllGather: 128 Bytes -> Algo RING proto SIMPLE channel{Lo..Hi}={0..0}
[1,0]<stdout>:appmana-023:61108:61108 [0] NCCL INFO AllGather: 128 Bytes -> Algo RING proto SIMPLE channel{Lo..Hi}={0..0}
[1,0]<stdout>:appmana-023:61108:61108 [0] NCCL INFO AllGather: 128 Bytes -> Algo RING proto SIMPLE channel{Lo..Hi}={0..0}
[1,0]<stdout>:appmana-023:61108:61108 [0] NCCL INFO AllGather: 128 Bytes -> Algo RING proto SIMPLE channel{Lo..Hi}={0..0}
[1,0]<stdout>:appmana-023:61108:61108 [0] NCCL INFO AllGather: 128 Bytes -> Algo RING proto SIMPLE channel{Lo..Hi}={0..0}
[1,0]<stdout>:appmana-023:61108:61108 [0] NCCL INFO AllGather: 128 Bytes -> Algo RING proto SIMPLE channel{Lo..Hi}={0..0}
[1,0]<stdout>:appmana-023:61108:61108 [0] NCCL INFO AllGather: 128 Bytes -> Algo RING proto SIMPLE channel{Lo..Hi}={0..0}
[1,0]<stdout>:appmana-023:61108:61108 [0] NCCL INFO AllGather: 128 Bytes -> Algo RING proto SIMPLE channel{Lo..Hi}={0..0}
[1,0]<stdout>:appmana-023:61108:61108 [0] NCCL INFO AllGather: 128 Bytes -> Algo RING proto SIMPLE channel{Lo..Hi}={0..0}
[1,0]<stdout>:appmana-023:61108:61108 [0] NCCL INFO AllGather: 128 Bytes -> Algo RING proto SIMPLE channel{Lo..Hi}={0..0}
[1,0]<stdout>:appmana-023:61108:61108 [0] NCCL INFO AllGather: 128 Bytes -> Algo RING proto SIMPLE channel{Lo..Hi}={0..0}
[1,0]<stdout>:appmana-023:61108:61108 [0] NCCL INFO AllGather: 128 Bytes -> Algo RING proto SIMPLE channel{Lo..Hi}={0..0}
[1,0]<stdout>:appmana-023:61108:61108 [0] NCCL INFO AllGather: 128 Bytes -> Algo RING proto SIMPLE channel{Lo..Hi}={0..0}
[1,0]<stdout>:appmana-023:61108:61108 [0] NCCL INFO AllGather: 128 Bytes -> Algo RING proto SIMPLE channel{Lo..Hi}={0..0}
[1,0]<stdout>:appmana-023:61108:61108 [0] NCCL INFO AllGather: 128 Bytes -> Algo RING proto SIMPLE channel{Lo..Hi}={0..0}
[1,0]<stdout>:appmana-023:61108:61108 [0] NCCL INFO AllGather: 128 Bytes -> Algo RING proto SIMPLE channel{Lo..Hi}={0..0}
[1,0]<stdout>:appmana-023:61108:61108 [0] NCCL INFO AllGather: 128 Bytes -> Algo RING proto SIMPLE channel{Lo..Hi}={0..0}
[1,0]<stdout>:appmana-023:61108:61108 [0] NCCL INFO AllGather: 128 Bytes -> Algo RING proto SIMPLE channel{Lo..Hi}={0..0}
[1,0]<stdout>:appmana-023:61108:61108 [0] NCCL INFO AllGather: 128 Bytes -> Algo RING proto SIMPLE channel{Lo..Hi}={0..0}
[1,0]<stdout>:    49.98    0.01    0.00       0
[1,0]<stdout>:         512            64     float    none      -1appmana-023:61108:61108 [0] NCCL INFO AllGather: 256 Bytes -> Algo RING proto SIMPLE channel{Lo..Hi}={0..0}
[1,0]<stdout>:appmana-023:61108:61108 [0] NCCL INFO AllGather: 256 Bytes -> Algo RING proto SIMPLE channel{Lo..Hi}={0..0}
[1,0]<stdout>:appmana-023:61108:61108 [0] NCCL INFO AllGather: 256 Bytes -> Algo RING proto SIMPLE channel{Lo..Hi}={0..0}
[1,0]<stdout>:appmana-023:61108:61108 [0] NCCL INFO AllGather: 256 Bytes -> Algo RING proto SIMPLE channel{Lo..Hi}={0..0}
[1,0]<stdout>:appmana-023:61108:61108 [0] NCCL INFO AllGather: 256 Bytes -> Algo RING proto SIMPLE channel{Lo..Hi}={0..0}
[1,0]<stdout>:appmana-023:61108:61108 [0] NCCL INFO AllGather: 256 Bytes -> Algo RING proto SIMPLE channel{Lo..Hi}={0..0}
[1,0]<stdout>:appmana-023:61108:61108 [0] NCCL INFO AllGather: 256 Bytes -> Algo RING proto SIMPLE channel{Lo..Hi}={0..0}
[1,0]<stdout>:appmana-023:61108:61108 [0] NCCL INFO AllGather: 256 Bytes -> Algo RING proto SIMPLE channel{Lo..Hi}={0..0}
[1,0]<stdout>:appmana-023:61108:61108 [0] NCCL INFO AllGather: 256 Bytes -> Algo RING proto SIMPLE channel{Lo..Hi}={0..0}
[1,0]<stdout>:appmana-023:61108:61108 [0] NCCL INFO AllGather: 256 Bytes -> Algo RING proto SIMPLE channel{Lo..Hi}={0..0}
[1,0]<stdout>:appmana-023:61108:61108 [0] NCCL INFO AllGather: 256 Bytes -> Algo RING proto SIMPLE channel{Lo..Hi}={0..0}
[1,0]<stdout>:appmana-023:61108:61108 [0] NCCL INFO AllGather: 256 Bytes -> Algo RING proto SIMPLE channel{Lo..Hi}={0..0}
[1,0]<stdout>:appmana-023:61108:61108 [0] NCCL INFO AllGather: 256 Bytes -> Algo RING proto SIMPLE channel{Lo..Hi}={0..0}
[1,0]<stdout>:appmana-023:61108:61108 [0] NCCL INFO AllGather: 256 Bytes -> Algo RING proto SIMPLE channel{Lo..Hi}={0..0}
[1,0]<stdout>:appmana-023:61108:61108 [0] NCCL INFO AllGather: 256 Bytes -> Algo RING proto SIMPLE channel{Lo..Hi}={0..0}
[1,0]<stdout>:appmana-023:61108:61108 [0] NCCL INFO AllGather: 256 Bytes -> Algo RING proto SIMPLE channel{Lo..Hi}={0..0}
[1,0]<stdout>:appmana-023:61108:61108 [0] NCCL INFO AllGather: 256 Bytes -> Algo RING proto SIMPLE channel{Lo..Hi}={0..0}
[1,0]<stdout>:appmana-023:61108:61108 [0] NCCL INFO AllGather: 256 Bytes -> Algo RING proto SIMPLE channel{Lo..Hi}={0..0}
[1,0]<stdout>:appmana-023:61108:61108 [0] NCCL INFO AllGather: 256 Bytes -> Algo RING proto SIMPLE channel{Lo..Hi}={0..0}
[1,0]<stdout>:appmana-023:61108:61108 [0] NCCL INFO AllGather: 256 Bytes -> Algo RING proto SIMPLE channel{Lo..Hi}={0..0}
[1,0]<stdout>:appmana-023:61108:61108 [0] NCCL INFO AllGather: 256 Bytes -> Algo RING proto SIMPLE channel{Lo..Hi}={0..0}
[1,0]<stdout>:appmana-023:61108:61108 [0] NCCL INFO AllGather: 256 Bytes -> Algo RING proto SIMPLE channel{Lo..Hi}={0..0}
[1,0]<stdout>:    50.02    0.01    0.01       0appmana-023:61108:61108 [0] NCCL INFO AllGather: 256 Bytes -> Algo RING proto SIMPLE channel{Lo..Hi}={0..0}
[1,0]<stdout>:appmana-023:61108:61108 [0] NCCL INFO AllGather: 256 Bytes -> Algo RING proto SIMPLE channel{Lo..Hi}={0..0}
[1,0]<stdout>:appmana-023:61108:61108 [0] NCCL INFO AllGather: 256 Bytes -> Algo RING proto SIMPLE channel{Lo..Hi}={0..0}
[1,0]<stdout>:appmana-023:61108:61108 [0] NCCL INFO AllGather: 256 Bytes -> Algo RING proto SIMPLE channel{Lo..Hi}={0..0}
[1,0]<stdout>:appmana-023:61108:61108 [0] NCCL INFO AllGather: 256 Bytes -> Algo RING proto SIMPLE channel{Lo..Hi}={0..0}
[1,0]<stdout>:appmana-023:61108:61108 [0] NCCL INFO AllGather: 256 Bytes -> Algo RING proto SIMPLE channel{Lo..Hi}={0..0}
[1,0]<stdout>:appmana-023:61108:61108 [0] NCCL INFO AllGather: 256 Bytes -> Algo RING proto SIMPLE channel{Lo..Hi}={0..0}
[1,0]<stdout>:appmana-023:61108:61108 [0] NCCL INFO AllGather: 256 Bytes -> Algo RING proto SIMPLE channel{Lo..Hi}={0..0}
[1,0]<stdout>:appmana-023:61108:61108 [0] NCCL INFO AllGather: 256 Bytes -> Algo RING proto SIMPLE channel{Lo..Hi}={0..0}
[1,0]<stdout>:appmana-023:61108:61108 [0] NCCL INFO AllGather: 256 Bytes -> Algo RING proto SIMPLE channel{Lo..Hi}={0..0}
[1,0]<stdout>:appmana-023:61108:61108 [0] NCCL INFO AllGather: 256 Bytes -> Algo RING proto SIMPLE channel{Lo..Hi}={0..0}
[1,0]<stdout>:appmana-023:61108:61108 [0] NCCL INFO AllGather: 256 Bytes -> Algo RING proto SIMPLE channel{Lo..Hi}={0..0}
[1,0]<stdout>:appmana-023:61108:61108 [0] NCCL INFO AllGather: 256 Bytes -> Algo RING proto SIMPLE channel{Lo..Hi}={0..0}
[1,0]<stdout>:appmana-023:61108:61108 [0] NCCL INFO AllGather: 256 Bytes -> Algo RING proto SIMPLE channel{Lo..Hi}={0..0}
[1,0]<stdout>:appmana-023:61108:61108 [0] NCCL INFO AllGather: 256 Bytes -> Algo RING proto SIMPLE channel{Lo..Hi}={0..0}
[1,0]<stdout>:appmana-023:61108:61108 [0] NCCL INFO AllGather: 256 Bytes -> Algo RING proto SIMPLE channel{Lo..Hi}={0..0}
[1,0]<stdout>:appmana-023:61108:61108 [0] NCCL INFO AllGather: 256 Bytes -> Algo RING proto SIMPLE channel{Lo..Hi}={0..0}
[1,0]<stdout>:appmana-023:61108:61108 [0] NCCL INFO AllGather: 256 Bytes -> Algo RING proto SIMPLE channel{Lo..Hi}={0..0}
[1,0]<stdout>:appmana-023:61108:61108 [0] NCCL INFO AllGather: 256 Bytes -> Algo RING proto SIMPLE channel{Lo..Hi}={0..0}
[1,0]<stdout>:appmana-023:61108:61108 [0] NCCL INFO AllGather: 256 Bytes -> Algo RING proto SIMPLE channel{Lo..Hi}={0..0}
[1,0]<stdout>:appmana-023:61108:61108 [0] NCCL INFO AllGather: 256 Bytes -> Algo RING proto SIMPLE channel{Lo..Hi}={0..0}
[1,0]<stdout>:appmana-023:61108:61108 [0] NCCL INFO AllGather: 256 Bytes -> Algo RING proto SIMPLE channel{Lo..Hi}={0..0}
[1,0]<stdout>:    47.30    0.01    0.01       0
[1,0]<stdout>:        1024           128     float    none      -1appmana-023:61108:61108 [0] NCCL INFO AllGather: 512 Bytes -> Algo RING proto SIMPLE channel{Lo..Hi}={0..0}
[1,0]<stdout>:appmana-023:61108:61108 [0] NCCL INFO AllGather: 512 Bytes -> Algo RING proto SIMPLE channel{Lo..Hi}={0..0}
[1,0]<stdout>:appmana-023:61108:61108 [0] NCCL INFO AllGather: 512 Bytes -> Algo RING proto SIMPLE channel{Lo..Hi}={0..0}
[1,0]<stdout>:appmana-023:61108:61108 [0] NCCL INFO AllGather: 512 Bytes -> Algo RING proto SIMPLE channel{Lo..Hi}={0..0}
[1,0]<stdout>:appmana-023:61108:61108 [0] NCCL INFO AllGather: 512 Bytes -> Algo RING proto SIMPLE channel{Lo..Hi}={0..0}
[1,0]<stdout>:appmana-023:61108:61108 [0] NCCL INFO AllGather: 512 Bytes -> Algo RING proto SIMPLE channel{Lo..Hi}={0..0}
[1,0]<stdout>:appmana-023:61108:61108 [0] NCCL INFO AllGather: 512 Bytes -> Algo RING proto SIMPLE channel{Lo..Hi}={0..0}
[1,0]<stdout>:appmana-023:61108:61108 [0] NCCL INFO AllGather: 512 Bytes -> Algo RING proto SIMPLE channel{Lo..Hi}={0..0}
[1,0]<stdout>:appmana-023:61108:61108 [0] NCCL INFO AllGather: 512 Bytes -> Algo RING proto SIMPLE channel{Lo..Hi}={0..0}
[1,0]<stdout>:appmana-023:61108:61108 [0] NCCL INFO AllGather: 512 Bytes -> Algo RING proto SIMPLE channel{Lo..Hi}={0..0}
[1,0]<stdout>:appmana-023:61108:61108 [0] NCCL INFO AllGather: 512 Bytes -> Algo RING proto SIMPLE channel{Lo..Hi}={0..0}
[1,0]<stdout>:appmana-023:61108:61108 [0] NCCL INFO AllGather: 512 Bytes -> Algo RING proto SIMPLE channel{Lo..Hi}={0..0}
[1,0]<stdout>:appmana-023:61108:61108 [0] NCCL INFO AllGather: 512 Bytes -> Algo RING proto SIMPLE channel{Lo..Hi}={0..0}
[1,0]<stdout>:appmana-023:61108:61108 [0] NCCL INFO AllGather: 512 Bytes -> Algo RING proto SIMPLE channel{Lo..Hi}={0..0}
[1,0]<stdout>:appmana-023:61108:61108 [0] NCCL INFO AllGather: 512 Bytes -> Algo RING proto SIMPLE channel{Lo..Hi}={0..0}
[1,0]<stdout>:appmana-023:61108:61108 [0] NCCL INFO AllGather: 512 Bytes -> Algo RING proto SIMPLE channel{Lo..Hi}={0..0}
[1,0]<stdout>:appmana-023:61108:61108 [0] NCCL INFO AllGather: 512 Bytes -> Algo RING proto SIMPLE channel{Lo..Hi}={0..0}
[1,0]<stdout>:appmana-023:61108:61108 [0] NCCL INFO AllGather: 512 Bytes -> Algo RING proto SIMPLE channel{Lo..Hi}={0..0}
[1,0]<stdout>:appmana-023:61108:61108 [0] NCCL INFO AllGather: 512 Bytes -> Algo RING proto SIMPLE channel{Lo..Hi}={0..0}
[1,0]<stdout>:appmana-023:61108:61108 [0] NCCL INFO AllGather: 512 Bytes -> Algo RING proto SIMPLE channel{Lo..Hi}={0..0}
[1,0]<stdout>:appmana-023:61108:61108 [0] NCCL INFO AllGather: 512 Bytes -> Algo RING proto SIMPLE channel{Lo..Hi}={0..0}
[1,0]<stdout>:appmana-023:61108:61108 [0] NCCL INFO AllGather: 512 Bytes -> Algo RING proto SIMPLE channel{Lo..Hi}={0..0}
[1,0]<stdout>:    46.81    0.02    0.01       0appmana-023:61108:61108 [0] NCCL INFO AllGather: 512 Bytes -> Algo RING proto SIMPLE channel{Lo..Hi}={0..0}
[1,0]<stdout>:appmana-023:61108:61108 [0] NCCL INFO AllGather: 512 Bytes -> Algo RING proto SIMPLE channel{Lo..Hi}={0..0}
[1,0]<stdout>:appmana-023:61108:61108 [0] NCCL INFO AllGather: 512 Bytes -> Algo RING proto SIMPLE channel{Lo..Hi}={0..0}
[1,0]<stdout>:appmana-023:61108:61108 [0] NCCL INFO AllGather: 512 Bytes -> Algo RING proto SIMPLE channel{Lo..Hi}={0..0}
[1,0]<stdout>:appmana-023:61108:61108 [0] NCCL INFO AllGather: 512 Bytes -> Algo RING proto SIMPLE channel{Lo..Hi}={0..0}
[1,0]<stdout>:appmana-023:61108:61108 [0] NCCL INFO AllGather: 512 Bytes -> Algo RING proto SIMPLE channel{Lo..Hi}={0..0}
[1,0]<stdout>:appmana-023:61108:61108 [0] NCCL INFO AllGather: 512 Bytes -> Algo RING proto SIMPLE channel{Lo..Hi}={0..0}
[1,0]<stdout>:appmana-023:61108:61108 [0] NCCL INFO AllGather: 512 Bytes -> Algo RING proto SIMPLE channel{Lo..Hi}={0..0}
[1,0]<stdout>:appmana-023:61108:61108 [0] NCCL INFO AllGather: 512 Bytes -> Algo RING proto SIMPLE channel{Lo..Hi}={0..0}
[1,0]<stdout>:appmana-023:61108:61108 [0] NCCL INFO AllGather: 512 Bytes -> Algo RING proto SIMPLE channel{Lo..Hi}={0..0}
[1,0]<stdout>:appmana-023:61108:61108 [0] NCCL INFO AllGather: 512 Bytes -> Algo RING proto SIMPLE channel{Lo..Hi}={0..0}
[1,0]<stdout>:appmana-023:61108:61108 [0] NCCL INFO AllGather: 512 Bytes -> Algo RING proto SIMPLE channel{Lo..Hi}={0..0}
[1,0]<stdout>:appmana-023:61108:61108 [0] NCCL INFO AllGather: 512 Bytes -> Algo RING proto SIMPLE channel{Lo..Hi}={0..0}
[1,0]<stdout>:appmana-023:61108:61108 [0] NCCL INFO AllGather: 512 Bytes -> Algo RING proto SIMPLE channel{Lo..Hi}={0..0}
[1,0]<stdout>:appmana-023:61108:61108 [0] NCCL INFO AllGather: 512 Bytes -> Algo RING proto SIMPLE channel{Lo..Hi}={0..0}
[1,0]<stdout>:appmana-023:61108:61108 [0] NCCL INFO AllGather: 512 Bytes -> Algo RING proto SIMPLE channel{Lo..Hi}={0..0}
[1,0]<stdout>:appmana-023:61108:61108 [0] NCCL INFO AllGather: 512 Bytes -> Algo RING proto SIMPLE channel{Lo..Hi}={0..0}
[1,0]<stdout>:appmana-023:61108:61108 [0] NCCL INFO AllGather: 512 Bytes -> Algo RING proto SIMPLE channel{Lo..Hi}={0..0}
[1,0]<stdout>:appmana-023:61108:61108 [0] NCCL INFO AllGather: 512 Bytes -> Algo RING proto SIMPLE channel{Lo..Hi}={0..0}
[1,0]<stdout>:appmana-023:61108:61108 [0] NCCL INFO AllGather: 512 Bytes -> Algo RING proto SIMPLE channel{Lo..Hi}={0..0}
[1,0]<stdout>:appmana-023:61108:61108 [0] NCCL INFO AllGather: 512 Bytes -> Algo RING proto SIMPLE channel{Lo..Hi}={0..0}
[1,0]<stdout>:appmana-023:61108:61108 [0] NCCL INFO AllGather: 512 Bytes -> Algo RING proto SIMPLE channel{Lo..Hi}={0..0}
[1,0]<stdout>:    47.29    0.02    0.01       0
[1,0]<stdout>:        2048           256     float    none      -1appmana-023:61108:61108 [0] NCCL INFO AllGather: 1024 Bytes -> Algo RING proto SIMPLE channel{Lo..Hi}={0..0}
[1,0]<stdout>:appmana-023:61108:61108 [0] NCCL INFO AllGather: 1024 Bytes -> Algo RING proto SIMPLE channel{Lo..Hi}={0..0}
[1,0]<stdout>:appmana-023:61108:61108 [0] NCCL INFO AllGather: 1024 Bytes -> Algo RING proto SIMPLE channel{Lo..Hi}={0..0}
[1,0]<stdout>:appmana-023:61108:61108 [0] NCCL INFO AllGather: 1024 Bytes -> Algo RING proto SIMPLE channel{Lo..Hi}={0..0}
[1,0]<stdout>:appmana-023:61108:61108 [0] NCCL INFO AllGather: 1024 Bytes -> Algo RING proto SIMPLE channel{Lo..Hi}={0..0}
[1,0]<stdout>:appmana-023:61108:61108 [0] NCCL INFO AllGather: 1024 Bytes -> Algo RING proto SIMPLE channel{Lo..Hi}={0..0}
[1,0]<stdout>:appmana-023:61108:61108 [0] NCCL INFO AllGather: 1024 Bytes -> Algo RING proto SIMPLE channel{Lo..Hi}={0..0}
[1,0]<stdout>:appmana-023:61108:61108 [0] NCCL INFO AllGather: 1024 Bytes -> Algo RING proto SIMPLE channel{Lo..Hi}={0..0}
[1,0]<stdout>:appmana-023:61108:61108 [0] NCCL INFO AllGather: 1024 Bytes -> Algo RING proto SIMPLE channel{Lo..Hi}={0..0}
[1,0]<stdout>:appmana-023:61108:61108 [0] NCCL INFO AllGather: 1024 Bytes -> Algo RING proto SIMPLE channel{Lo..Hi}={0..0}
[1,0]<stdout>:appmana-023:61108:61108 [0] NCCL INFO AllGather: 1024 Bytes -> Algo RING proto SIMPLE channel{Lo..Hi}={0..0}
[1,0]<stdout>:appmana-023:61108:61108 [0] NCCL INFO AllGather: 1024 Bytes -> Algo RING proto SIMPLE channel{Lo..Hi}={0..0}
[1,0]<stdout>:appmana-023:61108:61108 [0] NCCL INFO AllGather: 1024 Bytes -> Algo RING proto SIMPLE channel{Lo..Hi}={0..0}
[1,0]<stdout>:appmana-023:61108:61108 [0] NCCL INFO AllGather: 1024 Bytes -> Algo RING proto SIMPLE channel{Lo..Hi}={0..0}
[1,0]<stdout>:appmana-023:61108:61108 [0] NCCL INFO AllGather: 1024 Bytes -> Algo RING proto SIMPLE channel{Lo..Hi}={0..0}
[1,0]<stdout>:appmana-023:61108:61108 [0] NCCL INFO AllGather: 1024 Bytes -> Algo RING proto SIMPLE channel{Lo..Hi}={0..0}
[1,0]<stdout>:appmana-023:61108:61108 [0] NCCL INFO AllGather: 1024 Bytes -> Algo RING proto SIMPLE channel{Lo..Hi}={0..0}
[1,0]<stdout>:appmana-023:61108:61108 [0] NCCL INFO AllGather: 1024 Bytes -> Algo RING proto SIMPLE channel{Lo..Hi}={0..0}
[1,0]<stdout>:appmana-023:61108:61108 [0] NCCL INFO AllGather: 1024 Bytes -> Algo RING proto SIMPLE channel{Lo..Hi}={0..0}
[1,0]<stdout>:appmana-023:61108:61108 [0] NCCL INFO AllGather: 1024 Bytes -> Algo RING proto SIMPLE channel{Lo..Hi}={0..0}
[1,0]<stdout>:appmana-023:61108:61108 [0] NCCL INFO AllGather: 1024 Bytes -> Algo RING proto SIMPLE channel{Lo..Hi}={0..0}
[1,0]<stdout>:appmana-023:61108:61108 [0] NCCL INFO AllGather: 1024 Bytes -> Algo RING proto SIMPLE channel{Lo..Hi}={0..0}
[1,0]<stdout>:    47.55    0.04    0.02       0appmana-023:61108:61108 [0] NCCL INFO AllGather: 1024 Bytes -> Algo RING proto SIMPLE channel{Lo..Hi}={0..0}
[1,0]<stdout>:appmana-023:61108:61108 [0] NCCL INFO AllGather: 1024 Bytes -> Algo RING proto SIMPLE channel{Lo..Hi}={0..0}
[1,0]<stdout>:appmana-023:61108:61108 [0] NCCL INFO AllGather: 1024 Bytes -> Algo RING proto SIMPLE channel{Lo..Hi}={0..0}
[1,0]<stdout>:appmana-023:61108:61108 [0] NCCL INFO AllGather: 1024 Bytes -> Algo RING proto SIMPLE channel{Lo..Hi}={0..0}
[1,0]<stdout>:appmana-023:61108:61108 [0] NCCL INFO AllGather: 1024 Bytes -> Algo RING proto SIMPLE channel{Lo..Hi}={0..0}
[1,0]<stdout>:appmana-023:61108:61108 [0] NCCL INFO AllGather: 1024 Bytes -> Algo RING proto SIMPLE channel{Lo..Hi}={0..0}
[1,0]<stdout>:appmana-023:61108:61108 [0] NCCL INFO AllGather: 1024 Bytes -> Algo RING proto SIMPLE channel{Lo..Hi}={0..0}
[1,0]<stdout>:appmana-023:61108:61108 [0] NCCL INFO AllGather: 1024 Bytes -> Algo RING proto SIMPLE channel{Lo..Hi}={0..0}
[1,0]<stdout>:appmana-023:61108:61108 [0] NCCL INFO AllGather: 1024 Bytes -> Algo RING proto SIMPLE channel{Lo..Hi}={0..0}
[1,0]<stdout>:appmana-023:61108:61108 [0] NCCL INFO AllGather: 1024 Bytes -> Algo RING proto SIMPLE channel{Lo..Hi}={0..0}
[1,0]<stdout>:appmana-023:61108:61108 [0] NCCL INFO AllGather: 1024 Bytes -> Algo RING proto SIMPLE channel{Lo..Hi}={0..0}
[1,0]<stdout>:appmana-023:61108:61108 [0] NCCL INFO AllGather: 1024 Bytes -> Algo RING proto SIMPLE channel{Lo..Hi}={0..0}
[1,0]<stdout>:appmana-023:61108:61108 [0] NCCL INFO AllGather: 1024 Bytes -> Algo RING proto SIMPLE channel{Lo..Hi}={0..0}
[1,0]<stdout>:appmana-023:61108:61108 [0] NCCL INFO AllGather: 1024 Bytes -> Algo RING proto SIMPLE channel{Lo..Hi}={0..0}
[1,0]<stdout>:appmana-023:61108:61108 [0] NCCL INFO AllGather: 1024 Bytes -> Algo RING proto SIMPLE channel{Lo..Hi}={0..0}
[1,0]<stdout>:appmana-023:61108:61108 [0] NCCL INFO AllGather: 1024 Bytes -> Algo RING proto SIMPLE channel{Lo..Hi}={0..0}
[1,0]<stdout>:appmana-023:61108:61108 [0] NCCL INFO AllGather: 1024 Bytes -> Algo RING proto SIMPLE channel{Lo..Hi}={0..0}
[1,0]<stdout>:appmana-023:61108:61108 [0] NCCL INFO AllGather: 1024 Bytes -> Algo RING proto SIMPLE channel{Lo..Hi}={0..0}
[1,0]<stdout>:appmana-023:61108:61108 [0] NCCL INFO AllGather: 1024 Bytes -> Algo RING proto SIMPLE channel{Lo..Hi}={0..0}
[1,0]<stdout>:appmana-023:61108:61108 [0] NCCL INFO AllGather: 1024 Bytes -> Algo RING proto SIMPLE channel{Lo..Hi}={0..0}
[1,0]<stdout>:appmana-023:61108:61108 [0] NCCL INFO AllGather: 1024 Bytes -> Algo RING proto SIMPLE channel{Lo..Hi}={0..0}
[1,0]<stdout>:appmana-023:61108:61108 [0] NCCL INFO AllGather: 1024 Bytes -> Algo RING proto SIMPLE channel{Lo..Hi}={0..0}
[1,0]<stdout>:    47.78    0.04    0.02       0
[1,0]<stdout>:        4096           512     float    none      -1appmana-023:61108:61108 [0] NCCL INFO AllGather: 2048 Bytes -> Algo RING proto SIMPLE channel{Lo..Hi}={0..0}
[1,0]<stdout>:appmana-023:61108:61108 [0] NCCL INFO AllGather: 2048 Bytes -> Algo RING proto SIMPLE channel{Lo..Hi}={0..0}
[1,0]<stdout>:appmana-023:61108:61108 [0] NCCL INFO AllGather: 2048 Bytes -> Algo RING proto SIMPLE channel{Lo..Hi}={0..0}
[1,0]<stdout>:appmana-023:61108:61108 [0] NCCL INFO AllGather: 2048 Bytes -> Algo RING proto SIMPLE channel{Lo..Hi}={0..0}
[1,0]<stdout>:appmana-023:61108:61108 [0] NCCL INFO AllGather: 2048 Bytes -> Algo RING proto SIMPLE channel{Lo..Hi}={0..0}
[1,0]<stdout>:appmana-023:61108:61108 [0] NCCL INFO AllGather: 2048 Bytes -> Algo RING proto SIMPLE channel{Lo..Hi}={0..0}
[1,0]<stdout>:appmana-023:61108:61108 [0] NCCL INFO AllGather: 2048 Bytes -> Algo RING proto SIMPLE channel{Lo..Hi}={0..0}
[1,0]<stdout>:appmana-023:61108:61108 [0] NCCL INFO AllGather: 2048 Bytes -> Algo RING proto SIMPLE channel{Lo..Hi}={0..0}
[1,0]<stdout>:appmana-023:61108:61108 [0] NCCL INFO AllGather: 2048 Bytes -> Algo RING proto SIMPLE channel{Lo..Hi}={0..0}
[1,0]<stdout>:appmana-023:61108:61108 [0] NCCL INFO AllGather: 2048 Bytes -> Algo RING proto SIMPLE channel{Lo..Hi}={0..0}
[1,0]<stdout>:appmana-023:61108:61108 [0] NCCL INFO AllGather: 2048 Bytes -> Algo RING proto SIMPLE channel{Lo..Hi}={0..0}
[1,0]<stdout>:appmana-023:61108:61108 [0] NCCL INFO AllGather: 2048 Bytes -> Algo RING proto SIMPLE channel{Lo..Hi}={0..0}
[1,0]<stdout>:appmana-023:61108:61108 [0] NCCL INFO AllGather: 2048 Bytes -> Algo RING proto SIMPLE channel{Lo..Hi}={0..0}
[1,0]<stdout>:appmana-023:61108:61108 [0] NCCL INFO AllGather: 2048 Bytes -> Algo RING proto SIMPLE channel{Lo..Hi}={0..0}
[1,0]<stdout>:appmana-023:61108:61108 [0] NCCL INFO AllGather: 2048 Bytes -> Algo RING proto SIMPLE channel{Lo..Hi}={0..0}
[1,0]<stdout>:appmana-023:61108:61108 [0] NCCL INFO AllGather: 2048 Bytes -> Algo RING proto SIMPLE channel{Lo..Hi}={0..0}
[1,0]<stdout>:appmana-023:61108:61108 [0] NCCL INFO AllGather: 2048 Bytes -> Algo RING proto SIMPLE channel{Lo..Hi}={0..0}
[1,0]<stdout>:appmana-023:61108:61108 [0] NCCL INFO AllGather: 2048 Bytes -> Algo RING proto SIMPLE channel{Lo..Hi}={0..0}
[1,0]<stdout>:appmana-023:61108:61108 [0] NCCL INFO AllGather: 2048 Bytes -> Algo RING proto SIMPLE channel{Lo..Hi}={0..0}
[1,0]<stdout>:appmana-023:61108:61108 [0] NCCL INFO AllGather: 2048 Bytes -> Algo RING proto SIMPLE channel{Lo..Hi}={0..0}
[1,0]<stdout>:appmana-023:61108:61108 [0] NCCL INFO AllGather: 2048 Bytes -> Algo RING proto SIMPLE channel{Lo..Hi}={0..0}
[1,0]<stdout>:appmana-023:61108:61108 [0] NCCL INFO AllGather: 2048 Bytes -> Algo RING proto SIMPLE channel{Lo..Hi}={0..0}
[1,0]<stdout>:    48.65    0.08    0.04       0appmana-023:61108:61108 [0] NCCL INFO AllGather: 2048 Bytes -> Algo RING proto SIMPLE channel{Lo..Hi}={0..0}
[1,0]<stdout>:appmana-023:61108:61108 [0] NCCL INFO AllGather: 2048 Bytes -> Algo RING proto SIMPLE channel{Lo..Hi}={0..0}
[1,0]<stdout>:appmana-023:61108:61108 [0] NCCL INFO AllGather: 2048 Bytes -> Algo RING proto SIMPLE channel{Lo..Hi}={0..0}
[1,0]<stdout>:appmana-023:61108:61108 [0] NCCL INFO AllGather: 2048 Bytes -> Algo RING proto SIMPLE channel{Lo..Hi}={0..0}
[1,0]<stdout>:appmana-023:61108:61108 [0] NCCL INFO AllGather: 2048 Bytes -> Algo RING proto SIMPLE channel{Lo..Hi}={0..0}
[1,0]<stdout>:appmana-023:61108:61108 [0] NCCL INFO AllGather: 2048 Bytes -> Algo RING proto SIMPLE channel{Lo..Hi}={0..0}
[1,0]<stdout>:appmana-023:61108:61108 [0] NCCL INFO AllGather: 2048 Bytes -> Algo RING proto SIMPLE channel{Lo..Hi}={0..0}
[1,0]<stdout>:appmana-023:61108:61108 [0] NCCL INFO AllGather: 2048 Bytes -> Algo RING proto SIMPLE channel{Lo..Hi}={0..0}
[1,0]<stdout>:appmana-023:61108:61108 [0] NCCL INFO AllGather: 2048 Bytes -> Algo RING proto SIMPLE channel{Lo..Hi}={0..0}
[1,0]<stdout>:appmana-023:61108:61108 [0] NCCL INFO AllGather: 2048 Bytes -> Algo RING proto SIMPLE channel{Lo..Hi}={0..0}
[1,0]<stdout>:appmana-023:61108:61108 [0] NCCL INFO AllGather: 2048 Bytes -> Algo RING proto SIMPLE channel{Lo..Hi}={0..0}
[1,0]<stdout>:appmana-023:61108:61108 [0] NCCL INFO AllGather: 2048 Bytes -> Algo RING proto SIMPLE channel{Lo..Hi}={0..0}
[1,0]<stdout>:appmana-023:61108:61108 [0] NCCL INFO AllGather: 2048 Bytes -> Algo RING proto SIMPLE channel{Lo..Hi}={0..0}
[1,0]<stdout>:appmana-023:61108:61108 [0] NCCL INFO AllGather: 2048 Bytes -> Algo RING proto SIMPLE channel{Lo..Hi}={0..0}
[1,0]<stdout>:appmana-023:61108:61108 [0] NCCL INFO AllGather: 2048 Bytes -> Algo RING proto SIMPLE channel{Lo..Hi}={0..0}
[1,0]<stdout>:appmana-023:61108:61108 [0] NCCL INFO AllGather: 2048 Bytes -> Algo RING proto SIMPLE channel{Lo..Hi}={0..0}
[1,0]<stdout>:appmana-023:61108:61108 [0] NCCL INFO AllGather: 2048 Bytes -> Algo RING proto SIMPLE channel{Lo..Hi}={0..0}
[1,0]<stdout>:appmana-023:61108:61108 [0] NCCL INFO AllGather: 2048 Bytes -> Algo RING proto SIMPLE channel{Lo..Hi}={0..0}
[1,0]<stdout>:appmana-023:61108:61108 [0] NCCL INFO AllGather: 2048 Bytes -> Algo RING proto SIMPLE channel{Lo..Hi}={0..0}
[1,0]<stdout>:appmana-023:61108:61108 [0] NCCL INFO AllGather: 2048 Bytes -> Algo RING proto SIMPLE channel{Lo..Hi}={0..0}
[1,0]<stdout>:appmana-023:61108:61108 [0] NCCL INFO AllGather: 2048 Bytes -> Algo RING proto SIMPLE channel{Lo..Hi}={0..0}
[1,0]<stdout>:appmana-023:61108:61108 [0] NCCL INFO AllGather: 2048 Bytes -> Algo RING proto SIMPLE channel{Lo..Hi}={0..0}
[1,0]<stdout>:    50.51    0.08    0.04       0
[1,0]<stdout>:        8192          1024     float    none      -1appmana-023:61108:61108 [0] NCCL INFO AllGather: 4096 Bytes -> Algo RING proto SIMPLE channel{Lo..Hi}={0..0}
[1,0]<stdout>:appmana-023:61108:61108 [0] NCCL INFO AllGather: 4096 Bytes -> Algo RING proto SIMPLE channel{Lo..Hi}={0..0}
[1,0]<stdout>:appmana-023:61108:61108 [0] NCCL INFO AllGather: 4096 Bytes -> Algo RING proto SIMPLE channel{Lo..Hi}={0..0}
[1,0]<stdout>:appmana-023:61108:61108 [0] NCCL INFO AllGather: 4096 Bytes -> Algo RING proto SIMPLE channel{Lo..Hi}={0..0}
[1,0]<stdout>:appmana-023:61108:61108 [0] NCCL INFO AllGather: 4096 Bytes -> Algo RING proto SIMPLE channel{Lo..Hi}={0..0}
[1,0]<stdout>:appmana-023:61108:61108 [0] NCCL INFO AllGather: 4096 Bytes -> Algo RING proto SIMPLE channel{Lo..Hi}={0..0}
[1,0]<stdout>:appmana-023:61108:61108 [0] NCCL INFO AllGather: 4096 Bytes -> Algo RING proto SIMPLE channel{Lo..Hi}={0..0}
[1,0]<stdout>:appmana-023:61108:61108 [0] NCCL INFO AllGather: 4096 Bytes -> Algo RING proto SIMPLE channel{Lo..Hi}={0..0}
[1,0]<stdout>:appmana-023:61108:61108 [0] NCCL INFO AllGather: 4096 Bytes -> Algo RING proto SIMPLE channel{Lo..Hi}={0..0}
[1,0]<stdout>:appmana-023:61108:61108 [0] NCCL INFO AllGather: 4096 Bytes -> Algo RING proto SIMPLE channel{Lo..Hi}={0..0}
[1,0]<stdout>:appmana-023:61108:61108 [0] NCCL INFO AllGather: 4096 Bytes -> Algo RING proto SIMPLE channel{Lo..Hi}={0..0}
[1,0]<stdout>:appmana-023:61108:61108 [0] NCCL INFO AllGather: 4096 Bytes -> Algo RING proto SIMPLE channel{Lo..Hi}={0..0}
[1,0]<stdout>:appmana-023:61108:61108 [0] NCCL INFO AllGather: 4096 Bytes -> Algo RING proto SIMPLE channel{Lo..Hi}={0..0}
[1,0]<stdout>:appmana-023:61108:61108 [0] NCCL INFO AllGather: 4096 Bytes -> Algo RING proto SIMPLE channel{Lo..Hi}={0..0}
[1,0]<stdout>:appmana-023:61108:61108 [0] NCCL INFO AllGather: 4096 Bytes -> Algo RING proto SIMPLE channel{Lo..Hi}={0..0}
[1,0]<stdout>:appmana-023:61108:61108 [0] NCCL INFO AllGather: 4096 Bytes -> Algo RING proto SIMPLE channel{Lo..Hi}={0..0}
[1,0]<stdout>:appmana-023:61108:61108 [0] NCCL INFO AllGather: 4096 Bytes -> Algo RING proto SIMPLE channel{Lo..Hi}={0..0}
[1,0]<stdout>:appmana-023:61108:61108 [0] NCCL INFO AllGather: 4096 Bytes -> Algo RING proto SIMPLE channel{Lo..Hi}={0..0}
[1,0]<stdout>:appmana-023:61108:61108 [0] NCCL INFO AllGather: 4096 Bytes -> Algo RING proto SIMPLE channel{Lo..Hi}={0..0}
[1,0]<stdout>:appmana-023:61108:61108 [0] NCCL INFO AllGather: 4096 Bytes -> Algo RING proto SIMPLE channel{Lo..Hi}={0..0}
[1,0]<stdout>:appmana-023:61108:61108 [0] NCCL INFO AllGather: 4096 Bytes -> Algo RING proto SIMPLE channel{Lo..Hi}={0..0}
[1,0]<stdout>:appmana-023:61108:61108 [0] NCCL INFO AllGather: 4096 Bytes -> Algo RING proto SIMPLE channel{Lo..Hi}={0..0}
[1,0]<stdout>:    53.65    0.15    0.08       0appmana-023:61108:61108 [0] NCCL INFO AllGather: 4096 Bytes -> Algo RING proto SIMPLE channel{Lo..Hi}={0..0}
[1,0]<stdout>:appmana-023:61108:61108 [0] NCCL INFO AllGather: 4096 Bytes -> Algo RING proto SIMPLE channel{Lo..Hi}={0..0}
[1,0]<stdout>:appmana-023:61108:61108 [0] NCCL INFO AllGather: 4096 Bytes -> Algo RING proto SIMPLE channel{Lo..Hi}={0..0}
[1,0]<stdout>:appmana-023:61108:61108 [0] NCCL INFO AllGather: 4096 Bytes -> Algo RING proto SIMPLE channel{Lo..Hi}={0..0}
[1,0]<stdout>:appmana-023:61108:61108 [0] NCCL INFO AllGather: 4096 Bytes -> Algo RING proto SIMPLE channel{Lo..Hi}={0..0}
[1,0]<stdout>:appmana-023:61108:61108 [0] NCCL INFO AllGather: 4096 Bytes -> Algo RING proto SIMPLE channel{Lo..Hi}={0..0}
[1,0]<stdout>:appmana-023:61108:61108 [0] NCCL INFO AllGather: 4096 Bytes -> Algo RING proto SIMPLE channel{Lo..Hi}={0..0}
[1,0]<stdout>:appmana-023:61108:61108 [0] NCCL INFO AllGather: 4096 Bytes -> Algo RING proto SIMPLE channel{Lo..Hi}={0..0}
[1,0]<stdout>:appmana-023:61108:61108 [0] NCCL INFO AllGather: 4096 Bytes -> Algo RING proto SIMPLE channel{Lo..Hi}={0..0}
[1,0]<stdout>:appmana-023:61108:61108 [0] NCCL INFO AllGather: 4096 Bytes -> Algo RING proto SIMPLE channel{Lo..Hi}={0..0}
[1,0]<stdout>:appmana-023:61108:61108 [0] NCCL INFO AllGather: 4096 Bytes -> Algo RING proto SIMPLE channel{Lo..Hi}={0..0}
[1,0]<stdout>:appmana-023:61108:61108 [0] NCCL INFO AllGather: 4096 Bytes -> Algo RING proto SIMPLE channel{Lo..Hi}={0..0}
[1,0]<stdout>:appmana-023:61108:61108 [0] NCCL INFO AllGather: 4096 Bytes -> Algo RING proto SIMPLE channel{Lo..Hi}={0..0}
[1,0]<stdout>:appmana-023:61108:61108 [0] NCCL INFO AllGather: 4096 Bytes -> Algo RING proto SIMPLE channel{Lo..Hi}={0..0}
[1,0]<stdout>:appmana-023:61108:61108 [0] NCCL INFO AllGather: 4096 Bytes -> Algo RING proto SIMPLE channel{Lo..Hi}={0..0}
[1,0]<stdout>:appmana-023:61108:61108 [0] NCCL INFO AllGather: 4096 Bytes -> Algo RING proto SIMPLE channel{Lo..Hi}={0..0}
[1,0]<stdout>:appmana-023:61108:61108 [0] NCCL INFO AllGather: 4096 Bytes -> Algo RING proto SIMPLE channel{Lo..Hi}={0..0}
[1,0]<stdout>:appmana-023:61108:61108 [0] NCCL INFO AllGather: 4096 Bytes -> Algo RING proto SIMPLE channel{Lo..Hi}={0..0}
[1,0]<stdout>:appmana-023:61108:61108 [0] NCCL INFO AllGather: 4096 Bytes -> Algo RING proto SIMPLE channel{Lo..Hi}={0..0}
[1,0]<stdout>:appmana-023:61108:61108 [0] NCCL INFO AllGather: 4096 Bytes -> Algo RING proto SIMPLE channel{Lo..Hi}={0..0}
[1,0]<stdout>:appmana-023:61108:61108 [0] NCCL INFO AllGather: 4096 Bytes -> Algo RING proto SIMPLE channel{Lo..Hi}={0..0}
[1,0]<stdout>:appmana-023:61108:61108 [0] NCCL INFO AllGather: 4096 Bytes -> Algo RING proto SIMPLE channel{Lo..Hi}={0..0}
[1,0]<stdout>:    51.46    0.16    0.08       0
[1,0]<stdout>:       16384          2048     float    none      -1appmana-023:61108:61108 [0] NCCL INFO AllGather: 8192 Bytes -> Algo RING proto SIMPLE channel{Lo..Hi}={0..0}
[1,0]<stdout>:appmana-023:61108:61108 [0] NCCL INFO AllGather: 8192 Bytes -> Algo RING proto SIMPLE channel{Lo..Hi}={0..0}
[1,0]<stdout>:appmana-023:61108:61108 [0] NCCL INFO AllGather: 8192 Bytes -> Algo RING proto SIMPLE channel{Lo..Hi}={0..0}
[1,0]<stdout>:appmana-023:61108:61108 [0] NCCL INFO AllGather: 8192 Bytes -> Algo RING proto SIMPLE channel{Lo..Hi}={0..0}
[1,0]<stdout>:appmana-023:61108:61108 [0] NCCL INFO AllGather: 8192 Bytes -> Algo RING proto SIMPLE channel{Lo..Hi}={0..0}
[1,0]<stdout>:appmana-023:61108:61108 [0] NCCL INFO AllGather: 8192 Bytes -> Algo RING proto SIMPLE channel{Lo..Hi}={0..0}
[1,0]<stdout>:appmana-023:61108:61108 [0] NCCL INFO AllGather: 8192 Bytes -> Algo RING proto SIMPLE channel{Lo..Hi}={0..0}
[1,0]<stdout>:appmana-023:61108:61108 [0] NCCL INFO AllGather: 8192 Bytes -> Algo RING proto SIMPLE channel{Lo..Hi}={0..0}
[1,0]<stdout>:appmana-023:61108:61108 [0] NCCL INFO AllGather: 8192 Bytes -> Algo RING proto SIMPLE channel{Lo..Hi}={0..0}
[1,0]<stdout>:appmana-023:61108:61108 [0] NCCL INFO AllGather: 8192 Bytes -> Algo RING proto SIMPLE channel{Lo..Hi}={0..0}
[1,0]<stdout>:appmana-023:61108:61108 [0] NCCL INFO AllGather: 8192 Bytes -> Algo RING proto SIMPLE channel{Lo..Hi}={0..0}
[1,0]<stdout>:appmana-023:61108:61108 [0] NCCL INFO AllGather: 8192 Bytes -> Algo RING proto SIMPLE channel{Lo..Hi}={0..0}
[1,0]<stdout>:appmana-023:61108:61108 [0] NCCL INFO AllGather: 8192 Bytes -> Algo RING proto SIMPLE channel{Lo..Hi}={0..0}
[1,0]<stdout>:appmana-023:61108:61108 [0] NCCL INFO AllGather: 8192 Bytes -> Algo RING proto SIMPLE channel{Lo..Hi}={0..0}
[1,0]<stdout>:appmana-023:61108:61108 [0] NCCL INFO AllGather: 8192 Bytes -> Algo RING proto SIMPLE channel{Lo..Hi}={0..0}
[1,0]<stdout>:appmana-023:61108:61108 [0] NCCL INFO AllGather: 8192 Bytes -> Algo RING proto SIMPLE channel{Lo..Hi}={0..0}
[1,0]<stdout>:appmana-023:61108:61108 [0] NCCL INFO AllGather: 8192 Bytes -> Algo RING proto SIMPLE channel{Lo..Hi}={0..0}
[1,0]<stdout>:appmana-023:61108:61108 [0] NCCL INFO AllGather: 8192 Bytes -> Algo RING proto SIMPLE channel{Lo..Hi}={0..0}
[1,0]<stdout>:appmana-023:61108:61108 [0] NCCL INFO AllGather: 8192 Bytes -> Algo RING proto SIMPLE channel{Lo..Hi}={0..0}
[1,0]<stdout>:appmana-023:61108:61108 [0] NCCL INFO AllGather: 8192 Bytes -> Algo RING proto SIMPLE channel{Lo..Hi}={0..0}
[1,0]<stdout>:appmana-023:61108:61108 [0] NCCL INFO AllGather: 8192 Bytes -> Algo RING proto SIMPLE channel{Lo..Hi}={0..0}
[1,0]<stdout>:appmana-023:61108:61108 [0] NCCL INFO AllGather: 8192 Bytes -> Algo RING proto SIMPLE channel{Lo..Hi}={0..0}
[1,0]<stdout>:    54.92    0.30    0.15       0appmana-023:61108:61108 [0] NCCL INFO AllGather: 8192 Bytes -> Algo RING proto SIMPLE channel{Lo..Hi}={0..0}
[1,0]<stdout>:appmana-023:61108:61108 [0] NCCL INFO AllGather: 8192 Bytes -> Algo RING proto SIMPLE channel{Lo..Hi}={0..0}
[1,0]<stdout>:appmana-023:61108:61108 [0] NCCL INFO AllGather: 8192 Bytes -> Algo RING proto SIMPLE channel{Lo..Hi}={0..0}
[1,0]<stdout>:appmana-023:61108:61108 [0] NCCL INFO AllGather: 8192 Bytes -> Algo RING proto SIMPLE channel{Lo..Hi}={0..0}
[1,0]<stdout>:appmana-023:61108:61108 [0] NCCL INFO AllGather: 8192 Bytes -> Algo RING proto SIMPLE channel{Lo..Hi}={0..0}
[1,0]<stdout>:appmana-023:61108:61108 [0] NCCL INFO AllGather: 8192 Bytes -> Algo RING proto SIMPLE channel{Lo..Hi}={0..0}
[1,0]<stdout>:appmana-023:61108:61108 [0] NCCL INFO AllGather: 8192 Bytes -> Algo RING proto SIMPLE channel{Lo..Hi}={0..0}
[1,0]<stdout>:appmana-023:61108:61108 [0] NCCL INFO AllGather: 8192 Bytes -> Algo RING proto SIMPLE channel{Lo..Hi}={0..0}
[1,0]<stdout>:appmana-023:61108:61108 [0] NCCL INFO AllGather: 8192 Bytes -> Algo RING proto SIMPLE channel{Lo..Hi}={0..0}
[1,0]<stdout>:appmana-023:61108:61108 [0] NCCL INFO AllGather: 8192 Bytes -> Algo RING proto SIMPLE channel{Lo..Hi}={0..0}
[1,0]<stdout>:appmana-023:61108:61108 [0] NCCL INFO AllGather: 8192 Bytes -> Algo RING proto SIMPLE channel{Lo..Hi}={0..0}
[1,0]<stdout>:appmana-023:61108:61108 [0] NCCL INFO AllGather: 8192 Bytes -> Algo RING proto SIMPLE channel{Lo..Hi}={0..0}
[1,0]<stdout>:appmana-023:61108:61108 [0] NCCL INFO AllGather: 8192 Bytes -> Algo RING proto SIMPLE channel{Lo..Hi}={0..0}
[1,0]<stdout>:appmana-023:61108:61108 [0] NCCL INFO AllGather: 8192 Bytes -> Algo RING proto SIMPLE channel{Lo..Hi}={0..0}
[1,0]<stdout>:appmana-023:61108:61108 [0] NCCL INFO AllGather: 8192 Bytes -> Algo RING proto SIMPLE channel{Lo..Hi}={0..0}
[1,0]<stdout>:appmana-023:61108:61108 [0] NCCL INFO AllGather: 8192 Bytes -> Algo RING proto SIMPLE channel{Lo..Hi}={0..0}
[1,0]<stdout>:appmana-023:61108:61108 [0] NCCL INFO AllGather: 8192 Bytes -> Algo RING proto SIMPLE channel{Lo..Hi}={0..0}
[1,0]<stdout>:appmana-023:61108:61108 [0] NCCL INFO AllGather: 8192 Bytes -> Algo RING proto SIMPLE channel{Lo..Hi}={0..0}
[1,0]<stdout>:appmana-023:61108:61108 [0] NCCL INFO AllGather: 8192 Bytes -> Algo RING proto SIMPLE channel{Lo..Hi}={0..0}
[1,0]<stdout>:appmana-023:61108:61108 [0] NCCL INFO AllGather: 8192 Bytes -> Algo RING proto SIMPLE channel{Lo..Hi}={0..0}
[1,0]<stdout>:appmana-023:61108:61108 [0] NCCL INFO AllGather: 8192 Bytes -> Algo RING proto SIMPLE channel{Lo..Hi}={0..0}
[1,0]<stdout>:appmana-023:61108:61108 [0] NCCL INFO AllGather: 8192 Bytes -> Algo RING proto SIMPLE channel{Lo..Hi}={0..0}
[1,0]<stdout>:    54.07    0.30    0.15       0
[1,0]<stdout>:       32768          4096     float    none      -1appmana-023:61108:61108 [0] NCCL INFO AllGather: 16384 Bytes -> Algo RING proto SIMPLE channel{Lo..Hi}={0..0}
[1,0]<stdout>:appmana-023:61108:61108 [0] NCCL INFO AllGather: 16384 Bytes -> Algo RING proto SIMPLE channel{Lo..Hi}={0..0}
[1,0]<stdout>:appmana-023:61108:61108 [0] NCCL INFO AllGather: 16384 Bytes -> Algo RING proto SIMPLE channel{Lo..Hi}={0..0}
[1,0]<stdout>:appmana-023:61108:61108 [0] NCCL INFO AllGather: 16384 Bytes -> Algo RING proto SIMPLE channel{Lo..Hi}={0..0}
[1,0]<stdout>:appmana-023:61108:61108 [0] NCCL INFO AllGather: 16384 Bytes -> Algo RING proto SIMPLE channel{Lo..Hi}={0..0}
[1,0]<stdout>:appmana-023:61108:61108 [0] NCCL INFO AllGather: 16384 Bytes -> Algo RING proto SIMPLE channel{Lo..Hi}={0..0}
[1,0]<stdout>:appmana-023:61108:61108 [0] NCCL INFO AllGather: 16384 Bytes -> Algo RING proto SIMPLE channel{Lo..Hi}={0..0}
[1,0]<stdout>:appmana-023:61108:61108 [0] NCCL INFO AllGather: 16384 Bytes -> Algo RING proto SIMPLE channel{Lo..Hi}={0..0}
[1,0]<stdout>:appmana-023:61108:61108 [0] NCCL INFO AllGather: 16384 Bytes -> Algo RING proto SIMPLE channel{Lo..Hi}={0..0}
[1,0]<stdout>:appmana-023:61108:61108 [0] NCCL INFO AllGather: 16384 Bytes -> Algo RING proto SIMPLE channel{Lo..Hi}={0..0}
[1,0]<stdout>:appmana-023:61108:61108 [0] NCCL INFO AllGather: 16384 Bytes -> Algo RING proto SIMPLE channel{Lo..Hi}={0..0}
[1,0]<stdout>:appmana-023:61108:61108 [0] NCCL INFO AllGather: 16384 Bytes -> Algo RING proto SIMPLE channel{Lo..Hi}={0..0}
[1,0]<stdout>:appmana-023:61108:61108 [0] NCCL INFO AllGather: 16384 Bytes -> Algo RING proto SIMPLE channel{Lo..Hi}={0..0}
[1,0]<stdout>:appmana-023:61108:61108 [0] NCCL INFO AllGather: 16384 Bytes -> Algo RING proto SIMPLE channel{Lo..Hi}={0..0}
[1,0]<stdout>:appmana-023:61108:61108 [0] NCCL INFO AllGather: 16384 Bytes -> Algo RING proto SIMPLE channel{Lo..Hi}={0..0}
[1,0]<stdout>:appmana-023:61108:61108 [0] NCCL INFO AllGather: 16384 Bytes -> Algo RING proto SIMPLE channel{Lo..Hi}={0..0}
[1,0]<stdout>:appmana-023:61108:61108 [0] NCCL INFO AllGather: 16384 Bytes -> Algo RING proto SIMPLE channel{Lo..Hi}={0..0}
[1,0]<stdout>:appmana-023:61108:61108 [0] NCCL INFO AllGather: 16384 Bytes -> Algo RING proto SIMPLE channel{Lo..Hi}={0..0}
[1,0]<stdout>:appmana-023:61108:61108 [0] NCCL INFO AllGather: 16384 Bytes -> Algo RING proto SIMPLE channel{Lo..Hi}={0..0}
[1,0]<stdout>:appmana-023:61108:61108 [0] NCCL INFO AllGather: 16384 Bytes -> Algo RING proto SIMPLE channel{Lo..Hi}={0..0}
[1,0]<stdout>:appmana-023:61108:61108 [0] NCCL INFO AllGather: 16384 Bytes -> Algo RING proto SIMPLE channel{Lo..Hi}={0..0}
[1,0]<stdout>:appmana-023:61108:61108 [0] NCCL INFO AllGather: 16384 Bytes -> Algo RING proto SIMPLE channel{Lo..Hi}={0..0}
[1,0]<stdout>:    62.00    0.53    0.26       0appmana-023:61108:61108 [0] NCCL INFO AllGather: 16384 Bytes -> Algo RING proto SIMPLE channel{Lo..Hi}={0..0}
[1,0]<stdout>:appmana-023:61108:61108 [0] NCCL INFO AllGather: 16384 Bytes -> Algo RING proto SIMPLE channel{Lo..Hi}={0..0}
[1,0]<stdout>:appmana-023:61108:61108 [0] NCCL INFO AllGather: 16384 Bytes -> Algo RING proto SIMPLE channel{Lo..Hi}={0..0}
[1,0]<stdout>:appmana-023:61108:61108 [0] NCCL INFO AllGather: 16384 Bytes -> Algo RING proto SIMPLE channel{Lo..Hi}={0..0}
[1,0]<stdout>:appmana-023:61108:61108 [0] NCCL INFO AllGather: 16384 Bytes -> Algo RING proto SIMPLE channel{Lo..Hi}={0..0}
[1,0]<stdout>:appmana-023:61108:61108 [0] NCCL INFO AllGather: 16384 Bytes -> Algo RING proto SIMPLE channel{Lo..Hi}={0..0}
[1,0]<stdout>:appmana-023:61108:61108 [0] NCCL INFO AllGather: 16384 Bytes -> Algo RING proto SIMPLE channel{Lo..Hi}={0..0}
[1,0]<stdout>:appmana-023:61108:61108 [0] NCCL INFO AllGather: 16384 Bytes -> Algo RING proto SIMPLE channel{Lo..Hi}={0..0}
[1,0]<stdout>:appmana-023:61108:61108 [0] NCCL INFO AllGather: 16384 Bytes -> Algo RING proto SIMPLE channel{Lo..Hi}={0..0}
[1,0]<stdout>:appmana-023:61108:61108 [0] NCCL INFO AllGather: 16384 Bytes -> Algo RING proto SIMPLE channel{Lo..Hi}={0..0}
[1,0]<stdout>:appmana-023:61108:61108 [0] NCCL INFO AllGather: 16384 Bytes -> Algo RING proto SIMPLE channel{Lo..Hi}={0..0}
[1,0]<stdout>:appmana-023:61108:61108 [0] NCCL INFO AllGather: 16384 Bytes -> Algo RING proto SIMPLE channel{Lo..Hi}={0..0}
[1,0]<stdout>:appmana-023:61108:61108 [0] NCCL INFO AllGather: 16384 Bytes -> Algo RING proto SIMPLE channel{Lo..Hi}={0..0}
[1,0]<stdout>:appmana-023:61108:61108 [0] NCCL INFO AllGather: 16384 Bytes -> Algo RING proto SIMPLE channel{Lo..Hi}={0..0}
[1,0]<stdout>:appmana-023:61108:61108 [0] NCCL INFO AllGather: 16384 Bytes -> Algo RING proto SIMPLE channel{Lo..Hi}={0..0}
[1,0]<stdout>:appmana-023:61108:61108 [0] NCCL INFO AllGather: 16384 Bytes -> Algo RING proto SIMPLE channel{Lo..Hi}={0..0}
[1,0]<stdout>:appmana-023:61108:61108 [0] NCCL INFO AllGather: 16384 Bytes -> Algo RING proto SIMPLE channel{Lo..Hi}={0..0}
[1,0]<stdout>:appmana-023:61108:61108 [0] NCCL INFO AllGather: 16384 Bytes -> Algo RING proto SIMPLE channel{Lo..Hi}={0..0}
[1,0]<stdout>:appmana-023:61108:61108 [0] NCCL INFO AllGather: 16384 Bytes -> Algo RING proto SIMPLE channel{Lo..Hi}={0..0}
[1,0]<stdout>:appmana-023:61108:61108 [0] NCCL INFO AllGather: 16384 Bytes -> Algo RING proto SIMPLE channel{Lo..Hi}={0..0}
[1,0]<stdout>:appmana-023:61108:61108 [0] NCCL INFO AllGather: 16384 Bytes -> Algo RING proto SIMPLE channel{Lo..Hi}={0..0}
[1,0]<stdout>:appmana-023:61108:61108 [0] NCCL INFO AllGather: 16384 Bytes -> Algo RING proto SIMPLE channel{Lo..Hi}={0..0}
[1,0]<stdout>:    66.26    0.49    0.25       0
[1,0]<stdout>:       65536          8192     float    none      -1appmana-023:61108:61108 [0] NCCL INFO AllGather: 32768 Bytes -> Algo RING proto SIMPLE channel{Lo..Hi}={0..1}
[1,0]<stdout>:appmana-023:61108:61108 [0] NCCL INFO AllGather: 32768 Bytes -> Algo RING proto SIMPLE channel{Lo..Hi}={0..1}
[1,0]<stdout>:appmana-023:61108:61108 [0] NCCL INFO AllGather: 32768 Bytes -> Algo RING proto SIMPLE channel{Lo..Hi}={0..1}
[1,0]<stdout>:appmana-023:61108:61108 [0] NCCL INFO AllGather: 32768 Bytes -> Algo RING proto SIMPLE channel{Lo..Hi}={0..1}
[1,0]<stdout>:appmana-023:61108:61108 [0] NCCL INFO AllGather: 32768 Bytes -> Algo RING proto SIMPLE channel{Lo..Hi}={0..1}
[1,0]<stdout>:appmana-023:61108:61108 [0] NCCL INFO AllGather: 32768 Bytes -> Algo RING proto SIMPLE channel{Lo..Hi}={0..1}
[1,0]<stdout>:appmana-023:61108:61108 [0] NCCL INFO AllGather: 32768 Bytes -> Algo RING proto SIMPLE channel{Lo..Hi}={0..1}
[1,0]<stdout>:appmana-023:61108:61108 [0] NCCL INFO AllGather: 32768 Bytes -> Algo RING proto SIMPLE channel{Lo..Hi}={0..1}
[1,0]<stdout>:appmana-023:61108:61108 [0] NCCL INFO AllGather: 32768 Bytes -> Algo RING proto SIMPLE channel{Lo..Hi}={0..1}
[1,0]<stdout>:appmana-023:61108:61108 [0] NCCL INFO AllGather: 32768 Bytes -> Algo RING proto SIMPLE channel{Lo..Hi}={0..1}
[1,0]<stdout>:appmana-023:61108:61108 [0] NCCL INFO AllGather: 32768 Bytes -> Algo RING proto SIMPLE channel{Lo..Hi}={0..1}
[1,0]<stdout>:appmana-023:61108:61108 [0] NCCL INFO AllGather: 32768 Bytes -> Algo RING proto SIMPLE channel{Lo..Hi}={0..1}
[1,0]<stdout>:appmana-023:61108:61108 [0] NCCL INFO AllGather: 32768 Bytes -> Algo RING proto SIMPLE channel{Lo..Hi}={0..1}
[1,0]<stdout>:appmana-023:61108:61108 [0] NCCL INFO AllGather: 32768 Bytes -> Algo RING proto SIMPLE channel{Lo..Hi}={0..1}
[1,0]<stdout>:appmana-023:61108:61108 [0] NCCL INFO AllGather: 32768 Bytes -> Algo RING proto SIMPLE channel{Lo..Hi}={0..1}
[1,0]<stdout>:appmana-023:61108:61108 [0] NCCL INFO AllGather: 32768 Bytes -> Algo RING proto SIMPLE channel{Lo..Hi}={0..1}
[1,0]<stdout>:appmana-023:61108:61108 [0] NCCL INFO AllGather: 32768 Bytes -> Algo RING proto SIMPLE channel{Lo..Hi}={0..1}
[1,0]<stdout>:appmana-023:61108:61108 [0] NCCL INFO AllGather: 32768 Bytes -> Algo RING proto SIMPLE channel{Lo..Hi}={0..1}
[1,0]<stdout>:appmana-023:61108:61108 [0] NCCL INFO AllGather: 32768 Bytes -> Algo RING proto SIMPLE channel{Lo..Hi}={0..1}
[1,0]<stdout>:appmana-023:61108:61108 [0] NCCL INFO AllGather: 32768 Bytes -> Algo RING proto SIMPLE channel{Lo..Hi}={0..1}
[1,0]<stdout>:appmana-023:61108:61108 [0] NCCL INFO AllGather: 32768 Bytes -> Algo RING proto SIMPLE channel{Lo..Hi}={0..1}
[1,0]<stdout>:appmana-023:61108:61108 [0] NCCL INFO AllGather: 32768 Bytes -> Algo RING proto SIMPLE channel{Lo..Hi}={0..1}
[1,0]<stdout>:    80.22    0.82    0.41       0appmana-023:61108:61108 [0] NCCL INFO AllGather: 32768 Bytes -> Algo RING proto SIMPLE channel{Lo..Hi}={0..1}
[1,0]<stdout>:appmana-023:61108:61108 [0] NCCL INFO AllGather: 32768 Bytes -> Algo RING proto SIMPLE channel{Lo..Hi}={0..1}
[1,0]<stdout>:appmana-023:61108:61108 [0] NCCL INFO AllGather: 32768 Bytes -> Algo RING proto SIMPLE channel{Lo..Hi}={0..1}
[1,0]<stdout>:appmana-023:61108:61108 [0] NCCL INFO AllGather: 32768 Bytes -> Algo RING proto SIMPLE channel{Lo..Hi}={0..1}
[1,0]<stdout>:appmana-023:61108:61108 [0] NCCL INFO AllGather: 32768 Bytes -> Algo RING proto SIMPLE channel{Lo..Hi}={0..1}
[1,0]<stdout>:appmana-023:61108:61108 [0] NCCL INFO AllGather: 32768 Bytes -> Algo RING proto SIMPLE channel{Lo..Hi}={0..1}
[1,0]<stdout>:appmana-023:61108:61108 [0] NCCL INFO AllGather: 32768 Bytes -> Algo RING proto SIMPLE channel{Lo..Hi}={0..1}
[1,0]<stdout>:appmana-023:61108:61108 [0] NCCL INFO AllGather: 32768 Bytes -> Algo RING proto SIMPLE channel{Lo..Hi}={0..1}
[1,0]<stdout>:appmana-023:61108:61108 [0] NCCL INFO AllGather: 32768 Bytes -> Algo RING proto SIMPLE channel{Lo..Hi}={0..1}
[1,0]<stdout>:appmana-023:61108:61108 [0] NCCL INFO AllGather: 32768 Bytes -> Algo RING proto SIMPLE channel{Lo..Hi}={0..1}
[1,0]<stdout>:appmana-023:61108:61108 [0] NCCL INFO AllGather: 32768 Bytes -> Algo RING proto SIMPLE channel{Lo..Hi}={0..1}
[1,0]<stdout>:appmana-023:61108:61108 [0] NCCL INFO AllGather: 32768 Bytes -> Algo RING proto SIMPLE channel{Lo..Hi}={0..1}
[1,0]<stdout>:appmana-023:61108:61108 [0] NCCL INFO AllGather: 32768 Bytes -> Algo RING proto SIMPLE channel{Lo..Hi}={0..1}
[1,0]<stdout>:appmana-023:61108:61108 [0] NCCL INFO AllGather: 32768 Bytes -> Algo RING proto SIMPLE channel{Lo..Hi}={0..1}
[1,0]<stdout>:appmana-023:61108:61108 [0] NCCL INFO AllGather: 32768 Bytes -> Algo RING proto SIMPLE channel{Lo..Hi}={0..1}
[1,0]<stdout>:appmana-023:61108:61108 [0] NCCL INFO AllGather: 32768 Bytes -> Algo RING proto SIMPLE channel{Lo..Hi}={0..1}
[1,0]<stdout>:appmana-023:61108:61108 [0] NCCL INFO AllGather: 32768 Bytes -> Algo RING proto SIMPLE channel{Lo..Hi}={0..1}
[1,0]<stdout>:appmana-023:61108:61108 [0] NCCL INFO AllGather: 32768 Bytes -> Algo RING proto SIMPLE channel{Lo..Hi}={0..1}
[1,0]<stdout>:appmana-023:61108:61108 [0] NCCL INFO AllGather: 32768 Bytes -> Algo RING proto SIMPLE channel{Lo..Hi}={0..1}
[1,0]<stdout>:appmana-023:61108:61108 [0] NCCL INFO AllGather: 32768 Bytes -> Algo RING proto SIMPLE channel{Lo..Hi}={0..1}
[1,0]<stdout>:appmana-023:61108:61108 [0] NCCL INFO AllGather: 32768 Bytes -> Algo RING proto SIMPLE channel{Lo..Hi}={0..1}
[1,0]<stdout>:appmana-023:61108:61108 [0] NCCL INFO AllGather: 32768 Bytes -> Algo RING proto SIMPLE channel{Lo..Hi}={0..1}
[1,0]<stdout>:    82.62    0.79    0.40       0
[1,0]<stdout>:      131072         16384     float    none      -1appmana-023:61108:61108 [0] NCCL INFO AllGather: 65536 Bytes -> Algo RING proto SIMPLE channel{Lo..Hi}={0..1}
[1,0]<stdout>:appmana-023:61108:61108 [0] NCCL INFO AllGather: 65536 Bytes -> Algo RING proto SIMPLE channel{Lo..Hi}={0..1}
[1,0]<stdout>:appmana-023:61108:61108 [0] NCCL INFO AllGather: 65536 Bytes -> Algo RING proto SIMPLE channel{Lo..Hi}={0..1}
[1,0]<stdout>:appmana-023:61108:61108 [0] NCCL INFO AllGather: 65536 Bytes -> Algo RING proto SIMPLE channel{Lo..Hi}={0..1}
[1,0]<stdout>:appmana-023:61108:61108 [0] NCCL INFO AllGather: 65536 Bytes -> Algo RING proto SIMPLE channel{Lo..Hi}={0..1}
[1,0]<stdout>:appmana-023:61108:61108 [0] NCCL INFO AllGather: 65536 Bytes -> Algo RING proto SIMPLE channel{Lo..Hi}={0..1}
[1,0]<stdout>:appmana-023:61108:61108 [0] NCCL INFO AllGather: 65536 Bytes -> Algo RING proto SIMPLE channel{Lo..Hi}={0..1}
[1,0]<stdout>:appmana-023:61108:61108 [0] NCCL INFO AllGather: 65536 Bytes -> Algo RING proto SIMPLE channel{Lo..Hi}={0..1}
[1,0]<stdout>:appmana-023:61108:61108 [0] NCCL INFO AllGather: 65536 Bytes -> Algo RING proto SIMPLE channel{Lo..Hi}={0..1}
[1,0]<stdout>:appmana-023:61108:61108 [0] NCCL INFO AllGather: 65536 Bytes -> Algo RING proto SIMPLE channel{Lo..Hi}={0..1}
[1,0]<stdout>:appmana-023:61108:61108 [0] NCCL INFO AllGather: 65536 Bytes -> Algo RING proto SIMPLE channel{Lo..Hi}={0..1}
[1,0]<stdout>:appmana-023:61108:61108 [0] NCCL INFO AllGather: 65536 Bytes -> Algo RING proto SIMPLE channel{Lo..Hi}={0..1}
[1,0]<stdout>:appmana-023:61108:61108 [0] NCCL INFO AllGather: 65536 Bytes -> Algo RING proto SIMPLE channel{Lo..Hi}={0..1}
[1,0]<stdout>:appmana-023:61108:61108 [0] NCCL INFO AllGather: 65536 Bytes -> Algo RING proto SIMPLE channel{Lo..Hi}={0..1}
[1,0]<stdout>:appmana-023:61108:61108 [0] NCCL INFO AllGather: 65536 Bytes -> Algo RING proto SIMPLE channel{Lo..Hi}={0..1}
[1,0]<stdout>:appmana-023:61108:61108 [0] NCCL INFO AllGather: 65536 Bytes -> Algo RING proto SIMPLE channel{Lo..Hi}={0..1}
[1,0]<stdout>:appmana-023:61108:61108 [0] NCCL INFO AllGather: 65536 Bytes -> Algo RING proto SIMPLE channel{Lo..Hi}={0..1}
[1,0]<stdout>:appmana-023:61108:61108 [0] NCCL INFO AllGather: 65536 Bytes -> Algo RING proto SIMPLE channel{Lo..Hi}={0..1}
[1,0]<stdout>:appmana-023:61108:61108 [0] NCCL INFO AllGather: 65536 Bytes -> Algo RING proto SIMPLE channel{Lo..Hi}={0..1}
[1,0]<stdout>:appmana-023:61108:61108 [0] NCCL INFO AllGather: 65536 Bytes -> Algo RING proto SIMPLE channel{Lo..Hi}={0..1}
[1,0]<stdout>:appmana-023:61108:61108 [0] NCCL INFO AllGather: 65536 Bytes -> Algo RING proto SIMPLE channel{Lo..Hi}={0..1}
[1,0]<stdout>:appmana-023:61108:61108 [0] NCCL INFO AllGather: 65536 Bytes -> Algo RING proto SIMPLE channel{Lo..Hi}={0..1}
[1,0]<stdout>:   103.07    1.27    0.64       0appmana-023:61108:61108 [0] NCCL INFO AllGather: 65536 Bytes -> Algo RING proto SIMPLE channel{Lo..Hi}={0..1}
[1,0]<stdout>:appmana-023:61108:61108 [0] NCCL INFO AllGather: 65536 Bytes -> Algo RING proto SIMPLE channel{Lo..Hi}={0..1}
[1,0]<stdout>:appmana-023:61108:61108 [0] NCCL INFO AllGather: 65536 Bytes -> Algo RING proto SIMPLE channel{Lo..Hi}={0..1}
[1,0]<stdout>:appmana-023:61108:61108 [0] NCCL INFO AllGather: 65536 Bytes -> Algo RING proto SIMPLE channel{Lo..Hi}={0..1}
[1,0]<stdout>:appmana-023:61108:61108 [0] NCCL INFO AllGather: 65536 Bytes -> Algo RING proto SIMPLE channel{Lo..Hi}={0..1}
[1,0]<stdout>:appmana-023:61108:61108 [0] NCCL INFO AllGather: 65536 Bytes -> Algo RING proto SIMPLE channel{Lo..Hi}={0..1}
[1,0]<stdout>:appmana-023:61108:61108 [0] NCCL INFO AllGather: 65536 Bytes -> Algo RING proto SIMPLE channel{Lo..Hi}={0..1}
[1,0]<stdout>:appmana-023:61108:61108 [0] NCCL INFO AllGather: 65536 Bytes -> Algo RING proto SIMPLE channel{Lo..Hi}={0..1}
[1,0]<stdout>:appmana-023:61108:61108 [0] NCCL INFO AllGather: 65536 Bytes -> Algo RING proto SIMPLE channel{Lo..Hi}={0..1}
[1,0]<stdout>:appmana-023:61108:61108 [0] NCCL INFO AllGather: 65536 Bytes -> Algo RING proto SIMPLE channel{Lo..Hi}={0..1}
[1,0]<stdout>:appmana-023:61108:61108 [0] NCCL INFO AllGather: 65536 Bytes -> Algo RING proto SIMPLE channel{Lo..Hi}={0..1}
[1,0]<stdout>:appmana-023:61108:61108 [0] NCCL INFO AllGather: 65536 Bytes -> Algo RING proto SIMPLE channel{Lo..Hi}={0..1}
[1,0]<stdout>:appmana-023:61108:61108 [0] NCCL INFO AllGather: 65536 Bytes -> Algo RING proto SIMPLE channel{Lo..Hi}={0..1}
[1,0]<stdout>:appmana-023:61108:61108 [0] NCCL INFO AllGather: 65536 Bytes -> Algo RING proto SIMPLE channel{Lo..Hi}={0..1}
[1,0]<stdout>:appmana-023:61108:61108 [0] NCCL INFO AllGather: 65536 Bytes -> Algo RING proto SIMPLE channel{Lo..Hi}={0..1}
[1,0]<stdout>:appmana-023:61108:61108 [0] NCCL INFO AllGather: 65536 Bytes -> Algo RING proto SIMPLE channel{Lo..Hi}={0..1}
[1,0]<stdout>:appmana-023:61108:61108 [0] NCCL INFO AllGather: 65536 Bytes -> Algo RING proto SIMPLE channel{Lo..Hi}={0..1}
[1,0]<stdout>:appmana-023:61108:61108 [0] NCCL INFO AllGather: 65536 Bytes -> Algo RING proto SIMPLE channel{Lo..Hi}={0..1}
[1,0]<stdout>:appmana-023:61108:61108 [0] NCCL INFO AllGather: 65536 Bytes -> Algo RING proto SIMPLE channel{Lo..Hi}={0..1}
[1,0]<stdout>:appmana-023:61108:61108 [0] NCCL INFO AllGather: 65536 Bytes -> Algo RING proto SIMPLE channel{Lo..Hi}={0..1}
[1,0]<stdout>:appmana-023:61108:61108 [0] NCCL INFO AllGather: 65536 Bytes -> Algo RING proto SIMPLE channel{Lo..Hi}={0..1}
[1,0]<stdout>:appmana-023:61108:61108 [0] NCCL INFO AllGather: 65536 Bytes -> Algo RING proto SIMPLE channel{Lo..Hi}={0..1}
[1,0]<stdout>:   106.17    1.23    0.62       0
[1,0]<stdout>:      262144         32768     float    none      -1appmana-023:61108:61108 [0] NCCL INFO AllGather: 131072 Bytes -> Algo RING proto SIMPLE channel{Lo..Hi}={0..1}
[1,0]<stdout>:appmana-023:61108:61108 [0] NCCL INFO AllGather: 131072 Bytes -> Algo RING proto SIMPLE channel{Lo..Hi}={0..1}
[1,0]<stdout>:appmana-023:61108:61108 [0] NCCL INFO AllGather: 131072 Bytes -> Algo RING proto SIMPLE channel{Lo..Hi}={0..1}
[1,0]<stdout>:appmana-023:61108:61108 [0] NCCL INFO AllGather: 131072 Bytes -> Algo RING proto SIMPLE channel{Lo..Hi}={0..1}
[1,0]<stdout>:appmana-023:61108:61108 [0] NCCL INFO AllGather: 131072 Bytes -> Algo RING proto SIMPLE channel{Lo..Hi}={0..1}
[1,0]<stdout>:appmana-023:61108:61108 [0] NCCL INFO AllGather: 131072 Bytes -> Algo RING proto SIMPLE channel{Lo..Hi}={0..1}
[1,0]<stdout>:appmana-023:61108:61108 [0] NCCL INFO AllGather: 131072 Bytes -> Algo RING proto SIMPLE channel{Lo..Hi}={0..1}
[1,0]<stdout>:appmana-023:61108:61108 [0] NCCL INFO AllGather: 131072 Bytes -> Algo RING proto SIMPLE channel{Lo..Hi}={0..1}
[1,0]<stdout>:appmana-023:61108:61108 [0] NCCL INFO AllGather: 131072 Bytes -> Algo RING proto SIMPLE channel{Lo..Hi}={0..1}
[1,0]<stdout>:appmana-023:61108:61108 [0] NCCL INFO AllGather: 131072 Bytes -> Algo RING proto SIMPLE channel{Lo..Hi}={0..1}
[1,0]<stdout>:appmana-023:61108:61108 [0] NCCL INFO AllGather: 131072 Bytes -> Algo RING proto SIMPLE channel{Lo..Hi}={0..1}
[1,0]<stdout>:appmana-023:61108:61108 [0] NCCL INFO AllGather: 131072 Bytes -> Algo RING proto SIMPLE channel{Lo..Hi}={0..1}
[1,0]<stdout>:appmana-023:61108:61108 [0] NCCL INFO AllGather: 131072 Bytes -> Algo RING proto SIMPLE channel{Lo..Hi}={0..1}
[1,0]<stdout>:appmana-023:61108:61108 [0] NCCL INFO AllGather: 131072 Bytes -> Algo RING proto SIMPLE channel{Lo..Hi}={0..1}
[1,0]<stdout>:appmana-023:61108:61108 [0] NCCL INFO AllGather: 131072 Bytes -> Algo RING proto SIMPLE channel{Lo..Hi}={0..1}
[1,0]<stdout>:appmana-023:61108:61108 [0] NCCL INFO AllGather: 131072 Bytes -> Algo RING proto SIMPLE channel{Lo..Hi}={0..1}
[1,0]<stdout>:appmana-023:61108:61108 [0] NCCL INFO AllGather: 131072 Bytes -> Algo RING proto SIMPLE channel{Lo..Hi}={0..1}
[1,0]<stdout>:appmana-023:61108:61108 [0] NCCL INFO AllGather: 131072 Bytes -> Algo RING proto SIMPLE channel{Lo..Hi}={0..1}
[1,0]<stdout>:appmana-023:61108:61108 [0] NCCL INFO AllGather: 131072 Bytes -> Algo RING proto SIMPLE channel{Lo..Hi}={0..1}
[1,0]<stdout>:appmana-023:61108:61108 [0] NCCL INFO AllGather: 131072 Bytes -> Algo RING proto SIMPLE channel{Lo..Hi}={0..1}
[1,0]<stdout>:appmana-023:61108:61108 [0] NCCL INFO AllGather: 131072 Bytes -> Algo RING proto SIMPLE channel{Lo..Hi}={0..1}
[1,0]<stdout>:appmana-023:61108:61108 [0] NCCL INFO AllGather: 131072 Bytes -> Algo RING proto SIMPLE channel{Lo..Hi}={0..1}
[1,0]<stdout>:   152.46    1.72    0.86       0appmana-023:61108:61108 [0] NCCL INFO AllGather: 131072 Bytes -> Algo RING proto SIMPLE channel{Lo..Hi}={0..1}
[1,0]<stdout>:appmana-023:61108:61108 [0] NCCL INFO AllGather: 131072 Bytes -> Algo RING proto SIMPLE channel{Lo..Hi}={0..1}
[1,0]<stdout>:appmana-023:61108:61108 [0] NCCL INFO AllGather: 131072 Bytes -> Algo RING proto SIMPLE channel{Lo..Hi}={0..1}
[1,0]<stdout>:appmana-023:61108:61108 [0] NCCL INFO AllGather: 131072 Bytes -> Algo RING proto SIMPLE channel{Lo..Hi}={0..1}
[1,0]<stdout>:appmana-023:61108:61108 [0] NCCL INFO AllGather: 131072 Bytes -> Algo RING proto SIMPLE channel{Lo..Hi}={0..1}
[1,0]<stdout>:appmana-023:61108:61108 [0] NCCL INFO AllGather: 131072 Bytes -> Algo RING proto SIMPLE channel{Lo..Hi}={0..1}
[1,0]<stdout>:appmana-023:61108:61108 [0] NCCL INFO AllGather: 131072 Bytes -> Algo RING proto SIMPLE channel{Lo..Hi}={0..1}
[1,0]<stdout>:appmana-023:61108:61108 [0] NCCL INFO AllGather: 131072 Bytes -> Algo RING proto SIMPLE channel{Lo..Hi}={0..1}
[1,0]<stdout>:appmana-023:61108:61108 [0] NCCL INFO AllGather: 131072 Bytes -> Algo RING proto SIMPLE channel{Lo..Hi}={0..1}
[1,0]<stdout>:appmana-023:61108:61108 [0] NCCL INFO AllGather: 131072 Bytes -> Algo RING proto SIMPLE channel{Lo..Hi}={0..1}
[1,0]<stdout>:appmana-023:61108:61108 [0] NCCL INFO AllGather: 131072 Bytes -> Algo RING proto SIMPLE channel{Lo..Hi}={0..1}
[1,0]<stdout>:appmana-023:61108:61108 [0] NCCL INFO AllGather: 131072 Bytes -> Algo RING proto SIMPLE channel{Lo..Hi}={0..1}
[1,0]<stdout>:appmana-023:61108:61108 [0] NCCL INFO AllGather: 131072 Bytes -> Algo RING proto SIMPLE channel{Lo..Hi}={0..1}
[1,0]<stdout>:appmana-023:61108:61108 [0] NCCL INFO AllGather: 131072 Bytes -> Algo RING proto SIMPLE channel{Lo..Hi}={0..1}
[1,0]<stdout>:appmana-023:61108:61108 [0] NCCL INFO AllGather: 131072 Bytes -> Algo RING proto SIMPLE channel{Lo..Hi}={0..1}
[1,0]<stdout>:appmana-023:61108:61108 [0] NCCL INFO AllGather: 131072 Bytes -> Algo RING proto SIMPLE channel{Lo..Hi}={0..1}
[1,0]<stdout>:appmana-023:61108:61108 [0] NCCL INFO AllGather: 131072 Bytes -> Algo RING proto SIMPLE channel{Lo..Hi}={0..1}
[1,0]<stdout>:appmana-023:61108:61108 [0] NCCL INFO AllGather: 131072 Bytes -> Algo RING proto SIMPLE channel{Lo..Hi}={0..1}
[1,0]<stdout>:appmana-023:61108:61108 [0] NCCL INFO AllGather: 131072 Bytes -> Algo RING proto SIMPLE channel{Lo..Hi}={0..1}
[1,0]<stdout>:appmana-023:61108:61108 [0] NCCL INFO AllGather: 131072 Bytes -> Algo RING proto SIMPLE channel{Lo..Hi}={0..1}
[1,0]<stdout>:appmana-023:61108:61108 [0] NCCL INFO AllGather: 131072 Bytes -> Algo RING proto SIMPLE channel{Lo..Hi}={0..1}
[1,0]<stdout>:appmana-023:61108:61108 [0] NCCL INFO AllGather: 131072 Bytes -> Algo RING proto SIMPLE channel{Lo..Hi}={0..1}
[1,0]<stdout>:   152.22    1.72    0.86       0
[1,0]<stdout>:      524288         65536     float    none      -1appmana-023:61108:61108 [0] NCCL INFO AllGather: 262144 Bytes -> Algo RING proto SIMPLE channel{Lo..Hi}={0..1}
[1,0]<stdout>:appmana-023:61108:61108 [0] NCCL INFO AllGather: 262144 Bytes -> Algo RING proto SIMPLE channel{Lo..Hi}={0..1}
[1,0]<stdout>:appmana-023:61108:61108 [0] NCCL INFO AllGather: 262144 Bytes -> Algo RING proto SIMPLE channel{Lo..Hi}={0..1}
[1,0]<stdout>:appmana-023:61108:61108 [0] NCCL INFO AllGather: 262144 Bytes -> Algo RING proto SIMPLE channel{Lo..Hi}={0..1}
[1,0]<stdout>:appmana-023:61108:61108 [0] NCCL INFO AllGather: 262144 Bytes -> Algo RING proto SIMPLE channel{Lo..Hi}={0..1}
[1,0]<stdout>:appmana-023:61108:61108 [0] NCCL INFO AllGather: 262144 Bytes -> Algo RING proto SIMPLE channel{Lo..Hi}={0..1}
[1,0]<stdout>:appmana-023:61108:61108 [0] NCCL INFO AllGather: 262144 Bytes -> Algo RING proto SIMPLE channel{Lo..Hi}={0..1}
[1,0]<stdout>:appmana-023:61108:61108 [0] NCCL INFO AllGather: 262144 Bytes -> Algo RING proto SIMPLE channel{Lo..Hi}={0..1}
[1,0]<stdout>:appmana-023:61108:61108 [0] NCCL INFO AllGather: 262144 Bytes -> Algo RING proto SIMPLE channel{Lo..Hi}={0..1}
[1,0]<stdout>:appmana-023:61108:61108 [0] NCCL INFO AllGather: 262144 Bytes -> Algo RING proto SIMPLE channel{Lo..Hi}={0..1}
[1,0]<stdout>:appmana-023:61108:61108 [0] NCCL INFO AllGather: 262144 Bytes -> Algo RING proto SIMPLE channel{Lo..Hi}={0..1}
[1,0]<stdout>:appmana-023:61108:61108 [0] NCCL INFO AllGather: 262144 Bytes -> Algo RING proto SIMPLE channel{Lo..Hi}={0..1}
[1,0]<stdout>:appmana-023:61108:61108 [0] NCCL INFO AllGather: 262144 Bytes -> Algo RING proto SIMPLE channel{Lo..Hi}={0..1}
[1,0]<stdout>:appmana-023:61108:61108 [0] NCCL INFO AllGather: 262144 Bytes -> Algo RING proto SIMPLE channel{Lo..Hi}={0..1}
[1,0]<stdout>:appmana-023:61108:61108 [0] NCCL INFO AllGather: 262144 Bytes -> Algo RING proto SIMPLE channel{Lo..Hi}={0..1}
[1,0]<stdout>:appmana-023:61108:61108 [0] NCCL INFO AllGather: 262144 Bytes -> Algo RING proto SIMPLE channel{Lo..Hi}={0..1}
[1,0]<stdout>:appmana-023:61108:61108 [0] NCCL INFO AllGather: 262144 Bytes -> Algo RING proto SIMPLE channel{Lo..Hi}={0..1}
[1,0]<stdout>:appmana-023:61108:61108 [0] NCCL INFO AllGather: 262144 Bytes -> Algo RING proto SIMPLE channel{Lo..Hi}={0..1}
[1,0]<stdout>:appmana-023:61108:61108 [0] NCCL INFO AllGather: 262144 Bytes -> Algo RING proto SIMPLE channel{Lo..Hi}={0..1}
[1,0]<stdout>:appmana-023:61108:61108 [0] NCCL INFO AllGather: 262144 Bytes -> Algo RING proto SIMPLE channel{Lo..Hi}={0..1}
[1,0]<stdout>:appmana-023:61108:61108 [0] NCCL INFO AllGather: 262144 Bytes -> Algo RING proto SIMPLE channel{Lo..Hi}={0..1}
[1,0]<stdout>:appmana-023:61108:61108 [0] NCCL INFO AllGather: 262144 Bytes -> Algo RING proto SIMPLE channel{Lo..Hi}={0..1}
[1,0]<stdout>:   241.94    2.17    1.08       0appmana-023:61108:61108 [0] NCCL INFO AllGather: 262144 Bytes -> Algo RING proto SIMPLE channel{Lo..Hi}={0..1}
[1,0]<stdout>:appmana-023:61108:61108 [0] NCCL INFO AllGather: 262144 Bytes -> Algo RING proto SIMPLE channel{Lo..Hi}={0..1}
[1,0]<stdout>:appmana-023:61108:61108 [0] NCCL INFO AllGather: 262144 Bytes -> Algo RING proto SIMPLE channel{Lo..Hi}={0..1}
[1,0]<stdout>:appmana-023:61108:61108 [0] NCCL INFO AllGather: 262144 Bytes -> Algo RING proto SIMPLE channel{Lo..Hi}={0..1}
[1,0]<stdout>:appmana-023:61108:61108 [0] NCCL INFO AllGather: 262144 Bytes -> Algo RING proto SIMPLE channel{Lo..Hi}={0..1}
[1,0]<stdout>:appmana-023:61108:61108 [0] NCCL INFO AllGather: 262144 Bytes -> Algo RING proto SIMPLE channel{Lo..Hi}={0..1}
[1,0]<stdout>:appmana-023:61108:61108 [0] NCCL INFO AllGather: 262144 Bytes -> Algo RING proto SIMPLE channel{Lo..Hi}={0..1}
[1,0]<stdout>:appmana-023:61108:61108 [0] NCCL INFO AllGather: 262144 Bytes -> Algo RING proto SIMPLE channel{Lo..Hi}={0..1}
[1,0]<stdout>:appmana-023:61108:61108 [0] NCCL INFO AllGather: 262144 Bytes -> Algo RING proto SIMPLE channel{Lo..Hi}={0..1}
[1,0]<stdout>:appmana-023:61108:61108 [0] NCCL INFO AllGather: 262144 Bytes -> Algo RING proto SIMPLE channel{Lo..Hi}={0..1}
[1,0]<stdout>:appmana-023:61108:61108 [0] NCCL INFO AllGather: 262144 Bytes -> Algo RING proto SIMPLE channel{Lo..Hi}={0..1}
[1,0]<stdout>:appmana-023:61108:61108 [0] NCCL INFO AllGather: 262144 Bytes -> Algo RING proto SIMPLE channel{Lo..Hi}={0..1}
[1,0]<stdout>:appmana-023:61108:61108 [0] NCCL INFO AllGather: 262144 Bytes -> Algo RING proto SIMPLE channel{Lo..Hi}={0..1}
[1,0]<stdout>:appmana-023:61108:61108 [0] NCCL INFO AllGather: 262144 Bytes -> Algo RING proto SIMPLE channel{Lo..Hi}={0..1}
[1,0]<stdout>:appmana-023:61108:61108 [0] NCCL INFO AllGather: 262144 Bytes -> Algo RING proto SIMPLE channel{Lo..Hi}={0..1}
[1,0]<stdout>:appmana-023:61108:61108 [0] NCCL INFO AllGather: 262144 Bytes -> Algo RING proto SIMPLE channel{Lo..Hi}={0..1}
[1,0]<stdout>:appmana-023:61108:61108 [0] NCCL INFO AllGather: 262144 Bytes -> Algo RING proto SIMPLE channel{Lo..Hi}={0..1}
[1,0]<stdout>:appmana-023:61108:61108 [0] NCCL INFO AllGather: 262144 Bytes -> Algo RING proto SIMPLE channel{Lo..Hi}={0..1}
[1,0]<stdout>:appmana-023:61108:61108 [0] NCCL INFO AllGather: 262144 Bytes -> Algo RING proto SIMPLE channel{Lo..Hi}={0..1}
[1,0]<stdout>:appmana-023:61108:61108 [0] NCCL INFO AllGather: 262144 Bytes -> Algo RING proto SIMPLE channel{Lo..Hi}={0..1}
[1,0]<stdout>:appmana-023:61108:61108 [0] NCCL INFO AllGather: 262144 Bytes -> Algo RING proto SIMPLE channel{Lo..Hi}={0..1}
[1,0]<stdout>:appmana-023:61108:61108 [0] NCCL INFO AllGather: 262144 Bytes -> Algo RING proto SIMPLE channel{Lo..Hi}={0..1}
[1,0]<stdout>:   239.37    2.19    1.10       0
[1,0]<stdout>:     1048576        131072     float    none      -1appmana-023:61108:61108 [0] NCCL INFO AllGather: 524288 Bytes -> Algo RING proto SIMPLE channel{Lo..Hi}={0..1}
[1,0]<stdout>:appmana-023:61108:61108 [0] NCCL INFO AllGather: 524288 Bytes -> Algo RING proto SIMPLE channel{Lo..Hi}={0..1}
[1,0]<stdout>:appmana-023:61108:61108 [0] NCCL INFO AllGather: 524288 Bytes -> Algo RING proto SIMPLE channel{Lo..Hi}={0..1}
[1,0]<stdout>:appmana-023:61108:61108 [0] NCCL INFO AllGather: 524288 Bytes -> Algo RING proto SIMPLE channel{Lo..Hi}={0..1}
[1,0]<stdout>:appmana-023:61108:61108 [0] NCCL INFO AllGather: 524288 Bytes -> Algo RING proto SIMPLE channel{Lo..Hi}={0..1}
[1,0]<stdout>:appmana-023:61108:61108 [0] NCCL INFO AllGather: 524288 Bytes -> Algo RING proto SIMPLE channel{Lo..Hi}={0..1}
[1,0]<stdout>:appmana-023:61108:61108 [0] NCCL INFO AllGather: 524288 Bytes -> Algo RING proto SIMPLE channel{Lo..Hi}={0..1}
[1,0]<stdout>:appmana-023:61108:61108 [0] NCCL INFO AllGather: 524288 Bytes -> Algo RING proto SIMPLE channel{Lo..Hi}={0..1}
[1,0]<stdout>:appmana-023:61108:61108 [0] NCCL INFO AllGather: 524288 Bytes -> Algo RING proto SIMPLE channel{Lo..Hi}={0..1}
[1,0]<stdout>:appmana-023:61108:61108 [0] NCCL INFO AllGather: 524288 Bytes -> Algo RING proto SIMPLE channel{Lo..Hi}={0..1}
[1,0]<stdout>:appmana-023:61108:61108 [0] NCCL INFO AllGather: 524288 Bytes -> Algo RING proto SIMPLE channel{Lo..Hi}={0..1}
[1,0]<stdout>:appmana-023:61108:61108 [0] NCCL INFO AllGather: 524288 Bytes -> Algo RING proto SIMPLE channel{Lo..Hi}={0..1}
[1,0]<stdout>:appmana-023:61108:61108 [0] NCCL INFO AllGather: 524288 Bytes -> Algo RING proto SIMPLE channel{Lo..Hi}={0..1}
[1,0]<stdout>:appmana-023:61108:61108 [0] NCCL INFO AllGather: 524288 Bytes -> Algo RING proto SIMPLE channel{Lo..Hi}={0..1}
[1,0]<stdout>:appmana-023:61108:61108 [0] NCCL INFO AllGather: 524288 Bytes -> Algo RING proto SIMPLE channel{Lo..Hi}={0..1}
[1,0]<stdout>:appmana-023:61108:61108 [0] NCCL INFO AllGather: 524288 Bytes -> Algo RING proto SIMPLE channel{Lo..Hi}={0..1}
[1,0]<stdout>:appmana-023:61108:61108 [0] NCCL INFO AllGather: 524288 Bytes -> Algo RING proto SIMPLE channel{Lo..Hi}={0..1}
[1,0]<stdout>:appmana-023:61108:61108 [0] NCCL INFO AllGather: 524288 Bytes -> Algo RING proto SIMPLE channel{Lo..Hi}={0..1}
[1,0]<stdout>:appmana-023:61108:61108 [0] NCCL INFO AllGather: 524288 Bytes -> Algo RING proto SIMPLE channel{Lo..Hi}={0..1}
[1,0]<stdout>:appmana-023:61108:61108 [0] NCCL INFO AllGather: 524288 Bytes -> Algo RING proto SIMPLE channel{Lo..Hi}={0..1}
[1,0]<stdout>:appmana-023:61108:61108 [0] NCCL INFO AllGather: 524288 Bytes -> Algo RING proto SIMPLE channel{Lo..Hi}={0..1}
[1,0]<stdout>:appmana-023:61108:61108 [0] NCCL INFO AllGather: 524288 Bytes -> Algo RING proto SIMPLE channel{Lo..Hi}={0..1}
[1,0]<stdout>:   412.15    2.54    1.27       0appmana-023:61108:61108 [0] NCCL INFO AllGather: 524288 Bytes -> Algo RING proto SIMPLE channel{Lo..Hi}={0..1}
[1,0]<stdout>:appmana-023:61108:61108 [0] NCCL INFO AllGather: 524288 Bytes -> Algo RING proto SIMPLE channel{Lo..Hi}={0..1}
[1,0]<stdout>:appmana-023:61108:61108 [0] NCCL INFO AllGather: 524288 Bytes -> Algo RING proto SIMPLE channel{Lo..Hi}={0..1}
[1,0]<stdout>:appmana-023:61108:61108 [0] NCCL INFO AllGather: 524288 Bytes -> Algo RING proto SIMPLE channel{Lo..Hi}={0..1}
[1,0]<stdout>:appmana-023:61108:61108 [0] NCCL INFO AllGather: 524288 Bytes -> Algo RING proto SIMPLE channel{Lo..Hi}={0..1}
[1,0]<stdout>:appmana-023:61108:61108 [0] NCCL INFO AllGather: 524288 Bytes -> Algo RING proto SIMPLE channel{Lo..Hi}={0..1}
[1,0]<stdout>:appmana-023:61108:61108 [0] NCCL INFO AllGather: 524288 Bytes -> Algo RING proto SIMPLE channel{Lo..Hi}={0..1}
[1,0]<stdout>:appmana-023:61108:61108 [0] NCCL INFO AllGather: 524288 Bytes -> Algo RING proto SIMPLE channel{Lo..Hi}={0..1}
[1,0]<stdout>:appmana-023:61108:61108 [0] NCCL INFO AllGather: 524288 Bytes -> Algo RING proto SIMPLE channel{Lo..Hi}={0..1}
[1,0]<stdout>:appmana-023:61108:61108 [0] NCCL INFO AllGather: 524288 Bytes -> Algo RING proto SIMPLE channel{Lo..Hi}={0..1}
[1,0]<stdout>:appmana-023:61108:61108 [0] NCCL INFO AllGather: 524288 Bytes -> Algo RING proto SIMPLE channel{Lo..Hi}={0..1}
[1,0]<stdout>:appmana-023:61108:61108 [0] NCCL INFO AllGather: 524288 Bytes -> Algo RING proto SIMPLE channel{Lo..Hi}={0..1}
[1,0]<stdout>:appmana-023:61108:61108 [0] NCCL INFO AllGather: 524288 Bytes -> Algo RING proto SIMPLE channel{Lo..Hi}={0..1}
[1,0]<stdout>:appmana-023:61108:61108 [0] NCCL INFO AllGather: 524288 Bytes -> Algo RING proto SIMPLE channel{Lo..Hi}={0..1}
[1,0]<stdout>:appmana-023:61108:61108 [0] NCCL INFO AllGather: 524288 Bytes -> Algo RING proto SIMPLE channel{Lo..Hi}={0..1}
[1,0]<stdout>:appmana-023:61108:61108 [0] NCCL INFO AllGather: 524288 Bytes -> Algo RING proto SIMPLE channel{Lo..Hi}={0..1}
[1,0]<stdout>:appmana-023:61108:61108 [0] NCCL INFO AllGather: 524288 Bytes -> Algo RING proto SIMPLE channel{Lo..Hi}={0..1}
[1,0]<stdout>:appmana-023:61108:61108 [0] NCCL INFO AllGather: 524288 Bytes -> Algo RING proto SIMPLE channel{Lo..Hi}={0..1}
[1,0]<stdout>:appmana-023:61108:61108 [0] NCCL INFO AllGather: 524288 Bytes -> Algo RING proto SIMPLE channel{Lo..Hi}={0..1}
[1,0]<stdout>:appmana-023:61108:61108 [0] NCCL INFO AllGather: 524288 Bytes -> Algo RING proto SIMPLE channel{Lo..Hi}={0..1}
[1,0]<stdout>:appmana-023:61108:61108 [0] NCCL INFO AllGather: 524288 Bytes -> Algo RING proto SIMPLE channel{Lo..Hi}={0..1}
[1,0]<stdout>:appmana-023:61108:61108 [0] NCCL INFO AllGather: 524288 Bytes -> Algo RING proto SIMPLE channel{Lo..Hi}={0..1}
[1,0]<stdout>:   421.34    2.49    1.24       0
[1,0]<stdout>:     2097152        262144     float    none      -1appmana-023:61108:61108 [0] NCCL INFO AllGather: 1048576 Bytes -> Algo RING proto SIMPLE channel{Lo..Hi}={0..1}
[1,0]<stdout>:appmana-023:61108:61108 [0] NCCL INFO AllGather: 1048576 Bytes -> Algo RING proto SIMPLE channel{Lo..Hi}={0..1}
[1,0]<stdout>:appmana-023:61108:61108 [0] NCCL INFO AllGather: 1048576 Bytes -> Algo RING proto SIMPLE channel{Lo..Hi}={0..1}
[1,0]<stdout>:appmana-023:61108:61108 [0] NCCL INFO AllGather: 1048576 Bytes -> Algo RING proto SIMPLE channel{Lo..Hi}={0..1}
[1,0]<stdout>:appmana-023:61108:61108 [0] NCCL INFO AllGather: 1048576 Bytes -> Algo RING proto SIMPLE channel{Lo..Hi}={0..1}
[1,0]<stdout>:appmana-023:61108:61108 [0] NCCL INFO AllGather: 1048576 Bytes -> Algo RING proto SIMPLE channel{Lo..Hi}={0..1}
[1,0]<stdout>:appmana-023:61108:61108 [0] NCCL INFO AllGather: 1048576 Bytes -> Algo RING proto SIMPLE channel{Lo..Hi}={0..1}
[1,0]<stdout>:appmana-023:61108:61108 [0] NCCL INFO AllGather: 1048576 Bytes -> Algo RING proto SIMPLE channel{Lo..Hi}={0..1}
[1,0]<stdout>:appmana-023:61108:61108 [0] NCCL INFO AllGather: 1048576 Bytes -> Algo RING proto SIMPLE channel{Lo..Hi}={0..1}
[1,0]<stdout>:appmana-023:61108:61108 [0] NCCL INFO AllGather: 1048576 Bytes -> Algo RING proto SIMPLE channel{Lo..Hi}={0..1}
[1,0]<stdout>:appmana-023:61108:61108 [0] NCCL INFO AllGather: 1048576 Bytes -> Algo RING proto SIMPLE channel{Lo..Hi}={0..1}
[1,0]<stdout>:appmana-023:61108:61108 [0] NCCL INFO AllGather: 1048576 Bytes -> Algo RING proto SIMPLE channel{Lo..Hi}={0..1}
[1,0]<stdout>:appmana-023:61108:61108 [0] NCCL INFO AllGather: 1048576 Bytes -> Algo RING proto SIMPLE channel{Lo..Hi}={0..1}
[1,0]<stdout>:appmana-023:61108:61108 [0] NCCL INFO AllGather: 1048576 Bytes -> Algo RING proto SIMPLE channel{Lo..Hi}={0..1}
[1,0]<stdout>:appmana-023:61108:61108 [0] NCCL INFO AllGather: 1048576 Bytes -> Algo RING proto SIMPLE channel{Lo..Hi}={0..1}
[1,0]<stdout>:appmana-023:61108:61108 [0] NCCL INFO AllGather: 1048576 Bytes -> Algo RING proto SIMPLE channel{Lo..Hi}={0..1}
[1,0]<stdout>:appmana-023:61108:61108 [0] NCCL INFO AllGather: 1048576 Bytes -> Algo RING proto SIMPLE channel{Lo..Hi}={0..1}
[1,0]<stdout>:appmana-023:61108:61108 [0] NCCL INFO AllGather: 1048576 Bytes -> Algo RING proto SIMPLE channel{Lo..Hi}={0..1}
[1,0]<stdout>:appmana-023:61108:61108 [0] NCCL INFO AllGather: 1048576 Bytes -> Algo RING proto SIMPLE channel{Lo..Hi}={0..1}
[1,0]<stdout>:appmana-023:61108:61108 [0] NCCL INFO AllGather: 1048576 Bytes -> Algo RING proto SIMPLE channel{Lo..Hi}={0..1}
[1,0]<stdout>:appmana-023:61108:61108 [0] NCCL INFO AllGather: 1048576 Bytes -> Algo RING proto SIMPLE channel{Lo..Hi}={0..1}
[1,0]<stdout>:appmana-023:61108:61108 [0] NCCL INFO AllGather: 1048576 Bytes -> Algo RING proto SIMPLE channel{Lo..Hi}={0..1}
[1,0]<stdout>:   790.03    2.65    1.33       0appmana-023:61108:61108 [0] NCCL INFO AllGather: 1048576 Bytes -> Algo RING proto SIMPLE channel{Lo..Hi}={0..1}
[1,0]<stdout>:appmana-023:61108:61108 [0] NCCL INFO AllGather: 1048576 Bytes -> Algo RING proto SIMPLE channel{Lo..Hi}={0..1}
[1,0]<stdout>:appmana-023:61108:61108 [0] NCCL INFO AllGather: 1048576 Bytes -> Algo RING proto SIMPLE channel{Lo..Hi}={0..1}
[1,0]<stdout>:appmana-023:61108:61108 [0] NCCL INFO AllGather: 1048576 Bytes -> Algo RING proto SIMPLE channel{Lo..Hi}={0..1}
[1,0]<stdout>:appmana-023:61108:61108 [0] NCCL INFO AllGather: 1048576 Bytes -> Algo RING proto SIMPLE channel{Lo..Hi}={0..1}
[1,0]<stdout>:appmana-023:61108:61108 [0] NCCL INFO AllGather: 1048576 Bytes -> Algo RING proto SIMPLE channel{Lo..Hi}={0..1}
[1,0]<stdout>:appmana-023:61108:61108 [0] NCCL INFO AllGather: 1048576 Bytes -> Algo RING proto SIMPLE channel{Lo..Hi}={0..1}
[1,0]<stdout>:appmana-023:61108:61108 [0] NCCL INFO AllGather: 1048576 Bytes -> Algo RING proto SIMPLE channel{Lo..Hi}={0..1}
[1,0]<stdout>:appmana-023:61108:61108 [0] NCCL INFO AllGather: 1048576 Bytes -> Algo RING proto SIMPLE channel{Lo..Hi}={0..1}
[1,0]<stdout>:appmana-023:61108:61108 [0] NCCL INFO AllGather: 1048576 Bytes -> Algo RING proto SIMPLE channel{Lo..Hi}={0..1}
[1,0]<stdout>:appmana-023:61108:61108 [0] NCCL INFO AllGather: 1048576 Bytes -> Algo RING proto SIMPLE channel{Lo..Hi}={0..1}
[1,0]<stdout>:appmana-023:61108:61108 [0] NCCL INFO AllGather: 1048576 Bytes -> Algo RING proto SIMPLE channel{Lo..Hi}={0..1}
[1,0]<stdout>:appmana-023:61108:61108 [0] NCCL INFO AllGather: 1048576 Bytes -> Algo RING proto SIMPLE channel{Lo..Hi}={0..1}
[1,0]<stdout>:appmana-023:61108:61108 [0] NCCL INFO AllGather: 1048576 Bytes -> Algo RING proto SIMPLE channel{Lo..Hi}={0..1}
[1,0]<stdout>:appmana-023:61108:61108 [0] NCCL INFO AllGather: 1048576 Bytes -> Algo RING proto SIMPLE channel{Lo..Hi}={0..1}
[1,0]<stdout>:appmana-023:61108:61108 [0] NCCL INFO AllGather: 1048576 Bytes -> Algo RING proto SIMPLE channel{Lo..Hi}={0..1}
[1,0]<stdout>:appmana-023:61108:61108 [0] NCCL INFO AllGather: 1048576 Bytes -> Algo RING proto SIMPLE channel{Lo..Hi}={0..1}
[1,0]<stdout>:appmana-023:61108:61108 [0] NCCL INFO AllGather: 1048576 Bytes -> Algo RING proto SIMPLE channel{Lo..Hi}={0..1}
[1,0]<stdout>:appmana-023:61108:61108 [0] NCCL INFO AllGather: 1048576 Bytes -> Algo RING proto SIMPLE channel{Lo..Hi}={0..1}
[1,0]<stdout>:appmana-023:61108:61108 [0] NCCL INFO AllGather: 1048576 Bytes -> Algo RING proto SIMPLE channel{Lo..Hi}={0..1}
[1,0]<stdout>:appmana-023:61108:61108 [0] NCCL INFO AllGather: 1048576 Bytes -> Algo RING proto SIMPLE channel{Lo..Hi}={0..1}
[1,0]<stdout>:appmana-023:61108:61108 [0] NCCL INFO AllGather: 1048576 Bytes -> Algo RING proto SIMPLE channel{Lo..Hi}={0..1}
[1,0]<stdout>:   794.01    2.64    1.32       0
[1,0]<stdout>:     4194304        524288     float    none      -1appmana-023:61108:61108 [0] NCCL INFO AllGather: 2097152 Bytes -> Algo RING proto SIMPLE channel{Lo..Hi}={0..1}
[1,0]<stdout>:appmana-023:61108:61108 [0] NCCL INFO AllGather: 2097152 Bytes -> Algo RING proto SIMPLE channel{Lo..Hi}={0..1}
[1,0]<stdout>:appmana-023:61108:61108 [0] NCCL INFO AllGather: 2097152 Bytes -> Algo RING proto SIMPLE channel{Lo..Hi}={0..1}
[1,0]<stdout>:appmana-023:61108:61108 [0] NCCL INFO AllGather: 2097152 Bytes -> Algo RING proto SIMPLE channel{Lo..Hi}={0..1}
[1,0]<stdout>:appmana-023:61108:61108 [0] NCCL INFO AllGather: 2097152 Bytes -> Algo RING proto SIMPLE channel{Lo..Hi}={0..1}
[1,0]<stdout>:appmana-023:61108:61108 [0] NCCL INFO AllGather: 2097152 Bytes -> Algo RING proto SIMPLE channel{Lo..Hi}={0..1}
[1,0]<stdout>:appmana-023:61108:61108 [0] NCCL INFO AllGather: 2097152 Bytes -> Algo RING proto SIMPLE channel{Lo..Hi}={0..1}
[1,0]<stdout>:appmana-023:61108:61108 [0] NCCL INFO AllGather: 2097152 Bytes -> Algo RING proto SIMPLE channel{Lo..Hi}={0..1}
[1,0]<stdout>:appmana-023:61108:61108 [0] NCCL INFO AllGather: 2097152 Bytes -> Algo RING proto SIMPLE channel{Lo..Hi}={0..1}
[1,0]<stdout>:appmana-023:61108:61108 [0] NCCL INFO AllGather: 2097152 Bytes -> Algo RING proto SIMPLE channel{Lo..Hi}={0..1}
[1,0]<stdout>:appmana-023:61108:61108 [0] NCCL INFO AllGather: 2097152 Bytes -> Algo RING proto SIMPLE channel{Lo..Hi}={0..1}
[1,0]<stdout>:appmana-023:61108:61108 [0] NCCL INFO AllGather: 2097152 Bytes -> Algo RING proto SIMPLE channel{Lo..Hi}={0..1}
[1,0]<stdout>:appmana-023:61108:61108 [0] NCCL INFO AllGather: 2097152 Bytes -> Algo RING proto SIMPLE channel{Lo..Hi}={0..1}
[1,0]<stdout>:appmana-023:61108:61108 [0] NCCL INFO AllGather: 2097152 Bytes -> Algo RING proto SIMPLE channel{Lo..Hi}={0..1}
[1,0]<stdout>:appmana-023:61108:61108 [0] NCCL INFO AllGather: 2097152 Bytes -> Algo RING proto SIMPLE channel{Lo..Hi}={0..1}
[1,0]<stdout>:appmana-023:61108:61108 [0] NCCL INFO AllGather: 2097152 Bytes -> Algo RING proto SIMPLE channel{Lo..Hi}={0..1}
[1,0]<stdout>:appmana-023:61108:61108 [0] NCCL INFO AllGather: 2097152 Bytes -> Algo RING proto SIMPLE channel{Lo..Hi}={0..1}
[1,0]<stdout>:appmana-023:61108:61108 [0] NCCL INFO AllGather: 2097152 Bytes -> Algo RING proto SIMPLE channel{Lo..Hi}={0..1}
[1,0]<stdout>:appmana-023:61108:61108 [0] NCCL INFO AllGather: 2097152 Bytes -> Algo RING proto SIMPLE channel{Lo..Hi}={0..1}
[1,0]<stdout>:appmana-023:61108:61108 [0] NCCL INFO AllGather: 2097152 Bytes -> Algo RING proto SIMPLE channel{Lo..Hi}={0..1}
[1,0]<stdout>:appmana-023:61108:61108 [0] NCCL INFO AllGather: 2097152 Bytes -> Algo RING proto SIMPLE channel{Lo..Hi}={0..1}
[1,0]<stdout>:appmana-023:61108:61108 [0] NCCL INFO AllGather: 2097152 Bytes -> Algo RING proto SIMPLE channel{Lo..Hi}={0..1}
[1,0]<stdout>:  1371.99    3.06    1.53       0appmana-023:61108:61108 [0] NCCL INFO AllGather: 2097152 Bytes -> Algo RING proto SIMPLE channel{Lo..Hi}={0..1}
[1,0]<stdout>:appmana-023:61108:61108 [0] NCCL INFO AllGather: 2097152 Bytes -> Algo RING proto SIMPLE channel{Lo..Hi}={0..1}
[1,0]<stdout>:appmana-023:61108:61108 [0] NCCL INFO AllGather: 2097152 Bytes -> Algo RING proto SIMPLE channel{Lo..Hi}={0..1}
[1,0]<stdout>:appmana-023:61108:61108 [0] NCCL INFO AllGather: 2097152 Bytes -> Algo RING proto SIMPLE channel{Lo..Hi}={0..1}
[1,0]<stdout>:appmana-023:61108:61108 [0] NCCL INFO AllGather: 2097152 Bytes -> Algo RING proto SIMPLE channel{Lo..Hi}={0..1}
[1,0]<stdout>:appmana-023:61108:61108 [0] NCCL INFO AllGather: 2097152 Bytes -> Algo RING proto SIMPLE channel{Lo..Hi}={0..1}
[1,0]<stdout>:appmana-023:61108:61108 [0] NCCL INFO AllGather: 2097152 Bytes -> Algo RING proto SIMPLE channel{Lo..Hi}={0..1}
[1,0]<stdout>:appmana-023:61108:61108 [0] NCCL INFO AllGather: 2097152 Bytes -> Algo RING proto SIMPLE channel{Lo..Hi}={0..1}
[1,0]<stdout>:appmana-023:61108:61108 [0] NCCL INFO AllGather: 2097152 Bytes -> Algo RING proto SIMPLE channel{Lo..Hi}={0..1}
[1,0]<stdout>:appmana-023:61108:61108 [0] NCCL INFO AllGather: 2097152 Bytes -> Algo RING proto SIMPLE channel{Lo..Hi}={0..1}
[1,0]<stdout>:appmana-023:61108:61108 [0] NCCL INFO AllGather: 2097152 Bytes -> Algo RING proto SIMPLE channel{Lo..Hi}={0..1}
[1,0]<stdout>:appmana-023:61108:61108 [0] NCCL INFO AllGather: 2097152 Bytes -> Algo RING proto SIMPLE channel{Lo..Hi}={0..1}
[1,0]<stdout>:appmana-023:61108:61108 [0] NCCL INFO AllGather: 2097152 Bytes -> Algo RING proto SIMPLE channel{Lo..Hi}={0..1}
[1,0]<stdout>:appmana-023:61108:61108 [0] NCCL INFO AllGather: 2097152 Bytes -> Algo RING proto SIMPLE channel{Lo..Hi}={0..1}
[1,0]<stdout>:appmana-023:61108:61108 [0] NCCL INFO AllGather: 2097152 Bytes -> Algo RING proto SIMPLE channel{Lo..Hi}={0..1}
[1,0]<stdout>:appmana-023:61108:61108 [0] NCCL INFO AllGather: 2097152 Bytes -> Algo RING proto SIMPLE channel{Lo..Hi}={0..1}
[1,0]<stdout>:appmana-023:61108:61108 [0] NCCL INFO AllGather: 2097152 Bytes -> Algo RING proto SIMPLE channel{Lo..Hi}={0..1}
[1,0]<stdout>:appmana-023:61108:61108 [0] NCCL INFO AllGather: 2097152 Bytes -> Algo RING proto SIMPLE channel{Lo..Hi}={0..1}
[1,0]<stdout>:appmana-023:61108:61108 [0] NCCL INFO AllGather: 2097152 Bytes -> Algo RING proto SIMPLE channel{Lo..Hi}={0..1}
[1,0]<stdout>:appmana-023:61108:61108 [0] NCCL INFO AllGather: 2097152 Bytes -> Algo RING proto SIMPLE channel{Lo..Hi}={0..1}
[1,0]<stdout>:appmana-023:61108:61108 [0] NCCL INFO AllGather: 2097152 Bytes -> Algo RING proto SIMPLE channel{Lo..Hi}={0..1}
[1,0]<stdout>:appmana-023:61108:61108 [0] NCCL INFO AllGather: 2097152 Bytes -> Algo RING proto SIMPLE channel{Lo..Hi}={0..1}
[1,0]<stdout>:  1344.80    3.12    1.56       0
[1,0]<stdout>:     8388608       1048576     float    none      -1appmana-023:61108:61108 [0] NCCL INFO AllGather: 4194304 Bytes -> Algo RING proto SIMPLE channel{Lo..Hi}={0..1}
[1,0]<stdout>:appmana-023:61108:61108 [0] NCCL INFO AllGather: 4194304 Bytes -> Algo RING proto SIMPLE channel{Lo..Hi}={0..1}
[1,0]<stdout>:appmana-023:61108:61108 [0] NCCL INFO AllGather: 4194304 Bytes -> Algo RING proto SIMPLE channel{Lo..Hi}={0..1}
[1,0]<stdout>:appmana-023:61108:61108 [0] NCCL INFO AllGather: 4194304 Bytes -> Algo RING proto SIMPLE channel{Lo..Hi}={0..1}
[1,0]<stdout>:appmana-023:61108:61108 [0] NCCL INFO AllGather: 4194304 Bytes -> Algo RING proto SIMPLE channel{Lo..Hi}={0..1}
[1,0]<stdout>:appmana-023:61108:61108 [0] NCCL INFO AllGather: 4194304 Bytes -> Algo RING proto SIMPLE channel{Lo..Hi}={0..1}
[1,0]<stdout>:appmana-023:61108:61108 [0] NCCL INFO AllGather: 4194304 Bytes -> Algo RING proto SIMPLE channel{Lo..Hi}={0..1}
[1,0]<stdout>:appmana-023:61108:61108 [0] NCCL INFO AllGather: 4194304 Bytes -> Algo RING proto SIMPLE channel{Lo..Hi}={0..1}
[1,0]<stdout>:appmana-023:61108:61108 [0] NCCL INFO AllGather: 4194304 Bytes -> Algo RING proto SIMPLE channel{Lo..Hi}={0..1}
[1,0]<stdout>:appmana-023:61108:61108 [0] NCCL INFO AllGather: 4194304 Bytes -> Algo RING proto SIMPLE channel{Lo..Hi}={0..1}
[1,0]<stdout>:appmana-023:61108:61108 [0] NCCL INFO AllGather: 4194304 Bytes -> Algo RING proto SIMPLE channel{Lo..Hi}={0..1}
[1,0]<stdout>:appmana-023:61108:61108 [0] NCCL INFO AllGather: 4194304 Bytes -> Algo RING proto SIMPLE channel{Lo..Hi}={0..1}
[1,0]<stdout>:appmana-023:61108:61108 [0] NCCL INFO AllGather: 4194304 Bytes -> Algo RING proto SIMPLE channel{Lo..Hi}={0..1}
[1,0]<stdout>:appmana-023:61108:61108 [0] NCCL INFO AllGather: 4194304 Bytes -> Algo RING proto SIMPLE channel{Lo..Hi}={0..1}
[1,0]<stdout>:appmana-023:61108:61108 [0] NCCL INFO AllGather: 4194304 Bytes -> Algo RING proto SIMPLE channel{Lo..Hi}={0..1}
[1,0]<stdout>:appmana-023:61108:61108 [0] NCCL INFO AllGather: 4194304 Bytes -> Algo RING proto SIMPLE channel{Lo..Hi}={0..1}
[1,0]<stdout>:appmana-023:61108:61108 [0] NCCL INFO AllGather: 4194304 Bytes -> Algo RING proto SIMPLE channel{Lo..Hi}={0..1}
[1,0]<stdout>:appmana-023:61108:61108 [0] NCCL INFO AllGather: 4194304 Bytes -> Algo RING proto SIMPLE channel{Lo..Hi}={0..1}
[1,0]<stdout>:appmana-023:61108:61108 [0] NCCL INFO AllGather: 4194304 Bytes -> Algo RING proto SIMPLE channel{Lo..Hi}={0..1}
[1,0]<stdout>:appmana-023:61108:61108 [0] NCCL INFO AllGather: 4194304 Bytes -> Algo RING proto SIMPLE channel{Lo..Hi}={0..1}
[1,0]<stdout>:appmana-023:61108:61108 [0] NCCL INFO AllGather: 4194304 Bytes -> Algo RING proto SIMPLE channel{Lo..Hi}={0..1}
[1,0]<stdout>:appmana-023:61108:61108 [0] NCCL INFO AllGather: 4194304 Bytes -> Algo RING proto SIMPLE channel{Lo..Hi}={0..1}
[1,0]<stdout>:  2613.43    3.21    1.60       0appmana-023:61108:61108 [0] NCCL INFO AllGather: 4194304 Bytes -> Algo RING proto SIMPLE channel{Lo..Hi}={0..1}
[1,0]<stdout>:appmana-023:61108:61108 [0] NCCL INFO AllGather: 4194304 Bytes -> Algo RING proto SIMPLE channel{Lo..Hi}={0..1}
[1,0]<stdout>:appmana-023:61108:61108 [0] NCCL INFO AllGather: 4194304 Bytes -> Algo RING proto SIMPLE channel{Lo..Hi}={0..1}
[1,0]<stdout>:appmana-023:61108:61108 [0] NCCL INFO AllGather: 4194304 Bytes -> Algo RING proto SIMPLE channel{Lo..Hi}={0..1}
[1,0]<stdout>:appmana-023:61108:61108 [0] NCCL INFO AllGather: 4194304 Bytes -> Algo RING proto SIMPLE channel{Lo..Hi}={0..1}
[1,0]<stdout>:appmana-023:61108:61108 [0] NCCL INFO AllGather: 4194304 Bytes -> Algo RING proto SIMPLE channel{Lo..Hi}={0..1}
[1,0]<stdout>:appmana-023:61108:61108 [0] NCCL INFO AllGather: 4194304 Bytes -> Algo RING proto SIMPLE channel{Lo..Hi}={0..1}
[1,0]<stdout>:appmana-023:61108:61108 [0] NCCL INFO AllGather: 4194304 Bytes -> Algo RING proto SIMPLE channel{Lo..Hi}={0..1}
[1,0]<stdout>:appmana-023:61108:61108 [0] NCCL INFO AllGather: 4194304 Bytes -> Algo RING proto SIMPLE channel{Lo..Hi}={0..1}
[1,0]<stdout>:appmana-023:61108:61108 [0] NCCL INFO AllGather: 4194304 Bytes -> Algo RING proto SIMPLE channel{Lo..Hi}={0..1}
[1,0]<stdout>:appmana-023:61108:61108 [0] NCCL INFO AllGather: 4194304 Bytes -> Algo RING proto SIMPLE channel{Lo..Hi}={0..1}
[1,0]<stdout>:appmana-023:61108:61108 [0] NCCL INFO AllGather: 4194304 Bytes -> Algo RING proto SIMPLE channel{Lo..Hi}={0..1}
[1,0]<stdout>:appmana-023:61108:61108 [0] NCCL INFO AllGather: 4194304 Bytes -> Algo RING proto SIMPLE channel{Lo..Hi}={0..1}
[1,0]<stdout>:appmana-023:61108:61108 [0] NCCL INFO AllGather: 4194304 Bytes -> Algo RING proto SIMPLE channel{Lo..Hi}={0..1}
[1,0]<stdout>:appmana-023:61108:61108 [0] NCCL INFO AllGather: 4194304 Bytes -> Algo RING proto SIMPLE channel{Lo..Hi}={0..1}
[1,0]<stdout>:appmana-023:61108:61108 [0] NCCL INFO AllGather: 4194304 Bytes -> Algo RING proto SIMPLE channel{Lo..Hi}={0..1}
[1,0]<stdout>:appmana-023:61108:61108 [0] NCCL INFO AllGather: 4194304 Bytes -> Algo RING proto SIMPLE channel{Lo..Hi}={0..1}
[1,0]<stdout>:appmana-023:61108:61108 [0] NCCL INFO AllGather: 4194304 Bytes -> Algo RING proto SIMPLE channel{Lo..Hi}={0..1}
[1,0]<stdout>:appmana-023:61108:61108 [0] NCCL INFO AllGather: 4194304 Bytes -> Algo RING proto SIMPLE channel{Lo..Hi}={0..1}
[1,0]<stdout>:appmana-023:61108:61108 [0] NCCL INFO AllGather: 4194304 Bytes -> Algo RING proto SIMPLE channel{Lo..Hi}={0..1}
[1,0]<stdout>:appmana-023:61108:61108 [0] NCCL INFO AllGather: 4194304 Bytes -> Algo RING proto SIMPLE channel{Lo..Hi}={0..1}
[1,0]<stdout>:appmana-023:61108:61108 [0] NCCL INFO AllGather: 4194304 Bytes -> Algo RING proto SIMPLE channel{Lo..Hi}={0..1}
[1,0]<stdout>:  2713.81    3.09    1.55       0
[1,0]<stdout>:    16777216       2097152     float    none      -1appmana-023:61108:61108 [0] NCCL INFO AllGather: 8388608 Bytes -> Algo RING proto SIMPLE channel{Lo..Hi}={0..1}
[1,0]<stdout>:appmana-023:61108:61108 [0] NCCL INFO AllGather: 8388608 Bytes -> Algo RING proto SIMPLE channel{Lo..Hi}={0..1}
[1,0]<stdout>:appmana-023:61108:61108 [0] NCCL INFO AllGather: 8388608 Bytes -> Algo RING proto SIMPLE channel{Lo..Hi}={0..1}
[1,0]<stdout>:appmana-023:61108:61108 [0] NCCL INFO AllGather: 8388608 Bytes -> Algo RING proto SIMPLE channel{Lo..Hi}={0..1}
[1,0]<stdout>:appmana-023:61108:61108 [0] NCCL INFO AllGather: 8388608 Bytes -> Algo RING proto SIMPLE channel{Lo..Hi}={0..1}
[1,0]<stdout>:appmana-023:61108:61108 [0] NCCL INFO AllGather: 8388608 Bytes -> Algo RING proto SIMPLE channel{Lo..Hi}={0..1}
[1,0]<stdout>:appmana-023:61108:61108 [0] NCCL INFO AllGather: 8388608 Bytes -> Algo RING proto SIMPLE channel{Lo..Hi}={0..1}
[1,0]<stdout>:appmana-023:61108:61108 [0] NCCL INFO AllGather: 8388608 Bytes -> Algo RING proto SIMPLE channel{Lo..Hi}={0..1}
[1,0]<stdout>:appmana-023:61108:61108 [0] NCCL INFO AllGather: 8388608 Bytes -> Algo RING proto SIMPLE channel{Lo..Hi}={0..1}
[1,0]<stdout>:appmana-023:61108:61108 [0] NCCL INFO AllGather: 8388608 Bytes -> Algo RING proto SIMPLE channel{Lo..Hi}={0..1}
[1,0]<stdout>:appmana-023:61108:61108 [0] NCCL INFO AllGather: 8388608 Bytes -> Algo RING proto SIMPLE channel{Lo..Hi}={0..1}
[1,0]<stdout>:appmana-023:61108:61108 [0] NCCL INFO AllGather: 8388608 Bytes -> Algo RING proto SIMPLE channel{Lo..Hi}={0..1}
[1,0]<stdout>:appmana-023:61108:61108 [0] NCCL INFO AllGather: 8388608 Bytes -> Algo RING proto SIMPLE channel{Lo..Hi}={0..1}
[1,0]<stdout>:appmana-023:61108:61108 [0] NCCL INFO AllGather: 8388608 Bytes -> Algo RING proto SIMPLE channel{Lo..Hi}={0..1}
[1,0]<stdout>:appmana-023:61108:61108 [0] NCCL INFO AllGather: 8388608 Bytes -> Algo RING proto SIMPLE channel{Lo..Hi}={0..1}
[1,0]<stdout>:appmana-023:61108:61108 [0] NCCL INFO AllGather: 8388608 Bytes -> Algo RING proto SIMPLE channel{Lo..Hi}={0..1}
[1,0]<stdout>:appmana-023:61108:61108 [0] NCCL INFO AllGather: 8388608 Bytes -> Algo RING proto SIMPLE channel{Lo..Hi}={0..1}
[1,0]<stdout>:appmana-023:61108:61108 [0] NCCL INFO AllGather: 8388608 Bytes -> Algo RING proto SIMPLE channel{Lo..Hi}={0..1}
[1,0]<stdout>:appmana-023:61108:61108 [0] NCCL INFO AllGather: 8388608 Bytes -> Algo RING proto SIMPLE channel{Lo..Hi}={0..1}
[1,0]<stdout>:appmana-023:61108:61108 [0] NCCL INFO AllGather: 8388608 Bytes -> Algo RING proto SIMPLE channel{Lo..Hi}={0..1}
[1,0]<stdout>:appmana-023:61108:61108 [0] NCCL INFO AllGather: 8388608 Bytes -> Algo RING proto SIMPLE channel{Lo..Hi}={0..1}
[1,0]<stdout>:appmana-023:61108:61108 [0] NCCL INFO AllGather: 8388608 Bytes -> Algo RING proto SIMPLE channel{Lo..Hi}={0..1}
[1,0]<stdout>:  5209.37    3.22    1.61       0appmana-023:61108:61108 [0] NCCL INFO AllGather: 8388608 Bytes -> Algo RING proto SIMPLE channel{Lo..Hi}={0..1}
[1,0]<stdout>:appmana-023:61108:61108 [0] NCCL INFO AllGather: 8388608 Bytes -> Algo RING proto SIMPLE channel{Lo..Hi}={0..1}
[1,0]<stdout>:appmana-023:61108:61108 [0] NCCL INFO AllGather: 8388608 Bytes -> Algo RING proto SIMPLE channel{Lo..Hi}={0..1}
[1,0]<stdout>:appmana-023:61108:61108 [0] NCCL INFO AllGather: 8388608 Bytes -> Algo RING proto SIMPLE channel{Lo..Hi}={0..1}
[1,0]<stdout>:appmana-023:61108:61108 [0] NCCL INFO AllGather: 8388608 Bytes -> Algo RING proto SIMPLE channel{Lo..Hi}={0..1}
[1,0]<stdout>:appmana-023:61108:61108 [0] NCCL INFO AllGather: 8388608 Bytes -> Algo RING proto SIMPLE channel{Lo..Hi}={0..1}
[1,0]<stdout>:appmana-023:61108:61108 [0] NCCL INFO AllGather: 8388608 Bytes -> Algo RING proto SIMPLE channel{Lo..Hi}={0..1}
[1,0]<stdout>:appmana-023:61108:61108 [0] NCCL INFO AllGather: 8388608 Bytes -> Algo RING proto SIMPLE channel{Lo..Hi}={0..1}
[1,0]<stdout>:appmana-023:61108:61108 [0] NCCL INFO AllGather: 8388608 Bytes -> Algo RING proto SIMPLE channel{Lo..Hi}={0..1}
[1,0]<stdout>:appmana-023:61108:61108 [0] NCCL INFO AllGather: 8388608 Bytes -> Algo RING proto SIMPLE channel{Lo..Hi}={0..1}
[1,0]<stdout>:appmana-023:61108:61108 [0] NCCL INFO AllGather: 8388608 Bytes -> Algo RING proto SIMPLE channel{Lo..Hi}={0..1}
[1,0]<stdout>:appmana-023:61108:61108 [0] NCCL INFO AllGather: 8388608 Bytes -> Algo RING proto SIMPLE channel{Lo..Hi}={0..1}
[1,0]<stdout>:appmana-023:61108:61108 [0] NCCL INFO AllGather: 8388608 Bytes -> Algo RING proto SIMPLE channel{Lo..Hi}={0..1}
[1,0]<stdout>:appmana-023:61108:61108 [0] NCCL INFO AllGather: 8388608 Bytes -> Algo RING proto SIMPLE channel{Lo..Hi}={0..1}
[1,0]<stdout>:appmana-023:61108:61108 [0] NCCL INFO AllGather: 8388608 Bytes -> Algo RING proto SIMPLE channel{Lo..Hi}={0..1}
[1,0]<stdout>:appmana-023:61108:61108 [0] NCCL INFO AllGather: 8388608 Bytes -> Algo RING proto SIMPLE channel{Lo..Hi}={0..1}
[1,0]<stdout>:appmana-023:61108:61108 [0] NCCL INFO AllGather: 8388608 Bytes -> Algo RING proto SIMPLE channel{Lo..Hi}={0..1}
[1,0]<stdout>:appmana-023:61108:61108 [0] NCCL INFO AllGather: 8388608 Bytes -> Algo RING proto SIMPLE channel{Lo..Hi}={0..1}
[1,0]<stdout>:appmana-023:61108:61108 [0] NCCL INFO AllGather: 8388608 Bytes -> Algo RING proto SIMPLE channel{Lo..Hi}={0..1}
[1,0]<stdout>:appmana-023:61108:61108 [0] NCCL INFO AllGather: 8388608 Bytes -> Algo RING proto SIMPLE channel{Lo..Hi}={0..1}
[1,0]<stdout>:appmana-023:61108:61108 [0] NCCL INFO AllGather: 8388608 Bytes -> Algo RING proto SIMPLE channel{Lo..Hi}={0..1}
[1,0]<stdout>:appmana-023:61108:61108 [0] NCCL INFO AllGather: 8388608 Bytes -> Algo RING proto SIMPLE channel{Lo..Hi}={0..1}
[1,0]<stdout>:  5106.60    3.29    1.64       0
[1,0]<stdout>:    33554432       4194304     float    none      -1appmana-023:61108:61108 [0] NCCL INFO AllGather: 16777216 Bytes -> Algo RING proto SIMPLE channel{Lo..Hi}={0..1}
[1,0]<stdout>:appmana-023:61108:61108 [0] NCCL INFO AllGather: 16777216 Bytes -> Algo RING proto SIMPLE channel{Lo..Hi}={0..1}
[1,0]<stdout>:appmana-023:61108:61108 [0] NCCL INFO AllGather: 16777216 Bytes -> Algo RING proto SIMPLE channel{Lo..Hi}={0..1}
[1,0]<stdout>:appmana-023:61108:61108 [0] NCCL INFO AllGather: 16777216 Bytes -> Algo RING proto SIMPLE channel{Lo..Hi}={0..1}
[1,0]<stdout>:appmana-023:61108:61108 [0] NCCL INFO AllGather: 16777216 Bytes -> Algo RING proto SIMPLE channel{Lo..Hi}={0..1}
[1,0]<stdout>:appmana-023:61108:61108 [0] NCCL INFO AllGather: 16777216 Bytes -> Algo RING proto SIMPLE channel{Lo..Hi}={0..1}
[1,0]<stdout>:appmana-023:61108:61108 [0] NCCL INFO AllGather: 16777216 Bytes -> Algo RING proto SIMPLE channel{Lo..Hi}={0..1}
[1,0]<stdout>:appmana-023:61108:61108 [0] NCCL INFO AllGather: 16777216 Bytes -> Algo RING proto SIMPLE channel{Lo..Hi}={0..1}
[1,0]<stdout>:appmana-023:61108:61108 [0] NCCL INFO AllGather: 16777216 Bytes -> Algo RING proto SIMPLE channel{Lo..Hi}={0..1}
[1,0]<stdout>:appmana-023:61108:61108 [0] NCCL INFO AllGather: 16777216 Bytes -> Algo RING proto SIMPLE channel{Lo..Hi}={0..1}
[1,0]<stdout>:appmana-023:61108:61108 [0] NCCL INFO AllGather: 16777216 Bytes -> Algo RING proto SIMPLE channel{Lo..Hi}={0..1}
[1,0]<stdout>:appmana-023:61108:61108 [0] NCCL INFO AllGather: 16777216 Bytes -> Algo RING proto SIMPLE channel{Lo..Hi}={0..1}
[1,0]<stdout>:appmana-023:61108:61108 [0] NCCL INFO AllGather: 16777216 Bytes -> Algo RING proto SIMPLE channel{Lo..Hi}={0..1}
[1,0]<stdout>:appmana-023:61108:61108 [0] NCCL INFO AllGather: 16777216 Bytes -> Algo RING proto SIMPLE channel{Lo..Hi}={0..1}
[1,0]<stdout>:appmana-023:61108:61108 [0] NCCL INFO AllGather: 16777216 Bytes -> Algo RING proto SIMPLE channel{Lo..Hi}={0..1}
[1,0]<stdout>:appmana-023:61108:61108 [0] NCCL INFO AllGather: 16777216 Bytes -> Algo RING proto SIMPLE channel{Lo..Hi}={0..1}
[1,0]<stdout>:appmana-023:61108:61108 [0] NCCL INFO AllGather: 16777216 Bytes -> Algo RING proto SIMPLE channel{Lo..Hi}={0..1}
[1,0]<stdout>:appmana-023:61108:61108 [0] NCCL INFO AllGather: 16777216 Bytes -> Algo RING proto SIMPLE channel{Lo..Hi}={0..1}
[1,0]<stdout>:appmana-023:61108:61108 [0] NCCL INFO AllGather: 16777216 Bytes -> Algo RING proto SIMPLE channel{Lo..Hi}={0..1}
[1,0]<stdout>:appmana-023:61108:61108 [0] NCCL INFO AllGather: 16777216 Bytes -> Algo RING proto SIMPLE channel{Lo..Hi}={0..1}
[1,0]<stdout>:appmana-023:61108:61108 [0] NCCL INFO AllGather: 16777216 Bytes -> Algo RING proto SIMPLE channel{Lo..Hi}={0..1}
[1,0]<stdout>:appmana-023:61108:61108 [0] NCCL INFO AllGather: 16777216 Bytes -> Algo RING proto SIMPLE channel{Lo..Hi}={0..1}
[1,0]<stdout>:  10278.5    3.26    1.63       0appmana-023:61108:61108 [0] NCCL INFO AllGather: 16777216 Bytes -> Algo RING proto SIMPLE channel{Lo..Hi}={0..1}
[1,0]<stdout>:appmana-023:61108:61108 [0] NCCL INFO AllGather: 16777216 Bytes -> Algo RING proto SIMPLE channel{Lo..Hi}={0..1}
[1,0]<stdout>:appmana-023:61108:61108 [0] NCCL INFO AllGather: 16777216 Bytes -> Algo RING proto SIMPLE channel{Lo..Hi}={0..1}
[1,0]<stdout>:appmana-023:61108:61108 [0] NCCL INFO AllGather: 16777216 Bytes -> Algo RING proto SIMPLE channel{Lo..Hi}={0..1}
[1,0]<stdout>:appmana-023:61108:61108 [0] NCCL INFO AllGather: 16777216 Bytes -> Algo RING proto SIMPLE channel{Lo..Hi}={0..1}
[1,0]<stdout>:appmana-023:61108:61108 [0] NCCL INFO AllGather: 16777216 Bytes -> Algo RING proto SIMPLE channel{Lo..Hi}={0..1}
[1,0]<stdout>:appmana-023:61108:61108 [0] NCCL INFO AllGather: 16777216 Bytes -> Algo RING proto SIMPLE channel{Lo..Hi}={0..1}
[1,0]<stdout>:appmana-023:61108:61108 [0] NCCL INFO AllGather: 16777216 Bytes -> Algo RING proto SIMPLE channel{Lo..Hi}={0..1}
[1,0]<stdout>:appmana-023:61108:61108 [0] NCCL INFO AllGather: 16777216 Bytes -> Algo RING proto SIMPLE channel{Lo..Hi}={0..1}
[1,0]<stdout>:appmana-023:61108:61108 [0] NCCL INFO AllGather: 16777216 Bytes -> Algo RING proto SIMPLE channel{Lo..Hi}={0..1}
[1,0]<stdout>:appmana-023:61108:61108 [0] NCCL INFO AllGather: 16777216 Bytes -> Algo RING proto SIMPLE channel{Lo..Hi}={0..1}
[1,0]<stdout>:appmana-023:61108:61108 [0] NCCL INFO AllGather: 16777216 Bytes -> Algo RING proto SIMPLE channel{Lo..Hi}={0..1}
[1,0]<stdout>:appmana-023:61108:61108 [0] NCCL INFO AllGather: 16777216 Bytes -> Algo RING proto SIMPLE channel{Lo..Hi}={0..1}
[1,0]<stdout>:appmana-023:61108:61108 [0] NCCL INFO AllGather: 16777216 Bytes -> Algo RING proto SIMPLE channel{Lo..Hi}={0..1}
[1,0]<stdout>:appmana-023:61108:61108 [0] NCCL INFO AllGather: 16777216 Bytes -> Algo RING proto SIMPLE channel{Lo..Hi}={0..1}
[1,0]<stdout>:appmana-023:61108:61108 [0] NCCL INFO AllGather: 16777216 Bytes -> Algo RING proto SIMPLE channel{Lo..Hi}={0..1}
[1,0]<stdout>:appmana-023:61108:61108 [0] NCCL INFO AllGather: 16777216 Bytes -> Algo RING proto SIMPLE channel{Lo..Hi}={0..1}
[1,0]<stdout>:appmana-023:61108:61108 [0] NCCL INFO AllGather: 16777216 Bytes -> Algo RING proto SIMPLE channel{Lo..Hi}={0..1}
[1,0]<stdout>:appmana-023:61108:61108 [0] NCCL INFO AllGather: 16777216 Bytes -> Algo RING proto SIMPLE channel{Lo..Hi}={0..1}
[1,0]<stdout>:appmana-023:61108:61108 [0] NCCL INFO AllGather: 16777216 Bytes -> Algo RING proto SIMPLE channel{Lo..Hi}={0..1}
[1,0]<stdout>:appmana-023:61108:61108 [0] NCCL INFO AllGather: 16777216 Bytes -> Algo RING proto SIMPLE channel{Lo..Hi}={0..1}
[1,0]<stdout>:appmana-023:61108:61108 [0] NCCL INFO AllGather: 16777216 Bytes -> Algo RING proto SIMPLE channel{Lo..Hi}={0..1}
[1,0]<stdout>:  10296.8    3.26    1.63       0
[1,0]<stdout>:    67108864       8388608     float    none      -1appmana-023:61108:61108 [0] NCCL INFO AllGather: 33554432 Bytes -> Algo RING proto SIMPLE channel{Lo..Hi}={0..1}
[1,0]<stdout>:appmana-023:61108:61108 [0] NCCL INFO AllGather: 33554432 Bytes -> Algo RING proto SIMPLE channel{Lo..Hi}={0..1}
[1,0]<stdout>:appmana-023:61108:61108 [0] NCCL INFO AllGather: 33554432 Bytes -> Algo RING proto SIMPLE channel{Lo..Hi}={0..1}
[1,0]<stdout>:appmana-023:61108:61108 [0] NCCL INFO AllGather: 33554432 Bytes -> Algo RING proto SIMPLE channel{Lo..Hi}={0..1}
[1,0]<stdout>:appmana-023:61108:61108 [0] NCCL INFO AllGather: 33554432 Bytes -> Algo RING proto SIMPLE channel{Lo..Hi}={0..1}
[1,0]<stdout>:appmana-023:61108:61108 [0] NCCL INFO AllGather: 33554432 Bytes -> Algo RING proto SIMPLE channel{Lo..Hi}={0..1}
[1,0]<stdout>:appmana-023:61108:61108 [0] NCCL INFO AllGather: 33554432 Bytes -> Algo RING proto SIMPLE channel{Lo..Hi}={0..1}
[1,0]<stdout>:appmana-023:61108:61108 [0] NCCL INFO AllGather: 33554432 Bytes -> Algo RING proto SIMPLE channel{Lo..Hi}={0..1}
[1,0]<stdout>:appmana-023:61108:61108 [0] NCCL INFO AllGather: 33554432 Bytes -> Algo RING proto SIMPLE channel{Lo..Hi}={0..1}
[1,0]<stdout>:appmana-023:61108:61108 [0] NCCL INFO AllGather: 33554432 Bytes -> Algo RING proto SIMPLE channel{Lo..Hi}={0..1}
[1,0]<stdout>:appmana-023:61108:61108 [0] NCCL INFO AllGather: 33554432 Bytes -> Algo RING proto SIMPLE channel{Lo..Hi}={0..1}
[1,0]<stdout>:appmana-023:61108:61108 [0] NCCL INFO AllGather: 33554432 Bytes -> Algo RING proto SIMPLE channel{Lo..Hi}={0..1}
[1,0]<stdout>:appmana-023:61108:61108 [0] NCCL INFO AllGather: 33554432 Bytes -> Algo RING proto SIMPLE channel{Lo..Hi}={0..1}
[1,0]<stdout>:appmana-023:61108:61108 [0] NCCL INFO AllGather: 33554432 Bytes -> Algo RING proto SIMPLE channel{Lo..Hi}={0..1}
[1,0]<stdout>:appmana-023:61108:61108 [0] NCCL INFO AllGather: 33554432 Bytes -> Algo RING proto SIMPLE channel{Lo..Hi}={0..1}
[1,0]<stdout>:appmana-023:61108:61108 [0] NCCL INFO AllGather: 33554432 Bytes -> Algo RING proto SIMPLE channel{Lo..Hi}={0..1}
[1,0]<stdout>:appmana-023:61108:61108 [0] NCCL INFO AllGather: 33554432 Bytes -> Algo RING proto SIMPLE channel{Lo..Hi}={0..1}
[1,0]<stdout>:appmana-023:61108:61108 [0] NCCL INFO AllGather: 33554432 Bytes -> Algo RING proto SIMPLE channel{Lo..Hi}={0..1}
[1,0]<stdout>:appmana-023:61108:61108 [0] NCCL INFO AllGather: 33554432 Bytes -> Algo RING proto SIMPLE channel{Lo..Hi}={0..1}
[1,0]<stdout>:appmana-023:61108:61108 [0] NCCL INFO AllGather: 33554432 Bytes -> Algo RING proto SIMPLE channel{Lo..Hi}={0..1}
[1,0]<stdout>:appmana-023:61108:61108 [0] NCCL INFO AllGather: 33554432 Bytes -> Algo RING proto SIMPLE channel{Lo..Hi}={0..1}
[1,0]<stdout>:appmana-023:61108:61108 [0] NCCL INFO AllGather: 33554432 Bytes -> Algo RING proto SIMPLE channel{Lo..Hi}={0..1}
[1,0]<stdout>:  20272.5    3.31    1.66       0appmana-023:61108:61108 [0] NCCL INFO AllGather: 33554432 Bytes -> Algo RING proto SIMPLE channel{Lo..Hi}={0..1}
[1,0]<stdout>:appmana-023:61108:61108 [0] NCCL INFO AllGather: 33554432 Bytes -> Algo RING proto SIMPLE channel{Lo..Hi}={0..1}
[1,0]<stdout>:appmana-023:61108:61108 [0] NCCL INFO AllGather: 33554432 Bytes -> Algo RING proto SIMPLE channel{Lo..Hi}={0..1}
[1,0]<stdout>:appmana-023:61108:61108 [0] NCCL INFO AllGather: 33554432 Bytes -> Algo RING proto SIMPLE channel{Lo..Hi}={0..1}
[1,0]<stdout>:appmana-023:61108:61108 [0] NCCL INFO AllGather: 33554432 Bytes -> Algo RING proto SIMPLE channel{Lo..Hi}={0..1}
[1,0]<stdout>:appmana-023:61108:61108 [0] NCCL INFO AllGather: 33554432 Bytes -> Algo RING proto SIMPLE channel{Lo..Hi}={0..1}
[1,0]<stdout>:appmana-023:61108:61108 [0] NCCL INFO AllGather: 33554432 Bytes -> Algo RING proto SIMPLE channel{Lo..Hi}={0..1}
[1,0]<stdout>:appmana-023:61108:61108 [0] NCCL INFO AllGather: 33554432 Bytes -> Algo RING proto SIMPLE channel{Lo..Hi}={0..1}
[1,0]<stdout>:appmana-023:61108:61108 [0] NCCL INFO AllGather: 33554432 Bytes -> Algo RING proto SIMPLE channel{Lo..Hi}={0..1}
[1,0]<stdout>:appmana-023:61108:61108 [0] NCCL INFO AllGather: 33554432 Bytes -> Algo RING proto SIMPLE channel{Lo..Hi}={0..1}
[1,0]<stdout>:appmana-023:61108:61108 [0] NCCL INFO AllGather: 33554432 Bytes -> Algo RING proto SIMPLE channel{Lo..Hi}={0..1}
[1,0]<stdout>:appmana-023:61108:61108 [0] NCCL INFO AllGather: 33554432 Bytes -> Algo RING proto SIMPLE channel{Lo..Hi}={0..1}
[1,0]<stdout>:appmana-023:61108:61108 [0] NCCL INFO AllGather: 33554432 Bytes -> Algo RING proto SIMPLE channel{Lo..Hi}={0..1}
[1,0]<stdout>:appmana-023:61108:61108 [0] NCCL INFO AllGather: 33554432 Bytes -> Algo RING proto SIMPLE channel{Lo..Hi}={0..1}
[1,0]<stdout>:appmana-023:61108:61108 [0] NCCL INFO AllGather: 33554432 Bytes -> Algo RING proto SIMPLE channel{Lo..Hi}={0..1}
[1,0]<stdout>:appmana-023:61108:61108 [0] NCCL INFO AllGather: 33554432 Bytes -> Algo RING proto SIMPLE channel{Lo..Hi}={0..1}
[1,0]<stdout>:appmana-023:61108:61108 [0] NCCL INFO AllGather: 33554432 Bytes -> Algo RING proto SIMPLE channel{Lo..Hi}={0..1}
[1,0]<stdout>:appmana-023:61108:61108 [0] NCCL INFO AllGather: 33554432 Bytes -> Algo RING proto SIMPLE channel{Lo..Hi}={0..1}
[1,0]<stdout>:appmana-023:61108:61108 [0] NCCL INFO AllGather: 33554432 Bytes -> Algo RING proto SIMPLE channel{Lo..Hi}={0..1}
[1,0]<stdout>:appmana-023:61108:61108 [0] NCCL INFO AllGather: 33554432 Bytes -> Algo RING proto SIMPLE channel{Lo..Hi}={0..1}
[1,0]<stdout>:appmana-023:61108:61108 [0] NCCL INFO AllGather: 33554432 Bytes -> Algo RING proto SIMPLE channel{Lo..Hi}={0..1}
[1,0]<stdout>:appmana-023:61108:61108 [0] NCCL INFO AllGather: 33554432 Bytes -> Algo RING proto SIMPLE channel{Lo..Hi}={0..1}
[1,0]<stdout>:  20522.0    3.27    1.64       0
[1,0]<stdout>:   134217728      16777216     float    none      -1appmana-023:61108:61108 [0] NCCL INFO AllGather: 67108864 Bytes -> Algo RING proto SIMPLE channel{Lo..Hi}={0..1}
[1,0]<stdout>:appmana-023:61108:61108 [0] NCCL INFO AllGather: 67108864 Bytes -> Algo RING proto SIMPLE channel{Lo..Hi}={0..1}
[1,0]<stdout>:appmana-023:61108:61108 [0] NCCL INFO AllGather: 67108864 Bytes -> Algo RING proto SIMPLE channel{Lo..Hi}={0..1}
[1,0]<stdout>:appmana-023:61108:61108 [0] NCCL INFO AllGather: 67108864 Bytes -> Algo RING proto SIMPLE channel{Lo..Hi}={0..1}
[1,0]<stdout>:appmana-023:61108:61108 [0] NCCL INFO AllGather: 67108864 Bytes -> Algo RING proto SIMPLE channel{Lo..Hi}={0..1}
[1,0]<stdout>:appmana-023:61108:61108 [0] NCCL INFO AllGather: 67108864 Bytes -> Algo RING proto SIMPLE channel{Lo..Hi}={0..1}
[1,0]<stdout>:appmana-023:61108:61108 [0] NCCL INFO AllGather: 67108864 Bytes -> Algo RING proto SIMPLE channel{Lo..Hi}={0..1}
[1,0]<stdout>:appmana-023:61108:61108 [0] NCCL INFO AllGather: 67108864 Bytes -> Algo RING proto SIMPLE channel{Lo..Hi}={0..1}
[1,0]<stdout>:appmana-023:61108:61108 [0] NCCL INFO AllGather: 67108864 Bytes -> Algo RING proto SIMPLE channel{Lo..Hi}={0..1}
[1,0]<stdout>:appmana-023:61108:61108 [0] NCCL INFO AllGather: 67108864 Bytes -> Algo RING proto SIMPLE channel{Lo..Hi}={0..1}
[1,0]<stdout>:appmana-023:61108:61108 [0] NCCL INFO AllGather: 67108864 Bytes -> Algo RING proto SIMPLE channel{Lo..Hi}={0..1}
[1,0]<stdout>:appmana-023:61108:61108 [0] NCCL INFO AllGather: 67108864 Bytes -> Algo RING proto SIMPLE channel{Lo..Hi}={0..1}
[1,0]<stdout>:appmana-023:61108:61108 [0] NCCL INFO AllGather: 67108864 Bytes -> Algo RING proto SIMPLE channel{Lo..Hi}={0..1}
[1,0]<stdout>:appmana-023:61108:61108 [0] NCCL INFO AllGather: 67108864 Bytes -> Algo RING proto SIMPLE channel{Lo..Hi}={0..1}
[1,0]<stdout>:appmana-023:61108:61108 [0] NCCL INFO AllGather: 67108864 Bytes -> Algo RING proto SIMPLE channel{Lo..Hi}={0..1}
[1,0]<stdout>:appmana-023:61108:61108 [0] NCCL INFO AllGather: 67108864 Bytes -> Algo RING proto SIMPLE channel{Lo..Hi}={0..1}
[1,0]<stdout>:appmana-023:61108:61108 [0] NCCL INFO AllGather: 67108864 Bytes -> Algo RING proto SIMPLE channel{Lo..Hi}={0..1}
[1,0]<stdout>:appmana-023:61108:61108 [0] NCCL INFO AllGather: 67108864 Bytes -> Algo RING proto SIMPLE channel{Lo..Hi}={0..1}
[1,0]<stdout>:appmana-023:61108:61108 [0] NCCL INFO AllGather: 67108864 Bytes -> Algo RING proto SIMPLE channel{Lo..Hi}={0..1}
[1,0]<stdout>:appmana-023:61108:61108 [0] NCCL INFO AllGather: 67108864 Bytes -> Algo RING proto SIMPLE channel{Lo..Hi}={0..1}
[1,0]<stdout>:appmana-023:61108:61108 [0] NCCL INFO AllGather: 67108864 Bytes -> Algo RING proto SIMPLE channel{Lo..Hi}={0..1}
[1,0]<stdout>:appmana-023:61108:61108 [0] NCCL INFO AllGather: 67108864 Bytes -> Algo RING proto SIMPLE channel{Lo..Hi}={0..1}
[1,0]<stdout>:  41241.0    3.25    1.63       0appmana-023:61108:61108 [0] NCCL INFO AllGather: 67108864 Bytes -> Algo RING proto SIMPLE channel{Lo..Hi}={0..1}
[1,0]<stdout>:appmana-023:61108:61108 [0] NCCL INFO AllGather: 67108864 Bytes -> Algo RING proto SIMPLE channel{Lo..Hi}={0..1}
[1,0]<stdout>:appmana-023:61108:61108 [0] NCCL INFO AllGather: 67108864 Bytes -> Algo RING proto SIMPLE channel{Lo..Hi}={0..1}
[1,0]<stdout>:appmana-023:61108:61108 [0] NCCL INFO AllGather: 67108864 Bytes -> Algo RING proto SIMPLE channel{Lo..Hi}={0..1}
[1,0]<stdout>:appmana-023:61108:61108 [0] NCCL INFO AllGather: 67108864 Bytes -> Algo RING proto SIMPLE channel{Lo..Hi}={0..1}
[1,0]<stdout>:appmana-023:61108:61108 [0] NCCL INFO AllGather: 67108864 Bytes -> Algo RING proto SIMPLE channel{Lo..Hi}={0..1}
[1,0]<stdout>:appmana-023:61108:61108 [0] NCCL INFO AllGather: 67108864 Bytes -> Algo RING proto SIMPLE channel{Lo..Hi}={0..1}
[1,0]<stdout>:appmana-023:61108:61108 [0] NCCL INFO AllGather: 67108864 Bytes -> Algo RING proto SIMPLE channel{Lo..Hi}={0..1}
[1,0]<stdout>:appmana-023:61108:61108 [0] NCCL INFO AllGather: 67108864 Bytes -> Algo RING proto SIMPLE channel{Lo..Hi}={0..1}
[1,0]<stdout>:appmana-023:61108:61108 [0] NCCL INFO AllGather: 67108864 Bytes -> Algo RING proto SIMPLE channel{Lo..Hi}={0..1}
[1,0]<stdout>:appmana-023:61108:61108 [0] NCCL INFO AllGather: 67108864 Bytes -> Algo RING proto SIMPLE channel{Lo..Hi}={0..1}
[1,0]<stdout>:appmana-023:61108:61108 [0] NCCL INFO AllGather: 67108864 Bytes -> Algo RING proto SIMPLE channel{Lo..Hi}={0..1}
[1,0]<stdout>:appmana-023:61108:61108 [0] NCCL INFO AllGather: 67108864 Bytes -> Algo RING proto SIMPLE channel{Lo..Hi}={0..1}
[1,0]<stdout>:appmana-023:61108:61108 [0] NCCL INFO AllGather: 67108864 Bytes -> Algo RING proto SIMPLE channel{Lo..Hi}={0..1}
[1,0]<stdout>:appmana-023:61108:61108 [0] NCCL INFO AllGather: 67108864 Bytes -> Algo RING proto SIMPLE channel{Lo..Hi}={0..1}
[1,0]<stdout>:appmana-023:61108:61108 [0] NCCL INFO AllGather: 67108864 Bytes -> Algo RING proto SIMPLE channel{Lo..Hi}={0..1}
[1,0]<stdout>:appmana-023:61108:61108 [0] NCCL INFO AllGather: 67108864 Bytes -> Algo RING proto SIMPLE channel{Lo..Hi}={0..1}
[1,0]<stdout>:appmana-023:61108:61108 [0] NCCL INFO AllGather: 67108864 Bytes -> Algo RING proto SIMPLE channel{Lo..Hi}={0..1}
[1,0]<stdout>:appmana-023:61108:61108 [0] NCCL INFO AllGather: 67108864 Bytes -> Algo RING proto SIMPLE channel{Lo..Hi}={0..1}
[1,0]<stdout>:appmana-023:61108:61108 [0] NCCL INFO AllGather: 67108864 Bytes -> Algo RING proto SIMPLE channel{Lo..Hi}={0..1}
[1,0]<stdout>:appmana-023:61108:61108 [0] NCCL INFO AllGather: 67108864 Bytes -> Algo RING proto SIMPLE channel{Lo..Hi}={0..1}
[1,0]<stdout>:appmana-023:61108:61108 [0] NCCL INFO AllGather: 67108864 Bytes -> Algo RING proto SIMPLE channel{Lo..Hi}={0..1}
[1,0]<stdout>:  41037.3    3.27    1.64       0
[1,0]<stdout>:   268435456      33554432     float    none      -1appmana-023:61108:61108 [0] NCCL INFO AllGather: 134217728 Bytes -> Algo RING proto SIMPLE channel{Lo..Hi}={0..1}
[1,0]<stdout>:appmana-023:61108:61108 [0] NCCL INFO AllGather: 134217728 Bytes -> Algo RING proto SIMPLE channel{Lo..Hi}={0..1}
[1,0]<stdout>:appmana-023:61108:61108 [0] NCCL INFO AllGather: 134217728 Bytes -> Algo RING proto SIMPLE channel{Lo..Hi}={0..1}
[1,0]<stdout>:appmana-023:61108:61108 [0] NCCL INFO AllGather: 134217728 Bytes -> Algo RING proto SIMPLE channel{Lo..Hi}={0..1}
[1,0]<stdout>:appmana-023:61108:61108 [0] NCCL INFO AllGather: 134217728 Bytes -> Algo RING proto SIMPLE channel{Lo..Hi}={0..1}
[1,0]<stdout>:appmana-023:61108:61108 [0] NCCL INFO AllGather: 134217728 Bytes -> Algo RING proto SIMPLE channel{Lo..Hi}={0..1}
[1,0]<stdout>:appmana-023:61108:61108 [0] NCCL INFO AllGather: 134217728 Bytes -> Algo RING proto SIMPLE channel{Lo..Hi}={0..1}
[1,0]<stdout>:appmana-023:61108:61108 [0] NCCL INFO AllGather: 134217728 Bytes -> Algo RING proto SIMPLE channel{Lo..Hi}={0..1}
[1,0]<stdout>:appmana-023:61108:61108 [0] NCCL INFO AllGather: 134217728 Bytes -> Algo RING proto SIMPLE channel{Lo..Hi}={0..1}
[1,0]<stdout>:appmana-023:61108:61108 [0] NCCL INFO AllGather: 134217728 Bytes -> Algo RING proto SIMPLE channel{Lo..Hi}={0..1}
[1,0]<stdout>:appmana-023:61108:61108 [0] NCCL INFO AllGather: 134217728 Bytes -> Algo RING proto SIMPLE channel{Lo..Hi}={0..1}
[1,0]<stdout>:appmana-023:61108:61108 [0] NCCL INFO AllGather: 134217728 Bytes -> Algo RING proto SIMPLE channel{Lo..Hi}={0..1}
[1,0]<stdout>:appmana-023:61108:61108 [0] NCCL INFO AllGather: 134217728 Bytes -> Algo RING proto SIMPLE channel{Lo..Hi}={0..1}
[1,0]<stdout>:appmana-023:61108:61108 [0] NCCL INFO AllGather: 134217728 Bytes -> Algo RING proto SIMPLE channel{Lo..Hi}={0..1}
[1,0]<stdout>:appmana-023:61108:61108 [0] NCCL INFO AllGather: 134217728 Bytes -> Algo RING proto SIMPLE channel{Lo..Hi}={0..1}
[1,0]<stdout>:appmana-023:61108:61108 [0] NCCL INFO AllGather: 134217728 Bytes -> Algo RING proto SIMPLE channel{Lo..Hi}={0..1}
[1,0]<stdout>:appmana-023:61108:61108 [0] NCCL INFO AllGather: 134217728 Bytes -> Algo RING proto SIMPLE channel{Lo..Hi}={0..1}
[1,0]<stdout>:appmana-023:61108:61108 [0] NCCL INFO AllGather: 134217728 Bytes -> Algo RING proto SIMPLE channel{Lo..Hi}={0..1}
[1,0]<stdout>:appmana-023:61108:61108 [0] NCCL INFO AllGather: 134217728 Bytes -> Algo RING proto SIMPLE channel{Lo..Hi}={0..1}
[1,0]<stdout>:appmana-023:61108:61108 [0] NCCL INFO AllGather: 134217728 Bytes -> Algo RING proto SIMPLE channel{Lo..Hi}={0..1}
[1,0]<stdout>:appmana-023:61108:61108 [0] NCCL INFO AllGather: 134217728 Bytes -> Algo RING proto SIMPLE channel{Lo..Hi}={0..1}
[1,0]<stdout>:appmana-023:61108:61108 [0] NCCL INFO AllGather: 134217728 Bytes -> Algo RING proto SIMPLE channel{Lo..Hi}={0..1}
[1,0]<stdout>:   523124    0.51    0.26       0appmana-023:61108:61108 [0] NCCL INFO AllGather: 134217728 Bytes -> Algo RING proto SIMPLE channel{Lo..Hi}={0..1}
[1,0]<stdout>:appmana-023:61108:61108 [0] NCCL INFO AllGather: 134217728 Bytes -> Algo RING proto SIMPLE channel{Lo..Hi}={0..1}
[1,0]<stdout>:appmana-023:61108:61108 [0] NCCL INFO AllGather: 134217728 Bytes -> Algo RING proto SIMPLE channel{Lo..Hi}={0..1}
[1,0]<stdout>:appmana-023:61108:61108 [0] NCCL INFO AllGather: 134217728 Bytes -> Algo RING proto SIMPLE channel{Lo..Hi}={0..1}
[1,0]<stdout>:appmana-023:61108:61108 [0] NCCL INFO AllGather: 134217728 Bytes -> Algo RING proto SIMPLE channel{Lo..Hi}={0..1}
[1,0]<stdout>:appmana-023:61108:61108 [0] NCCL INFO AllGather: 134217728 Bytes -> Algo RING proto SIMPLE channel{Lo..Hi}={0..1}
[1,0]<stdout>:appmana-023:61108:61108 [0] NCCL INFO AllGather: 134217728 Bytes -> Algo RING proto SIMPLE channel{Lo..Hi}={0..1}
[1,0]<stdout>:appmana-023:61108:61108 [0] NCCL INFO AllGather: 134217728 Bytes -> Algo RING proto SIMPLE channel{Lo..Hi}={0..1}
[1,0]<stdout>:appmana-023:61108:61108 [0] NCCL INFO AllGather: 134217728 Bytes -> Algo RING proto SIMPLE channel{Lo..Hi}={0..1}
[1,0]<stdout>:appmana-023:61108:61108 [0] NCCL INFO AllGather: 134217728 Bytes -> Algo RING proto SIMPLE channel{Lo..Hi}={0..1}
[1,0]<stdout>:appmana-023:61108:61108 [0] NCCL INFO AllGather: 134217728 Bytes -> Algo RING proto SIMPLE channel{Lo..Hi}={0..1}
[1,0]<stdout>:appmana-023:61108:61108 [0] NCCL INFO AllGather: 134217728 Bytes -> Algo RING proto SIMPLE channel{Lo..Hi}={0..1}
[1,0]<stdout>:appmana-023:61108:61108 [0] NCCL INFO AllGather: 134217728 Bytes -> Algo RING proto SIMPLE channel{Lo..Hi}={0..1}
[1,0]<stdout>:appmana-023:61108:61108 [0] NCCL INFO AllGather: 134217728 Bytes -> Algo RING proto SIMPLE channel{Lo..Hi}={0..1}
[1,0]<stdout>:appmana-023:61108:61108 [0] NCCL INFO AllGather: 134217728 Bytes -> Algo RING proto SIMPLE channel{Lo..Hi}={0..1}
[1,0]<stdout>:appmana-023:61108:61108 [0] NCCL INFO AllGather: 134217728 Bytes -> Algo RING proto SIMPLE channel{Lo..Hi}={0..1}
[1,0]<stdout>:appmana-023:61108:61108 [0] NCCL INFO AllGather: 134217728 Bytes -> Algo RING proto SIMPLE channel{Lo..Hi}={0..1}
[1,0]<stdout>:appmana-023:61108:61108 [0] NCCL INFO AllGather: 134217728 Bytes -> Algo RING proto SIMPLE channel{Lo..Hi}={0..1}
[1,0]<stdout>:appmana-023:61108:61108 [0] NCCL INFO AllGather: 134217728 Bytes -> Algo RING proto SIMPLE channel{Lo..Hi}={0..1}
[1,0]<stdout>:appmana-023:61108:61108 [0] NCCL INFO AllGather: 134217728 Bytes -> Algo RING proto SIMPLE channel{Lo..Hi}={0..1}
[1,0]<stdout>:appmana-023:61108:61108 [0] NCCL INFO AllGather: 134217728 Bytes -> Algo RING proto SIMPLE channel{Lo..Hi}={0..1}
[1,0]<stdout>:appmana-023:61108:61108 [0] NCCL INFO AllGather: 134217728 Bytes -> Algo RING proto SIMPLE channel{Lo..Hi}={0..1}
[1,0]<stdout>:  82434.5    3.26    1.63       0
[1,0]<stdout>:# Out of bounds values : 0 OK
[1,0]<stdout>:# Avg bus bandwidth    : 0.643239 
[1,0]<stdout>:#
[1,0]<stdout>:# Collective test concluded: all_gather_perf
[1,0]<stdout>:#
[1,0]<stdout>:
